sensor_id,hour_of_day,mean_flow_lpm,std_flow_lpm,max_flow_lpm,pct_time_flowing,expected_flow_lpm,deviation_from_expected,is_leak,leak_probability
sensor_flow_0,10,3.55,1.216,6.294,0.242,2.747,0.802,0,0.0
sensor_flow_0,4,0.0,1.132,2.615,0.151,0.111,-0.111,0,0.0
sensor_flow_0,23,0.0,0.795,2.069,0.015,0.356,-0.356,0,0.0
sensor_flow_0,5,0.065,0.625,1.757,0.191,0.122,-0.057,0,0.0
sensor_flow_0,21,6.999,1.237,10.609,0.919,6.417,0.582,0,0.0
sensor_flow_0,8,4.384,1.142,7.045,0.462,4.153,0.231,0,0.0
sensor_flow_0,13,2.828,0.847,4.832,0.177,2.108,0.72,0,0.0
sensor_flow_0,7,6.845,0.548,7.788,0.559,5.588,1.257,0,0.0
sensor_flow_0,9,4.352,0.408,5.334,0.731,4.929,-0.577,0,0.0
sensor_flow_0,19,4.369,1.19,7.717,0.403,5.688,-1.319,0,0.0
sensor_flow_0,9,3.574,0.632,4.793,0.488,4.349,-0.776,0,0.0
sensor_flow_0,6,4.64,1.308,7.55,0.483,5.075,-0.435,0,0.0
sensor_flow_0,0,1.896,1.31,5.065,0.229,0.396,1.5,0,0.0
sensor_flow_0,6,3.297,0.321,4.061,0.372,4.195,-0.898,0,0.0
sensor_flow_0,16,6.419,0.142,6.658,0.931,1.067,5.352,1,1.0
sensor_flow_0,16,2.476,1.438,4.697,0.292,2.296,0.18,0,0.0
sensor_flow_0,2,6.592,0.249,7.229,0.883,0.354,6.237,1,1.0
sensor_flow_0,7,7.139,0.424,8.018,0.765,7.295,-0.157,0,0.0
sensor_flow_0,18,18.546,0.253,19.161,0.904,6.92,11.626,1,1.0
sensor_flow_0,15,2.384,0.525,3.825,0.517,2.89,-0.506,0,0.0
sensor_flow_0,0,0.301,0.793,2.561,0.0,0.181,0.119,0,0.0
sensor_flow_0,12,4.004,1.416,7.511,0.166,2.961,1.043,0,0.0
sensor_flow_0,16,3.682,0.533,4.833,0.454,2.627,1.055,0,0.0
sensor_flow_0,9,3.605,0.969,5.306,0.14,4.024,-0.419,0,0.0
sensor_flow_0,6,5.964,0.558,6.941,0.439,5.528,0.436,0,0.0
sensor_flow_0,14,1.856,1.017,4.803,0.19,1.725,0.13,0,0.0
sensor_flow_0,0,0.0,1.037,1.646,0.036,0.143,-0.143,0,0.0
sensor_flow_0,9,9.181,0.608,10.95,0.993,8.188,0.992,0,0.0
sensor_flow_0,16,1.141,0.493,2.257,0.328,1.519,-0.378,0,0.0
sensor_flow_0,3,3.81,0.418,4.767,0.873,0.424,3.385,1,1.0
sensor_flow_0,17,1.779,1.45,4.919,0.251,2.56,-0.781,0,0.0
sensor_flow_0,0,0.0,1.467,2.646,0.0,0.199,-0.199,0,0.0
sensor_flow_0,19,8.107,0.413,8.76,0.84,8.736,-0.629,0,0.0
sensor_flow_0,22,0.0,0.579,1.354,0.148,0.17,-0.17,0,0.0
sensor_flow_0,0,10.12,0.451,11.349,0.932,0.139,9.981,1,1.0
sensor_flow_0,21,8.655,1.164,11.031,0.981,8.2,0.454,0,0.0
sensor_flow_0,5,1.232,0.697,2.482,0.012,0.12,1.111,0,0.0
sensor_flow_0,0,0.0,0.594,1.236,0.333,0.132,-0.132,0,0.0
sensor_flow_0,21,7.892,0.738,9.352,1.0,8.811,-0.918,0,0.0
sensor_flow_0,17,0.869,0.891,3.323,0.249,1.002,-0.133,0,0.0
sensor_flow_0,13,2.235,1.417,5.881,0.389,1.821,0.413,0,0.0
sensor_flow_0,4,0.0,0.772,2.21,0.056,0.489,-0.489,0,0.0
sensor_flow_0,18,7.963,0.666,9.841,0.78,8.68,-0.717,0,0.0
sensor_flow_0,16,2.904,1.207,4.999,0.414,2.293,0.612,0,0.0
sensor_flow_0,0,0.705,0.809,2.194,0.101,0.206,0.499,0,0.0
sensor_flow_0,3,0.821,0.311,1.742,0.253,0.225,0.596,0,0.0
sensor_flow_0,15,0.453,0.993,3.162,0.157,1.421,-0.968,0,0.0
sensor_flow_0,23,1.625,0.422,2.3,0.0,0.47,1.155,0,0.0
sensor_flow_0,2,11.226,0.139,11.528,0.929,0.495,10.731,1,1.0
sensor_flow_0,6,7.67,1.198,10.725,0.582,8.658,-0.987,0,0.0
sensor_flow_0,11,0.751,1.023,2.684,0.068,1.52,-0.769,0,0.0
sensor_flow_0,0,0.459,1.425,3.31,0.0,0.473,-0.014,0,0.0
sensor_flow_0,5,0.0,1.153,3.361,0.301,0.363,-0.363,0,0.0
sensor_flow_0,9,5.271,1.031,7.821,0.532,5.781,-0.51,0,0.0
sensor_flow_0,22,0.337,0.803,1.595,0.156,0.4,-0.063,0,0.0
sensor_flow_0,21,8.268,0.611,9.495,0.81,7.849,0.419,0,0.0
sensor_flow_0,18,7.14,1.292,10.071,0.519,6.918,0.222,0,0.0
sensor_flow_0,14,1.902,1.049,4.846,0.0,2.041,-0.139,0,0.0
sensor_flow_0,15,1.355,0.964,3.121,0.042,1.482,-0.128,0,0.0
sensor_flow_0,5,0.003,1.471,3.077,0.258,0.191,-0.187,0,0.0
sensor_flow_0,20,7.792,0.391,8.745,0.86,7.45,0.342,0,0.0
sensor_flow_0,23,0.388,0.606,1.76,0.021,0.286,0.102,0,0.0
sensor_flow_0,5,2.059,1.049,4.684,0.0,0.2,1.86,0,0.0
sensor_flow_0,0,11.746,0.552,13.092,0.928,0.425,11.321,1,1.0
sensor_flow_0,18,6.376,1.477,9.905,0.708,6.24,0.136,0,0.0
sensor_flow_0,5,0.434,0.702,2.499,0.039,0.15,0.283,0,0.0
sensor_flow_0,17,3.751,0.585,5.375,0.211,2.947,0.804,0,0.0
sensor_flow_0,10,1.803,0.673,3.143,0.331,2.148,-0.345,0,0.0
sensor_flow_0,2,0.503,0.495,1.733,0.096,0.134,0.369,0,0.0
sensor_flow_0,22,0.024,1.029,1.738,0.054,0.115,-0.092,0,0.0
sensor_flow_0,23,0.0,0.371,1.11,0.084,0.26,-0.26,0,0.0
sensor_flow_0,22,0.884,0.486,1.898,0.153,0.182,0.702,0,0.0
sensor_flow_0,0,0.0,1.3,2.341,0.25,0.197,-0.197,0,0.0
sensor_flow_0,1,0.519,0.981,2.113,0.234,0.383,0.135,0,0.0
sensor_flow_0,18,7.939,1.421,11.628,1.0,8.698,-0.76,0,0.0
sensor_flow_0,19,5.885,1.47,8.678,0.508,5.747,0.138,0,0.0
sensor_flow_0,15,1.332,0.686,2.971,0.389,1.845,-0.513,0,0.0
sensor_flow_0,8,6.692,0.501,8.132,0.732,5.967,0.725,0,0.0
sensor_flow_0,1,0.601,0.851,2.756,0.029,0.125,0.476,0,0.0
sensor_flow_0,8,5.701,0.303,6.476,0.942,6.075,-0.374,0,0.0
sensor_flow_0,3,0.075,0.443,1.184,0.119,0.11,-0.034,0,0.0
sensor_flow_0,9,5.776,0.679,7.11,0.573,5.854,-0.077,0,0.0
sensor_flow_0,23,0.0,0.667,1.037,0.144,0.274,-0.274,0,0.0
sensor_flow_0,4,11.72,0.533,13.079,0.882,0.272,11.447,1,1.0
sensor_flow_0,0,0.0,1.068,2.538,0.0,0.401,-0.401,0,0.0
sensor_flow_0,13,0.691,0.431,1.813,0.227,1.425,-0.735,0,0.0
sensor_flow_0,11,2.819,1.298,5.988,0.219,2.133,0.686,0,0.0
sensor_flow_0,3,3.527,0.552,5.024,0.982,0.07,3.457,1,1.0
sensor_flow_0,17,1.915,0.439,2.686,0.233,2.051,-0.136,0,0.0
sensor_flow_0,4,0.0,0.964,1.62,0.378,0.451,-0.451,0,0.0
sensor_flow_0,7,12.469,0.374,13.258,0.881,5.672,6.797,1,1.0
sensor_flow_0,18,6.312,1.304,9.095,0.774,7.178,-0.866,0,0.0
sensor_flow_0,15,7.946,0.186,8.497,0.908,2.133,5.814,1,1.0
sensor_flow_0,11,2.628,1.103,5.023,0.331,2.165,0.463,0,0.0
sensor_flow_0,1,0.0,1.208,3.254,0.0,0.03,-0.03,0,0.0
sensor_flow_0,16,0.816,1.301,4.378,0.1,2.008,-1.192,0,0.0
sensor_flow_0,7,6.922,1.123,9.679,0.84,7.563,-0.641,0,0.0
sensor_flow_0,4,10.597,0.572,11.74,0.979,0.147,10.449,1,1.0
sensor_flow_0,1,0.0,1.46,3.398,0.282,0.14,-0.14,0,0.0
sensor_flow_0,2,0.0,1.011,1.554,0.06,0.395,-0.395,0,0.0
sensor_flow_0,10,2.176,0.805,4.514,0.191,2.291,-0.115,0,0.0
sensor_flow_0,21,4.036,0.686,5.953,0.6,4.861,-0.825,0,0.0
sensor_flow_0,18,5.374,0.409,6.585,0.714,6.17,-0.796,0,0.0
sensor_flow_0,0,11.669,0.546,12.94,0.948,0.099,11.57,1,1.0
sensor_flow_0,0,0.0,1.084,2.259,0.03,0.328,-0.328,0,0.0
sensor_flow_0,22,1.188,0.838,2.968,0.0,0.252,0.936,0,0.0
sensor_flow_0,19,5.845,0.839,8.124,0.556,5.415,0.43,0,0.0
sensor_flow_0,0,0.294,0.961,2.944,0.0,0.01,0.285,0,0.0
sensor_flow_0,12,0.422,0.548,1.578,0.028,1.127,-0.704,0,0.0
sensor_flow_0,22,0.151,0.491,1.299,0.14,0.444,-0.293,0,0.0
sensor_flow_0,8,3.784,1.018,5.738,0.365,4.091,-0.308,0,0.0
sensor_flow_0,0,0.648,1.332,3.703,0.126,0.285,0.363,0,0.0
sensor_flow_0,18,9.449,1.414,12.739,0.887,8.8,0.649,0,0.0
sensor_flow_0,12,2.622,1.461,5.112,0.239,1.211,1.411,0,0.0
sensor_flow_0,1,0.791,1.07,2.713,0.081,0.41,0.381,0,0.0
sensor_flow_0,20,10.233,0.434,10.957,1.0,8.661,1.572,0,0.0
sensor_flow_0,3,5.919,0.587,7.243,0.901,0.091,5.827,1,1.0
sensor_flow_0,6,6.455,1.094,9.162,0.618,7.73,-1.275,0,0.0
sensor_flow_0,6,7.317,1.113,9.488,0.649,7.551,-0.234,0,0.0
sensor_flow_0,19,6.844,1.341,9.69,1.0,8.373,-1.529,0,0.0
sensor_flow_0,11,2.436,1.253,6.089,0.309,2.796,-0.36,0,0.0
sensor_flow_0,8,7.329,0.929,9.085,0.82,8.013,-0.684,0,0.0
sensor_flow_0,6,3.53,0.941,6.139,0.536,4.784,-1.254,0,0.0
sensor_flow_0,14,2.744,0.883,4.764,0.16,1.724,1.02,0,0.0
sensor_flow_0,13,3.672,1.227,6.709,0.194,2.743,0.929,0,0.0
sensor_flow_0,1,0.0,0.361,1.076,0.099,0.213,-0.213,0,0.0
sensor_flow_0,11,1.563,0.495,2.847,0.231,1.838,-0.275,0,0.0
sensor_flow_0,15,6.321,0.417,7.375,0.936,2.286,4.035,1,1.0
sensor_flow_0,20,7.421,0.535,8.499,0.821,7.633,-0.212,0,0.0
sensor_flow_0,4,0.0,0.793,1.795,0.182,0.025,-0.025,0,0.0
sensor_flow_0,7,5.232,0.874,7.059,0.459,4.026,1.206,0,0.0
sensor_flow_0,12,7.635,0.595,8.813,0.859,2.074,5.561,1,1.0
sensor_flow_0,4,1.125,0.852,2.816,0.061,0.19,0.935,0,0.0
sensor_flow_0,7,9.254,0.713,10.522,1.0,8.744,0.51,0,0.0
sensor_flow_0,15,1.933,0.634,3.763,0.348,2.128,-0.195,0,0.0
sensor_flow_0,11,0.778,1.127,3.971,0.0,1.152,-0.373,0,0.0
sensor_flow_0,2,0.0,0.453,1.207,0.104,0.175,-0.175,0,0.0
sensor_flow_0,1,1.388,0.463,2.622,0.0,0.336,1.052,0,0.0
sensor_flow_0,7,5.073,0.608,6.737,0.61,5.231,-0.158,0,0.0
sensor_flow_0,20,6.448,0.342,7.213,0.625,6.53,-0.082,0,0.0
sensor_flow_0,5,0.66,0.632,1.806,0.0,0.179,0.481,0,0.0
sensor_flow_0,3,0.736,0.454,1.441,0.051,0.172,0.564,0,0.0
sensor_flow_0,4,0.155,1.159,1.94,0.034,0.359,-0.204,0,0.0
sensor_flow_0,8,12.757,0.12,13.026,0.97,4.975,7.782,1,1.0
sensor_flow_0,20,8.036,1.488,10.55,0.724,7.754,0.283,0,0.0
sensor_flow_0,17,1.5,0.754,3.494,0.563,1.726,-0.227,0,0.0
sensor_flow_0,1,0.471,1.067,3.129,0.045,0.269,0.203,0,0.0
sensor_flow_0,6,5.698,0.782,7.875,0.667,4.851,0.847,0,0.0
sensor_flow_0,0,0.0,1.247,2.127,0.358,0.273,-0.273,0,0.0
sensor_flow_0,18,5.362,0.771,7.208,0.718,5.19,0.172,0,0.0
sensor_flow_0,0,0.044,0.806,2.443,0.166,0.135,-0.091,0,0.0
sensor_flow_0,2,4.209,0.584,5.744,0.952,0.283,3.926,1,1.0
sensor_flow_0,1,0.408,1.34,3.615,0.0,0.09,0.319,0,0.0
sensor_flow_0,16,1.336,1.172,4.177,0.397,1.314,0.022,0,0.0
sensor_flow_0,1,0.085,1.326,3.554,0.108,0.164,-0.079,0,0.0
sensor_flow_0,15,1.592,1.02,3.748,0.247,2.119,-0.527,0,0.0
sensor_flow_0,3,0.518,1.238,2.42,0.0,0.14,0.378,0,0.0
sensor_flow_0,4,0.353,1.288,3.417,0.0,0.394,-0.042,0,0.0
sensor_flow_0,0,2.006,1.251,5.564,0.0,0.474,1.532,0,0.0
sensor_flow_0,23,0.099,1.185,3.434,0.03,0.192,-0.093,0,0.0
sensor_flow_0,1,1.05,0.377,1.666,0.168,0.478,0.571,0,0.0
sensor_flow_0,17,3.116,1.078,5.015,0.462,2.136,0.98,0,0.0
sensor_flow_0,13,1.51,1.019,3.95,0.189,1.358,0.152,0,0.0
sensor_flow_0,16,2.21,1.472,4.749,0.366,2.619,-0.409,0,0.0
sensor_flow_0,6,6.799,1.359,9.353,0.997,6.987,-0.188,0,0.0
sensor_flow_0,3,0.201,1.324,2.321,0.0,0.103,0.097,0,0.0
sensor_flow_0,12,1.312,1.078,4.344,0.222,1.181,0.132,0,0.0
sensor_flow_0,11,1.395,0.665,3.082,0.12,1.033,0.363,0,0.0
sensor_flow_0,14,2.77,1.061,5.158,0.19,1.982,0.789,0,0.0
sensor_flow_0,4,8.463,0.488,9.77,0.855,0.076,8.387,1,1.0
sensor_flow_0,1,0.539,0.444,1.406,0.0,0.376,0.163,0,0.0
sensor_flow_0,16,1.43,1.382,4.217,0.115,1.639,-0.209,0,0.0
sensor_flow_0,8,6.036,0.831,7.743,0.369,5.195,0.842,0,0.0
sensor_flow_0,22,0.0,0.818,1.883,0.0,0.25,-0.25,0,0.0
sensor_flow_0,22,0.034,1.197,2.447,0.062,0.434,-0.4,0,0.0
sensor_flow_0,5,1.214,1.455,4.163,0.033,0.22,0.994,0,0.0
sensor_flow_0,20,6.076,1.271,8.398,0.797,5.406,0.669,0,0.0
sensor_flow_0,14,1.502,0.466,2.249,0.258,1.036,0.466,0,0.0
sensor_flow_0,6,8.483,1.168,10.511,0.798,7.93,0.553,0,0.0
sensor_flow_0,18,4.407,1.464,7.42,0.491,5.476,-1.069,0,0.0
sensor_flow_0,5,8.892,0.222,9.459,0.906,0.325,8.566,1,1.0
sensor_flow_0,16,1.779,0.907,4.38,0.417,2.115,-0.336,0,0.0
sensor_flow_0,18,9.094,0.368,9.689,1.0,8.33,0.764,0,0.0
sensor_flow_0,12,0.709,1.05,3.182,0.052,1.063,-0.354,0,0.0
sensor_flow_0,7,6.924,0.637,7.91,0.731,8.133,-1.209,0,0.0
sensor_flow_0,15,2.08,0.47,3.086,0.0,1.773,0.307,0,0.0
sensor_flow_0,19,7.226,1.071,9.228,0.674,8.181,-0.954,0,0.0
sensor_flow_0,22,3.324,0.453,4.376,0.868,0.244,3.08,1,1.0
sensor_flow_0,20,4.732,1.368,8.783,0.41,4.161,0.571,0,0.0
sensor_flow_0,16,2.505,1.153,4.759,0.372,2.689,-0.184,0,0.0
sensor_flow_0,6,9.774,0.929,12.32,0.936,8.543,1.231,0,0.0
sensor_flow_0,23,6.04,0.559,7.622,0.91,0.012,6.028,1,1.0
sensor_flow_0,7,5.934,0.733,7.155,0.708,5.444,0.49,0,0.0
sensor_flow_0,11,2.28,0.669,3.55,0.0,1.279,1.002,0,0.0
sensor_flow_0,2,0.0,0.997,2.673,0.0,0.496,-0.496,0,0.0
sensor_flow_0,9,8.074,1.494,12.185,0.968,8.181,-0.107,0,0.0
sensor_flow_0,22,0.091,0.534,1.179,0.0,0.458,-0.368,0,0.0
sensor_flow_0,20,6.154,0.559,7.55,0.845,6.981,-0.827,0,0.0
sensor_flow_0,3,1.349,1.126,3.604,0.0,0.371,0.978,0,0.0
sensor_flow_0,16,0.62,0.549,1.519,0.197,1.933,-1.314,0,0.0
sensor_flow_0,13,2.081,1.095,4.088,0.283,2.64,-0.559,0,0.0
sensor_flow_0,6,6.369,0.765,8.63,0.486,5.113,1.256,0,0.0
sensor_flow_0,9,5.735,1.176,7.855,0.821,6.601,-0.866,0,0.0
sensor_flow_0,7,6.168,1.481,9.495,1.0,6.245,-0.077,0,0.0
sensor_flow_0,19,6.301,0.981,9.026,0.386,6.168,0.133,0,0.0
sensor_flow_0,11,1.135,0.718,3.246,0.324,2.218,-1.083,0,0.0
sensor_flow_0,16,2.07,0.412,2.948,0.331,2.22,-0.151,0,0.0
sensor_flow_0,6,16.196,0.348,16.882,0.944,6.937,9.259,1,1.0
sensor_flow_0,22,0.0,1.111,2.863,0.0,0.218,-0.218,0,0.0
sensor_flow_0,3,1.065,0.435,1.947,0.0,0.119,0.946,0,0.0
sensor_flow_0,16,2.335,0.854,3.911,0.0,2.945,-0.61,0,0.0
sensor_flow_0,12,2.724,1.114,5.217,0.0,1.815,0.909,0,0.0
sensor_flow_0,5,0.0,0.664,1.67,0.007,0.306,-0.306,0,0.0
sensor_flow_0,9,4.066,1.497,7.424,0.741,4.124,-0.058,0,0.0
sensor_flow_0,13,0.282,0.781,2.336,0.0,1.072,-0.791,0,0.0
sensor_flow_0,18,10.077,1.205,12.724,1.0,8.925,1.152,0,0.0
sensor_flow_0,2,0.0,0.475,0.888,0.084,0.26,-0.26,0,0.0
sensor_flow_0,7,4.77,1.455,7.721,0.718,5.468,-0.698,0,0.0
sensor_flow_0,0,1.049,0.595,2.784,0.0,0.422,0.627,0,0.0
sensor_flow_0,0,0.0,0.308,0.914,0.0,0.19,-0.19,0,0.0
sensor_flow_0,23,0.0,0.693,1.755,0.277,0.392,-0.392,0,0.0
sensor_flow_0,23,1.062,1.23,3.627,0.0,0.025,1.038,0,0.0
sensor_flow_0,22,0.526,0.439,1.422,0.11,0.396,0.13,0,0.0
sensor_flow_0,1,0.0,0.654,1.01,0.141,0.342,-0.342,0,0.0
sensor_flow_0,18,6.694,0.737,8.717,0.917,5.87,0.824,0,0.0
sensor_flow_0,6,4.813,1.234,7.051,0.764,5.208,-0.395,0,0.0
sensor_flow_0,8,9.098,1.482,12.889,1.0,8.5,0.598,0,0.0
sensor_flow_0,12,2.042,0.864,4.513,0.368,2.7,-0.658,0,0.0
sensor_flow_0,7,4.769,1.046,6.408,0.672,4.322,0.447,0,0.0
sensor_flow_0,20,14.102,0.563,15.784,0.992,8.28,5.822,1,1.0
sensor_flow_0,10,1.699,1.347,4.537,0.064,1.355,0.344,0,0.0
sensor_flow_0,11,0.814,1.144,2.805,0.018,1.159,-0.345,0,0.0
sensor_flow_0,12,1.444,0.414,2.293,0.045,1.203,0.241,0,0.0
sensor_flow_0,9,5.353,0.858,7.836,0.312,5.224,0.129,0,0.0
sensor_flow_0,13,1.972,0.605,3.035,0.472,2.285,-0.313,0,0.0
sensor_flow_0,8,8.127,1.232,11.343,1.0,8.706,-0.579,0,0.0
sensor_flow_0,3,0.65,0.936,2.137,0.0,0.068,0.582,0,0.0
sensor_flow_0,6,2.02,0.754,3.894,0.35,4.257,-2.237,0,0.0
sensor_flow_0,3,0.0,0.674,1.016,0.0,0.21,-0.21,0,0.0
sensor_flow_0,19,8.245,0.992,10.975,0.84,8.181,0.065,0,0.0
sensor_flow_0,23,0.0,0.716,1.812,0.0,0.011,-0.011,0,0.0
sensor_flow_0,16,1.879,1.027,3.85,0.27,1.621,0.258,0,0.0
sensor_flow_0,3,0.382,0.615,2.058,0.0,0.315,0.067,0,0.0
sensor_flow_0,10,2.608,0.401,3.792,0.187,2.53,0.078,0,0.0
sensor_flow_0,12,1.229,0.703,2.773,0.23,1.435,-0.205,0,0.0
sensor_flow_0,13,2.484,0.874,4.957,0.183,1.838,0.646,0,0.0
sensor_flow_0,8,13.864,0.522,14.813,0.933,5.199,8.665,1,1.0
sensor_flow_0,19,8.441,1.336,11.784,0.74,7.707,0.734,0,0.0
sensor_flow_0,4,0.945,1.152,3.518,0.0,0.331,0.613,0,0.0
sensor_flow_0,15,1.045,0.711,2.374,0.385,1.253,-0.208,0,0.0
sensor_flow_0,14,2.9,1.184,6.41,0.256,2.72,0.18,0,0.0
sensor_flow_0,23,8.145,0.202,8.684,0.941,0.028,8.117,1,1.0
sensor_flow_0,13,2.723,0.896,4.853,0.523,1.881,0.841,0,0.0
sensor_flow_0,3,0.0,0.635,1.446,0.02,0.227,-0.227,0,0.0
sensor_flow_0,13,1.276,0.659,2.543,0.064,2.126,-0.851,0,0.0
sensor_flow_0,4,1.653,0.717,2.999,0.101,0.271,1.382,0,0.0
sensor_flow_0,14,2.456,0.545,3.754,0.351,2.335,0.121,0,0.0
sensor_flow_0,19,8.526,0.628,10.388,0.961,8.867,-0.341,0,0.0
sensor_flow_0,4,0.542,0.571,1.481,0.0,0.101,0.441,0,0.0
sensor_flow_0,5,6.293,0.588,7.84,0.932,0.01,6.284,1,1.0
sensor_flow_0,15,1.362,1.499,5.293,0.262,2.439,-1.077,0,0.0
sensor_flow_0,7,5.124,1.448,8.157,0.649,5.261,-0.137,0,0.0
sensor_flow_0,10,1.588,0.493,2.408,0.117,2.77,-1.181,0,0.0
sensor_flow_0,22,1.477,1.064,3.403,0.048,0.488,0.989,0,0.0
sensor_flow_0,22,0.453,1.168,3.24,0.0,0.313,0.14,0,0.0
sensor_flow_0,13,2.607,0.511,4.052,0.294,1.873,0.734,0,0.0
sensor_flow_0,9,5.085,1.053,7.472,0.595,5.526,-0.44,0,0.0
sensor_flow_0,8,4.481,0.399,5.238,0.339,4.429,0.052,0,0.0
sensor_flow_0,9,6.795,1.401,10.698,0.44,7.195,-0.4,0,0.0
sensor_flow_0,12,1.112,1.483,4.32,0.415,1.472,-0.36,0,0.0
sensor_flow_0,11,1.811,1.138,3.771,0.267,2.196,-0.384,0,0.0
sensor_flow_0,12,11.501,0.152,11.733,0.872,2.838,8.663,1,1.0
sensor_flow_0,16,1.817,1.11,3.577,0.23,2.279,-0.462,0,0.0
sensor_flow_0,8,6.699,0.595,7.659,0.854,7.127,-0.428,0,0.0
sensor_flow_0,0,0.0,1.162,2.71,0.065,0.06,-0.06,0,0.0
sensor_flow_0,15,3.361,0.388,3.981,0.0,1.29,2.071,0,0.0
sensor_flow_0,23,1.308,0.691,3.147,0.017,0.412,0.895,0,0.0
sensor_flow_0,5,0.347,1.396,3.473,0.0,0.068,0.278,0,0.0
sensor_flow_0,5,0.469,0.949,2.17,0.026,0.091,0.378,0,0.0
sensor_flow_0,11,1.895,1.433,5.179,0.254,2.381,-0.486,0,0.0
sensor_flow_0,14,1.129,1.06,2.801,0.578,1.733,-0.604,0,0.0
sensor_flow_0,23,3.858,0.398,4.555,0.959,0.219,3.639,1,1.0
sensor_flow_0,17,2.739,1.141,5.068,0.55,2.899,-0.16,0,0.0
sensor_flow_0,17,2.488,1.462,5.387,0.628,2.899,-0.41,0,0.0
sensor_flow_0,7,4.864,1.033,7.535,0.527,4.122,0.743,0,0.0
sensor_flow_0,15,1.816,1.336,4.68,0.446,1.292,0.524,0,0.0
sensor_flow_0,0,0.0,1.261,3.166,0.0,0.1,-0.1,0,0.0
sensor_flow_0,12,3.201,0.358,3.95,0.167,2.714,0.487,0,0.0
sensor_flow_0,15,1.516,0.391,2.67,0.088,2.519,-1.003,0,0.0
sensor_flow_0,8,8.376,0.635,10.211,0.874,8.979,-0.603,0,0.0
sensor_flow_0,13,10.12,0.45,11.07,0.911,1.804,8.316,1,1.0
sensor_flow_0,12,13.767,0.245,14.137,0.871,2.147,11.621,1,1.0
sensor_flow_0,11,7.097,0.324,7.94,0.878,2.726,4.37,1,1.0
sensor_flow_0,20,4.408,0.858,5.892,0.376,4.29,0.118,0,0.0
sensor_flow_0,7,16.125,0.24,16.531,0.896,4.324,11.801,1,1.0
sensor_flow_0,5,0.749,1.035,2.929,0.0,0.378,0.371,0,0.0
sensor_flow_0,1,7.789,0.232,8.433,0.863,0.399,7.39,1,1.0
sensor_flow_0,20,4.79,0.878,6.906,0.146,4.04,0.75,0,0.0
sensor_flow_0,21,5.855,1.428,8.803,0.551,5.201,0.653,0,0.0
sensor_flow_0,19,8.227,1.008,10.011,0.952,8.967,-0.74,0,0.0
sensor_flow_0,8,7.368,0.991,10.05,0.725,7.298,0.07,0,0.0
sensor_flow_0,14,2.424,1.306,6.256,0.275,2.586,-0.162,0,0.0
sensor_flow_0,21,14.04,0.319,14.77,0.962,5.605,8.436,1,1.0
sensor_flow_0,21,4.3,0.345,4.97,0.84,4.382,-0.082,0,0.0
sensor_flow_0,22,0.0,1.132,2.333,0.177,0.266,-0.266,0,0.0
sensor_flow_0,10,2.164,1.233,4.232,0.448,2.489,-0.325,0,0.0
sensor_flow_0,5,0.0,0.92,1.689,0.0,0.347,-0.347,0,0.0
sensor_flow_0,15,2.924,0.751,5.066,0.038,2.034,0.89,0,0.0
sensor_flow_0,14,4.646,0.196,4.945,0.941,1.242,3.405,1,1.0
sensor_flow_0,5,6.776,0.124,7.091,0.941,0.143,6.633,1,1.0
sensor_flow_0,1,0.639,0.368,1.615,0.098,0.112,0.527,0,0.0
sensor_flow_0,17,1.661,0.367,2.307,0.081,1.622,0.039,0,0.0
sensor_flow_0,4,0.0,1.284,2.953,0.0,0.003,-0.003,0,0.0
sensor_flow_0,0,0.684,1.391,4.429,0.041,0.224,0.46,0,0.0
sensor_flow_0,4,1.454,0.31,2.139,0.0,0.355,1.099,0,0.0
sensor_flow_0,5,1.322,0.555,2.686,0.14,0.425,0.897,0,0.0
sensor_flow_0,12,2.254,0.754,3.673,0.305,2.106,0.148,0,0.0
sensor_flow_0,5,0.482,0.427,1.545,0.319,0.349,0.133,0,0.0
sensor_flow_0,5,0.63,0.901,3.232,0.0,0.259,0.371,0,0.0
sensor_flow_0,14,1.124,1.243,4.52,0.039,1.116,0.008,0,0.0
sensor_flow_0,8,4.347,1.294,6.629,0.377,5.249,-0.901,0,0.0
sensor_flow_0,15,2.223,0.57,3.719,0.527,1.707,0.517,0,0.0
sensor_flow_0,13,1.946,0.905,4.521,0.14,1.078,0.868,0,0.0
sensor_flow_0,18,6.909,1.256,10.528,0.89,6.719,0.19,0,0.0
sensor_flow_0,2,0.098,1.019,2.463,0.201,0.101,-0.003,0,0.0
sensor_flow_0,5,0.0,0.429,1.217,0.019,0.394,-0.394,0,0.0
sensor_flow_0,5,0.0,0.795,2.257,0.0,0.163,-0.163,0,0.0
sensor_flow_0,6,5.753,0.349,6.785,0.92,5.023,0.73,0,0.0
sensor_flow_0,17,1.024,0.39,1.902,0.039,1.067,-0.043,0,0.0
sensor_flow_0,15,1.79,0.641,3.49,0.21,1.41,0.38,0,0.0
sensor_flow_0,9,9.105,0.988,10.639,0.914,8.516,0.589,0,0.0
sensor_flow_0,16,2.574,0.959,5.441,0.301,2.638,-0.064,0,0.0
sensor_flow_0,8,6.056,1.194,8.646,0.691,6.432,-0.376,0,0.0
sensor_flow_0,19,5.091,0.472,5.81,0.448,5.678,-0.587,0,0.0
sensor_flow_0,13,1.4,0.94,2.942,0.339,1.747,-0.347,0,0.0
sensor_flow_0,0,0.642,0.433,1.837,0.19,0.492,0.15,0,0.0
sensor_flow_0,1,0.0,1.483,3.577,0.115,0.063,-0.063,0,0.0
sensor_flow_0,2,0.0,0.707,1.371,0.357,0.479,-0.479,0,0.0
sensor_flow_0,11,2.511,0.836,3.972,0.01,1.739,0.772,0,0.0
sensor_flow_0,8,4.549,1.153,6.342,0.829,5.867,-1.318,0,0.0
sensor_flow_0,16,0.511,0.517,1.85,0.0,1.314,-0.803,0,0.0
sensor_flow_0,7,11.001,0.568,12.393,0.865,6.546,4.455,1,1.0
sensor_flow_0,13,1.934,0.642,3.856,0.28,1.531,0.403,0,0.0
sensor_flow_0,19,4.934,0.494,6.158,0.567,5.073,-0.138,0,0.0
sensor_flow_0,12,2.773,1.499,7.039,0.412,2.503,0.271,0,0.0
sensor_flow_0,13,2.871,0.318,3.662,0.003,2.245,0.626,0,0.0
sensor_flow_0,2,0.628,1.455,2.812,0.117,0.236,0.392,0,0.0
sensor_flow_0,7,3.808,1.307,5.797,0.331,4.116,-0.308,0,0.0
sensor_flow_0,21,7.593,0.881,9.007,0.795,7.68,-0.088,0,0.0
sensor_flow_0,9,6.727,1.452,9.136,0.552,6.861,-0.134,0,0.0
sensor_flow_0,15,2.65,0.503,3.825,0.055,2.814,-0.164,0,0.0
sensor_flow_0,12,2.272,0.919,3.832,0.0,1.35,0.922,0,0.0
sensor_flow_0,1,0.722,1.295,3.631,0.0,0.328,0.394,0,0.0
sensor_flow_0,22,4.683,0.417,5.722,0.98,0.334,4.35,1,1.0
sensor_flow_0,18,7.468,1.47,11.738,1.0,8.852,-1.384,0,0.0
sensor_flow_0,0,0.879,0.692,2.811,0.169,0.403,0.476,0,0.0
sensor_flow_0,6,6.922,1.333,9.793,0.687,5.866,1.056,0,0.0
sensor_flow_0,8,7.62,0.675,8.86,1.0,8.714,-1.094,0,0.0
sensor_flow_0,7,4.196,0.313,4.724,0.606,4.633,-0.438,0,0.0
sensor_flow_0,2,1.261,0.88,3.317,0.0,0.192,1.069,0,0.0
sensor_flow_0,6,9.615,0.356,10.588,0.844,7.678,1.937,0,0.0
sensor_flow_0,5,0.0,1.405,2.226,0.055,0.161,-0.161,0,0.0
sensor_flow_0,9,7.564,0.353,8.279,1.0,7.38,0.184,0,0.0
sensor_flow_0,10,2.079,0.681,3.251,0.3,1.68,0.399,0,0.0
sensor_flow_0,0,0.0,1.444,3.956,0.0,0.188,-0.188,0,0.0
sensor_flow_0,13,2.754,0.681,3.969,0.28,2.786,-0.032,0,0.0
sensor_flow_0,5,9.935,0.234,10.592,0.949,0.343,9.591,1,1.0
sensor_flow_0,5,0.0,0.354,0.838,0.19,0.305,-0.305,0,0.0
sensor_flow_0,23,0.567,0.443,1.544,0.0,0.122,0.445,0,0.0
sensor_flow_0,8,4.46,1.119,7.496,0.432,4.002,0.458,0,0.0
sensor_flow_0,18,8.573,1.142,11.162,1.0,7.847,0.726,0,0.0
sensor_flow_0,15,0.881,0.311,1.349,0.056,1.411,-0.531,0,0.0
sensor_flow_0,0,0.0,0.3,0.764,0.182,0.352,-0.352,0,0.0
sensor_flow_0,13,3.113,1.149,6.084,0.353,2.606,0.507,0,0.0
sensor_flow_0,20,10.62,0.364,11.349,0.964,4.37,6.25,1,1.0
sensor_flow_0,17,2.18,0.731,3.605,0.129,1.55,0.629,0,0.0
sensor_flow_0,8,3.995,1.243,6.584,0.705,5.178,-1.183,0,0.0
sensor_flow_0,0,0.0,1.479,2.918,0.031,0.019,-0.019,0,0.0
sensor_flow_0,9,5.825,0.751,7.895,0.533,5.533,0.293,0,0.0
sensor_flow_0,16,8.123,0.25,8.676,0.914,2.933,5.19,1,1.0
sensor_flow_0,5,0.0,1.322,2.686,0.0,0.395,-0.395,0,0.0
sensor_flow_0,6,5.816,0.863,8.384,0.624,4.939,0.877,0,0.0
sensor_flow_0,15,1.401,0.539,2.931,0.377,2.688,-1.287,0,0.0
sensor_flow_0,16,2.776,0.666,4.621,0.312,2.783,-0.008,0,0.0
sensor_flow_0,20,4.547,1.0,6.414,0.147,4.306,0.241,0,0.0
sensor_flow_0,8,7.347,1.343,10.385,0.615,6.865,0.482,0,0.0
sensor_flow_0,10,2.658,0.886,5.315,0.099,2.406,0.251,0,0.0
sensor_flow_0,2,0.631,0.911,2.567,0.0,0.356,0.275,0,0.0
sensor_flow_0,21,5.399,0.562,6.441,0.726,6.63,-1.231,0,0.0
sensor_flow_0,19,4.873,0.765,6.66,0.476,4.966,-0.092,0,0.0
sensor_flow_0,14,3.509,1.415,7.154,0.018,1.377,2.132,0,0.0
sensor_flow_0,0,0.592,1.443,4.57,0.067,0.386,0.206,0,0.0
sensor_flow_0,11,1.375,0.617,2.818,0.128,2.129,-0.755,0,0.0
sensor_flow_0,13,2.143,0.882,4.359,0.339,2.485,-0.342,0,0.0
sensor_flow_0,21,7.555,1.116,9.595,0.656,8.116,-0.561,0,0.0
sensor_flow_0,17,3.447,1.485,5.718,0.367,2.584,0.863,0,0.0
sensor_flow_0,13,1.795,0.979,4.028,0.156,1.489,0.306,0,0.0
sensor_flow_0,2,0.59,0.326,1.453,0.0,0.007,0.582,0,0.0
sensor_flow_0,1,0.445,0.532,1.988,0.0,0.318,0.128,0,0.0
sensor_flow_0,7,7.032,0.829,8.768,0.955,6.881,0.15,0,0.0
sensor_flow_1,14,2.107,0.907,3.754,0.029,2.61,-0.503,0,0.0
sensor_flow_1,21,4.331,1.077,6.764,0.524,5.005,-0.674,0,0.0
sensor_flow_1,18,4.337,1.459,6.708,0.679,4.65,-0.313,0,0.0
sensor_flow_1,0,0.302,0.525,1.298,0.0,0.009,0.293,0,0.0
sensor_flow_1,23,10.306,0.313,10.777,0.942,0.243,10.063,1,1.0
sensor_flow_1,14,4.14,0.657,6.026,0.318,2.253,1.887,0,0.0
sensor_flow_1,12,1.804,1.487,5.25,0.033,1.842,-0.038,0,0.0
sensor_flow_1,22,1.254,0.356,2.043,0.0,0.018,1.236,0,0.0
sensor_flow_1,16,1.436,1.236,3.614,0.341,2.58,-1.144,0,0.0
sensor_flow_1,21,4.694,1.094,7.493,0.689,5.98,-1.286,0,0.0
sensor_flow_1,17,2.495,0.862,4.092,0.307,2.724,-0.229,0,0.0
sensor_flow_1,6,7.834,0.777,9.565,0.885,6.866,0.968,0,0.0
sensor_flow_1,10,2.239,0.362,3.133,0.267,1.394,0.845,0,0.0
sensor_flow_1,10,1.487,0.383,2.428,0.0,1.523,-0.036,0,0.0
sensor_flow_1,23,0.0,1.381,2.783,0.302,0.225,-0.225,0,0.0
sensor_flow_1,6,7.365,0.739,8.663,0.951,7.48,-0.115,0,0.0
sensor_flow_1,18,6.875,0.402,7.949,0.835,7.876,-1.0,0,0.0
sensor_flow_1,14,2.542,0.789,3.928,0.168,2.099,0.443,0,0.0
sensor_flow_1,16,3.555,1.388,6.637,0.0,2.307,1.248,0,0.0
sensor_flow_1,1,0.036,1.083,2.488,0.244,0.448,-0.412,0,0.0
sensor_flow_1,3,0.0,0.488,1.238,0.127,0.033,-0.033,0,0.0
sensor_flow_1,16,2.96,1.41,5.415,0.113,2.551,0.409,0,0.0
sensor_flow_1,22,0.0,0.773,1.777,0.0,0.122,-0.122,0,0.0
sensor_flow_1,18,7.635,0.338,8.607,0.934,8.624,-0.988,0,0.0
sensor_flow_1,4,0.0,0.704,1.909,0.015,0.037,-0.037,0,0.0
sensor_flow_1,9,4.716,0.509,5.728,0.725,4.96,-0.244,0,0.0
sensor_flow_1,6,6.316,0.781,8.281,0.885,6.845,-0.529,0,0.0
sensor_flow_1,22,0.485,0.404,1.343,0.0,0.387,0.098,0,0.0
sensor_flow_1,9,6.011,1.03,7.771,0.495,6.347,-0.336,0,0.0
sensor_flow_1,12,12.418,0.408,13.522,0.914,2.147,10.271,1,1.0
sensor_flow_1,1,0.0,1.377,3.637,0.0,0.114,-0.114,0,0.0
sensor_flow_1,10,3.468,0.442,4.752,0.021,2.749,0.719,0,0.0
sensor_flow_1,18,9.017,1.356,12.238,0.853,7.839,1.178,0,0.0
sensor_flow_1,22,0.0,1.451,3.236,0.0,0.189,-0.189,0,0.0
sensor_flow_1,16,3.453,1.119,5.239,0.078,2.815,0.638,0,0.0
sensor_flow_1,10,2.394,0.658,4.007,0.055,2.71,-0.316,0,0.0
sensor_flow_1,1,0.0,0.957,2.438,0.0,0.036,-0.036,0,0.0
sensor_flow_1,15,2.932,1.064,5.323,0.415,2.667,0.265,0,0.0
sensor_flow_1,12,1.246,0.833,2.675,0.367,1.531,-0.285,0,0.0
sensor_flow_1,19,5.304,1.211,7.989,0.74,5.678,-0.375,0,0.0
sensor_flow_1,14,2.175,0.568,3.278,0.536,2.404,-0.228,0,0.0
sensor_flow_1,3,0.735,0.535,1.773,0.0,0.015,0.72,0,0.0
sensor_flow_1,1,1.206,1.2,3.777,0.206,0.474,0.731,0,0.0
sensor_flow_1,18,5.93,1.318,8.955,0.578,6.494,-0.564,0,0.0
sensor_flow_1,4,0.0,1.35,2.165,0.079,0.437,-0.437,0,0.0
sensor_flow_1,19,4.616,0.864,7.049,0.713,5.122,-0.507,0,0.0
sensor_flow_1,2,0.213,1.104,2.798,0.181,0.382,-0.169,0,0.0
sensor_flow_1,20,9.225,1.113,11.621,1.0,8.903,0.321,0,0.0
sensor_flow_1,10,1.555,0.909,2.943,0.111,1.352,0.203,0,0.0
sensor_flow_1,11,2.344,0.342,3.362,0.187,2.128,0.216,0,0.0
sensor_flow_1,15,2.633,1.376,4.77,0.253,2.44,0.194,0,0.0
sensor_flow_1,23,0.434,0.856,2.22,0.247,0.355,0.08,0,0.0
sensor_flow_1,0,0.059,0.333,0.945,0.0,0.189,-0.13,0,0.0
sensor_flow_1,17,0.749,0.81,2.344,0.188,2.033,-1.284,0,0.0
sensor_flow_1,5,0.471,0.859,2.385,0.228,0.341,0.13,0,0.0
sensor_flow_1,6,8.998,1.123,12.071,0.726,8.649,0.349,0,0.0
sensor_flow_1,1,0.879,1.261,2.834,0.219,0.147,0.732,0,0.0
sensor_flow_1,15,2.074,0.479,3.43,0.0,1.605,0.469,0,0.0
sensor_flow_1,2,1.579,1.046,3.541,0.062,0.372,1.207,0,0.0
sensor_flow_1,11,2.355,0.465,3.175,0.271,2.979,-0.623,0,0.0
sensor_flow_1,0,0.769,0.476,1.614,0.0,0.408,0.361,0,0.0
sensor_flow_1,22,0.0,0.422,0.982,0.099,0.153,-0.153,0,0.0
sensor_flow_1,12,2.225,1.423,5.608,0.204,1.582,0.643,0,0.0
sensor_flow_1,14,1.102,0.386,2.101,0.0,1.603,-0.501,0,0.0
sensor_flow_1,2,0.647,0.52,1.647,0.0,0.178,0.47,0,0.0
sensor_flow_1,6,6.926,1.033,9.655,0.883,7.245,-0.319,0,0.0
sensor_flow_1,11,1.236,0.394,2.248,0.378,1.626,-0.389,0,0.0
sensor_flow_1,1,0.0,1.062,2.877,0.0,0.061,-0.061,0,0.0
sensor_flow_1,0,0.0,1.259,2.744,0.027,0.453,-0.453,0,0.0
sensor_flow_1,5,0.0,1.375,3.364,0.0,0.21,-0.21,0,0.0
sensor_flow_1,2,0.635,1.215,2.837,0.0,0.337,0.298,0,0.0
sensor_flow_1,16,2.446,0.362,3.517,0.046,2.092,0.354,0,0.0
sensor_flow_1,13,1.206,1.495,3.969,0.284,1.294,-0.088,0,0.0
sensor_flow_1,10,1.885,0.427,3.099,0.379,1.992,-0.107,0,0.0
sensor_flow_1,21,6.617,0.372,7.31,0.583,6.605,0.012,0,0.0
sensor_flow_1,5,0.609,1.455,4.451,0.0,0.435,0.174,0,0.0
sensor_flow_1,10,0.77,0.784,2.234,0.0,1.208,-0.438,0,0.0
sensor_flow_1,0,0.0,1.271,3.262,0.213,0.033,-0.033,0,0.0
sensor_flow_1,9,7.453,1.457,10.988,0.953,7.285,0.168,0,0.0
sensor_flow_1,14,10.349,0.426,11.224,0.958,2.606,7.743,1,1.0
sensor_flow_1,18,5.404,1.375,7.999,0.251,4.911,0.493,0,0.0
sensor_flow_1,7,7.893,0.767,9.476,1.0,7.944,-0.051,0,0.0
sensor_flow_1,3,0.0,0.846,2.486,0.0,0.33,-0.33,0,0.0
sensor_flow_1,22,0.983,0.552,2.589,0.049,0.48,0.503,0,0.0
sensor_flow_1,16,3.801,1.437,7.018,0.135,2.513,1.288,0,0.0
sensor_flow_1,8,8.562,1.456,11.917,0.892,8.938,-0.376,0,0.0
sensor_flow_1,16,2.736,0.786,4.959,0.313,2.026,0.71,0,0.0
sensor_flow_1,3,0.0,0.635,1.162,0.169,0.456,-0.456,0,0.0
sensor_flow_1,10,1.852,0.481,3.087,0.221,2.156,-0.305,0,0.0
sensor_flow_1,12,13.433,0.23,13.988,0.984,1.443,11.99,1,1.0
sensor_flow_1,18,5.779,1.294,9.202,0.576,6.805,-1.025,0,0.0
sensor_flow_1,17,2.55,0.349,3.581,0.237,2.086,0.464,0,0.0
sensor_flow_1,19,4.363,0.707,6.022,0.502,4.6,-0.237,0,0.0
sensor_flow_1,17,3.183,1.47,6.527,0.157,2.706,0.477,0,0.0
sensor_flow_1,23,0.0,1.422,3.769,0.0,0.068,-0.068,0,0.0
sensor_flow_1,9,5.457,1.292,9.209,0.682,5.212,0.244,0,0.0
sensor_flow_1,5,0.0,1.336,3.043,0.089,0.132,-0.132,0,0.0
sensor_flow_1,9,7.28,1.458,11.082,0.851,6.279,1.002,0,0.0
sensor_flow_1,1,0.368,0.838,1.945,0.0,0.305,0.063,0,0.0
sensor_flow_1,6,3.802,0.803,5.896,0.379,4.667,-0.865,0,0.0
sensor_flow_1,3,0.0,0.798,1.472,0.0,0.128,-0.128,0,0.0
sensor_flow_1,5,0.0,1.378,2.931,0.052,0.141,-0.141,0,0.0
sensor_flow_1,14,13.775,0.264,14.295,0.993,2.928,10.847,1,1.0
sensor_flow_1,9,5.812,1.204,8.857,0.596,4.414,1.398,0,0.0
sensor_flow_1,16,3.355,1.178,6.655,0.197,2.417,0.938,0,0.0
sensor_flow_1,4,0.0,1.114,3.034,0.0,0.295,-0.295,0,0.0
sensor_flow_1,7,7.197,1.331,10.526,0.695,7.362,-0.164,0,0.0
sensor_flow_1,1,0.521,1.26,3.221,0.226,0.306,0.215,0,0.0
sensor_flow_1,1,0.0,0.81,1.82,0.039,0.193,-0.193,0,0.0
sensor_flow_1,8,5.075,1.103,7.64,0.557,4.829,0.246,0,0.0
sensor_flow_1,7,4.89,0.725,6.07,0.588,4.386,0.504,0,0.0
sensor_flow_1,16,2.429,0.518,3.813,0.008,2.58,-0.151,0,0.0
sensor_flow_1,5,0.0,0.505,0.978,0.281,0.431,-0.431,0,0.0
sensor_flow_1,22,4.637,0.441,5.331,0.869,0.359,4.278,1,1.0
sensor_flow_1,5,0.444,0.576,1.481,0.04,0.345,0.098,0,0.0
sensor_flow_1,2,0.026,0.522,0.957,0.0,0.018,0.009,0,0.0
sensor_flow_1,4,0.0,1.006,2.843,0.025,0.125,-0.125,0,0.0
sensor_flow_1,17,2.716,1.15,6.092,0.358,2.456,0.26,0,0.0
sensor_flow_1,21,5.919,1.405,8.505,0.837,6.54,-0.621,0,0.0
sensor_flow_1,13,2.278,0.379,3.381,0.166,1.035,1.243,0,0.0
sensor_flow_1,8,5.383,0.441,6.436,0.45,5.103,0.28,0,0.0
sensor_flow_1,12,2.069,0.509,2.908,0.329,2.295,-0.227,0,0.0
sensor_flow_1,21,4.844,0.442,5.844,0.661,4.601,0.243,0,0.0
sensor_flow_1,17,2.343,1.039,4.389,0.219,2.291,0.052,0,0.0
sensor_flow_1,8,15.765,0.288,16.53,0.929,4.78,10.985,1,1.0
sensor_flow_1,1,0.0,0.877,1.642,0.259,0.186,-0.186,0,0.0
sensor_flow_1,2,1.719,0.374,2.31,0.0,0.359,1.36,0,0.0
sensor_flow_1,7,8.856,0.827,11.013,0.911,8.129,0.727,0,0.0
sensor_flow_1,15,10.09,0.423,11.018,0.973,2.585,7.505,1,1.0
sensor_flow_1,3,0.117,0.934,2.612,0.0,0.118,-0.002,0,0.0
sensor_flow_1,7,5.377,0.575,6.661,0.802,5.0,0.377,0,0.0
sensor_flow_1,5,0.194,0.952,1.711,0.056,0.135,0.059,0,0.0
sensor_flow_1,8,6.487,0.523,7.522,0.803,6.806,-0.319,0,0.0
sensor_flow_1,3,0.075,0.724,1.298,0.029,0.479,-0.404,0,0.0
sensor_flow_1,5,8.592,0.351,9.572,0.862,0.153,8.439,1,1.0
sensor_flow_1,9,6.42,0.821,8.68,0.814,5.424,0.997,0,0.0
sensor_flow_1,6,6.648,1.32,10.363,0.75,4.818,1.83,0,0.0
sensor_flow_1,8,7.675,1.485,11.794,0.899,7.674,0.002,0,0.0
sensor_flow_1,4,0.286,0.313,0.945,0.199,0.289,-0.003,0,0.0
sensor_flow_1,18,7.047,0.426,7.908,0.965,6.931,0.116,0,0.0
sensor_flow_1,0,0.647,0.702,2.605,0.029,0.346,0.301,0,0.0
sensor_flow_1,0,0.36,0.353,1.399,0.0,0.075,0.285,0,0.0
sensor_flow_1,22,0.261,0.427,1.059,0.099,0.478,-0.218,0,0.0
sensor_flow_1,14,2.197,1.035,4.256,0.287,1.956,0.24,0,0.0
sensor_flow_1,6,8.485,0.369,9.573,0.722,7.483,1.002,0,0.0
sensor_flow_1,4,0.0,0.476,0.826,0.0,0.027,-0.027,0,0.0
sensor_flow_1,20,9.901,1.29,13.545,1.0,8.614,1.288,0,0.0
sensor_flow_1,12,2.022,0.506,3.261,0.273,1.612,0.41,0,0.0
sensor_flow_1,13,1.319,1.452,3.64,0.02,1.341,-0.022,0,0.0
sensor_flow_1,19,7.501,0.645,8.654,0.98,8.491,-0.99,0,0.0
sensor_flow_1,11,2.104,0.468,2.925,0.102,2.067,0.037,0,0.0
sensor_flow_1,11,0.424,1.143,3.632,0.113,1.584,-1.16,0,0.0
sensor_flow_1,12,2.479,1.474,5.955,0.359,2.677,-0.198,0,0.0
sensor_flow_1,16,2.518,0.799,4.163,0.034,1.33,1.187,0,0.0
sensor_flow_1,7,4.304,1.284,8.053,0.473,4.94,-0.636,0,0.0
sensor_flow_1,12,2.591,1.279,5.893,0.214,2.499,0.092,0,0.0
sensor_flow_1,22,0.0,1.131,1.967,0.0,0.326,-0.326,0,0.0
sensor_flow_1,2,0.076,0.342,1.024,0.168,0.037,0.039,0,0.0
sensor_flow_1,6,6.176,1.206,8.566,0.839,6.7,-0.524,0,0.0
sensor_flow_1,12,0.937,0.637,2.646,0.127,1.548,-0.611,0,0.0
sensor_flow_1,20,6.91,1.452,9.281,0.374,7.451,-0.541,0,0.0
sensor_flow_1,6,12.755,0.127,12.946,0.985,7.748,5.007,1,1.0
sensor_flow_1,2,0.0,1.348,2.897,0.189,0.212,-0.212,0,0.0
sensor_flow_1,11,1.758,0.779,2.972,0.0,1.716,0.042,0,0.0
sensor_flow_1,0,4.403,0.529,5.866,0.97,0.027,4.376,1,1.0
sensor_flow_1,1,1.55,1.139,4.145,0.0,0.312,1.238,0,0.0
sensor_flow_1,1,1.953,0.425,2.608,0.117,0.435,1.517,0,0.0
sensor_flow_1,22,0.0,0.319,0.734,0.0,0.085,-0.085,0,0.0
sensor_flow_1,10,1.341,1.036,3.363,0.248,2.038,-0.697,0,0.0
sensor_flow_1,9,17.173,0.253,17.931,0.891,6.435,10.738,1,1.0
sensor_flow_1,22,0.0,1.483,2.737,0.18,0.062,-0.062,0,0.0
sensor_flow_1,14,2.417,1.333,6.213,0.19,2.139,0.277,0,0.0
sensor_flow_1,0,0.196,1.023,1.821,0.0,0.038,0.158,0,0.0
sensor_flow_1,19,12.813,0.349,13.751,0.875,7.636,5.177,1,1.0
sensor_flow_1,15,9.535,0.523,10.867,0.904,2.684,6.851,1,1.0
sensor_flow_1,19,6.767,1.083,9.79,0.752,6.946,-0.179,0,0.0
sensor_flow_1,10,1.604,0.545,3.009,0.0,1.223,0.381,0,0.0
sensor_flow_1,13,1.751,0.83,3.187,0.277,2.186,-0.435,0,0.0
sensor_flow_1,16,2.471,1.012,5.496,0.272,1.912,0.559,0,0.0
sensor_flow_1,10,1.386,0.382,2.084,0.017,1.645,-0.259,0,0.0
sensor_flow_1,0,0.401,0.7,2.36,0.011,0.278,0.123,0,0.0
sensor_flow_1,15,4.607,0.435,5.536,0.141,2.944,1.663,0,0.0
sensor_flow_1,5,0.214,0.629,1.606,0.062,0.451,-0.236,0,0.0
sensor_flow_1,5,10.996,0.164,11.486,0.889,0.357,10.639,1,1.0
sensor_flow_1,15,1.397,0.41,2.061,0.129,1.202,0.195,0,0.0
sensor_flow_1,4,0.486,1.329,3.151,0.0,0.261,0.224,0,0.0
sensor_flow_1,7,4.768,0.715,6.562,0.431,5.433,-0.666,0,0.0
sensor_flow_1,3,0.0,1.474,3.695,0.0,0.411,-0.411,0,0.0
sensor_flow_1,14,1.864,0.884,4.217,0.214,2.028,-0.164,0,0.0
sensor_flow_1,16,1.766,1.173,4.239,0.431,2.42,-0.654,0,0.0
sensor_flow_1,4,0.0,0.72,1.98,0.0,0.295,-0.295,0,0.0
sensor_flow_1,14,0.882,0.976,3.222,0.38,1.844,-0.962,0,0.0
sensor_flow_1,21,6.305,1.226,8.699,0.677,7.275,-0.97,0,0.0
sensor_flow_1,8,5.596,1.143,8.091,0.687,5.939,-0.343,0,0.0
sensor_flow_1,13,1.655,1.232,3.901,0.198,1.883,-0.228,0,0.0
sensor_flow_1,16,1.652,0.737,3.257,0.23,1.593,0.059,0,0.0
sensor_flow_1,0,0.0,0.539,1.29,0.071,0.481,-0.481,0,0.0
sensor_flow_1,20,8.351,0.54,9.41,0.849,7.281,1.071,0,0.0
sensor_flow_1,12,2.951,1.276,6.359,0.324,2.464,0.487,0,0.0
sensor_flow_1,20,5.906,0.812,7.221,0.54,5.031,0.874,0,0.0
sensor_flow_1,8,6.571,0.414,7.716,0.618,7.258,-0.688,0,0.0
sensor_flow_1,11,1.343,0.993,2.973,0.616,2.74,-1.397,0,0.0
sensor_flow_1,0,0.126,0.363,1.047,0.245,0.296,-0.17,0,0.0
sensor_flow_1,13,3.211,0.753,4.473,0.034,2.4,0.811,0,0.0
sensor_flow_1,5,0.0,0.734,1.738,0.0,0.454,-0.454,0,0.0
sensor_flow_1,20,5.936,0.796,7.474,0.757,6.122,-0.187,0,0.0
sensor_flow_1,3,2.092,0.437,3.12,0.0,0.155,1.937,0,0.0
sensor_flow_1,3,0.0,0.716,1.698,0.089,0.334,-0.334,0,0.0
sensor_flow_1,17,6.282,0.568,7.636,0.86,1.948,4.334,1,1.0
sensor_flow_1,10,7.514,0.289,8.095,0.926,2.509,5.005,1,1.0
sensor_flow_1,21,8.146,0.273,8.943,0.904,5.132,3.014,1,1.0
sensor_flow_1,15,2.006,1.139,3.729,0.149,1.09,0.917,0,0.0
sensor_flow_1,0,0.454,1.159,3.327,0.016,0.161,0.293,0,0.0
sensor_flow_1,15,2.111,0.887,3.664,0.339,1.352,0.759,0,0.0
sensor_flow_1,11,2.136,1.188,5.118,0.368,2.528,-0.392,0,0.0
sensor_flow_1,6,6.288,1.311,9.173,1.0,7.054,-0.766,0,0.0
sensor_flow_1,21,9.38,1.073,11.064,1.0,8.99,0.39,0,0.0
sensor_flow_1,22,1.248,1.241,4.405,0.0,0.227,1.021,0,0.0
sensor_flow_1,17,1.624,0.452,2.696,0.124,1.94,-0.316,0,0.0
sensor_flow_1,6,5.38,0.93,7.661,0.775,6.206,-0.826,0,0.0
sensor_flow_1,18,8.538,0.942,10.632,0.804,8.567,-0.029,0,0.0
sensor_flow_1,0,0.781,0.37,1.475,0.044,0.385,0.397,0,0.0
sensor_flow_1,4,1.673,0.568,3.05,0.145,0.446,1.227,0,0.0
sensor_flow_1,8,9.567,0.739,11.065,0.896,6.661,2.906,0,0.0
sensor_flow_1,17,0.496,1.031,2.048,0.296,1.344,-0.847,0,0.0
sensor_flow_1,18,5.766,0.347,6.608,0.635,6.554,-0.788,0,0.0
sensor_flow_1,11,3.125,0.677,5.134,0.251,2.662,0.463,0,0.0
sensor_flow_1,14,1.289,0.884,3.409,0.179,1.215,0.074,0,0.0
sensor_flow_1,13,0.0,0.607,1.777,0.105,1.066,-1.066,0,0.0
sensor_flow_1,19,3.775,0.636,5.412,0.467,4.506,-0.731,0,0.0
sensor_flow_1,5,0.0,1.372,3.952,0.22,0.406,-0.406,0,0.0
sensor_flow_1,14,2.039,1.254,5.769,0.235,1.538,0.501,0,0.0
sensor_flow_1,13,2.823,1.202,5.255,0.094,2.483,0.34,0,0.0
sensor_flow_1,10,2.149,1.3,5.261,0.104,1.785,0.364,0,0.0
sensor_flow_1,14,2.397,1.375,5.573,0.097,2.271,0.126,0,0.0
sensor_flow_1,3,0.0,0.522,0.894,0.04,0.227,-0.227,0,0.0
sensor_flow_1,19,7.187,0.832,9.673,0.946,6.617,0.57,0,0.0
sensor_flow_1,10,2.655,0.454,3.477,0.321,2.69,-0.035,0,0.0
sensor_flow_1,1,0.0,0.604,1.558,0.0,0.089,-0.089,0,0.0
sensor_flow_1,11,2.908,1.23,6.487,0.394,1.592,1.316,0,0.0
sensor_flow_1,1,0.0,0.862,2.44,0.005,0.052,-0.052,0,0.0
sensor_flow_1,7,7.72,0.535,8.764,0.835,6.586,1.135,0,0.0
sensor_flow_1,6,5.338,1.405,9.253,0.536,4.943,0.395,0,0.0
sensor_flow_1,2,0.53,0.372,1.544,0.0,0.181,0.349,0,0.0
sensor_flow_1,9,6.307,1.489,9.111,0.584,6.59,-0.284,0,0.0
sensor_flow_1,14,1.409,0.849,2.749,0.391,1.472,-0.063,0,0.0
sensor_flow_1,18,5.218,1.499,8.781,0.59,4.302,0.916,0,0.0
sensor_flow_1,21,6.188,0.687,7.896,0.587,5.089,1.099,0,0.0
sensor_flow_1,12,1.671,0.914,3.899,0.145,2.809,-1.138,0,0.0
sensor_flow_1,14,1.907,1.341,4.989,0.269,2.54,-0.633,0,0.0
sensor_flow_1,16,12.391,0.561,13.336,0.858,2.156,10.236,1,1.0
sensor_flow_1,17,2.307,0.947,4.445,0.149,2.404,-0.097,0,0.0
sensor_flow_1,14,0.776,0.969,3.551,0.0,1.179,-0.403,0,0.0
sensor_flow_1,3,1.087,1.185,4.276,0.0,0.194,0.892,0,0.0
sensor_flow_1,2,0.0,0.403,1.032,0.101,0.218,-0.218,0,0.0
sensor_flow_1,7,4.569,0.968,6.645,0.333,4.789,-0.22,0,0.0
sensor_flow_1,6,4.936,1.352,8.34,0.352,4.631,0.304,0,0.0
sensor_flow_1,23,0.45,0.483,1.62,0.0,0.443,0.007,0,0.0
sensor_flow_1,2,0.345,0.895,2.207,0.042,0.119,0.226,0,0.0
sensor_flow_1,12,0.42,0.475,1.43,0.066,1.231,-0.811,0,0.0
sensor_flow_1,9,6.194,0.424,6.841,0.707,7.044,-0.851,0,0.0
sensor_flow_1,14,0.372,0.501,1.353,0.197,1.909,-1.538,0,0.0
sensor_flow_1,2,6.445,0.296,6.977,0.957,0.36,6.085,1,1.0
sensor_flow_1,9,9.753,0.66,10.825,0.906,8.737,1.016,0,0.0
sensor_flow_1,15,2.872,1.261,5.746,0.091,2.032,0.84,0,0.0
sensor_flow_1,20,7.092,1.218,10.091,0.729,6.402,0.69,0,0.0
sensor_flow_1,22,0.701,0.791,2.121,0.0,0.076,0.625,0,0.0
sensor_flow_1,20,17.788,0.51,19.093,0.929,6.709,11.079,1,1.0
sensor_flow_1,15,1.613,1.477,5.221,0.251,2.69,-1.077,0,0.0
sensor_flow_1,2,0.892,0.397,2.08,0.202,0.086,0.806,0,0.0
sensor_flow_1,15,3.699,0.646,5.59,0.179,2.225,1.474,0,0.0
sensor_flow_1,6,5.48,0.699,6.847,0.64,5.663,-0.183,0,0.0
sensor_flow_1,2,2.094,0.768,3.446,0.037,0.465,1.628,0,0.0
sensor_flow_1,19,13.624,0.168,13.972,0.863,4.737,8.886,1,1.0
sensor_flow_1,9,4.797,0.944,7.421,0.513,4.729,0.068,0,0.0
sensor_flow_1,5,0.0,0.924,1.956,0.081,0.376,-0.376,0,0.0
sensor_flow_1,0,0.0,0.366,1.025,0.0,0.166,-0.166,0,0.0
sensor_flow_1,7,13.343,0.272,14.032,0.998,6.487,6.856,1,1.0
sensor_flow_1,9,7.105,0.38,7.682,1.0,6.579,0.526,0,0.0
sensor_flow_1,17,3.1,0.9,4.683,0.127,2.02,1.081,0,0.0
sensor_flow_1,16,2.702,0.595,4.278,0.092,2.835,-0.133,0,0.0
sensor_flow_1,1,0.446,1.287,3.461,0.0,0.337,0.109,0,0.0
sensor_flow_1,7,7.943,0.403,9.006,0.835,7.488,0.455,0,0.0
sensor_flow_1,12,12.191,0.452,13.081,0.851,1.049,11.142,1,1.0
sensor_flow_1,16,0.589,0.543,1.486,0.432,1.835,-1.247,0,0.0
sensor_flow_1,18,6.354,0.472,7.186,0.532,6.536,-0.183,0,0.0
sensor_flow_1,22,0.622,1.432,3.912,0.0,0.069,0.553,0,0.0
sensor_flow_1,6,18.839,0.578,20.251,0.891,7.283,11.556,1,1.0
sensor_flow_1,3,0.0,0.707,1.82,0.175,0.274,-0.274,0,0.0
sensor_flow_1,4,0.317,1.217,2.512,0.0,0.111,0.206,0,0.0
sensor_flow_1,10,1.271,0.838,3.003,0.181,1.309,-0.038,0,0.0
sensor_flow_1,3,0.481,0.721,2.102,0.0,0.16,0.321,0,0.0
sensor_flow_1,7,7.047,1.313,9.937,0.786,6.416,0.631,0,0.0
sensor_flow_1,4,0.287,0.424,1.176,0.0,0.429,-0.143,0,0.0
sensor_flow_1,23,0.55,0.973,2.944,0.024,0.294,0.256,0,0.0
sensor_flow_1,4,0.451,0.411,1.516,0.054,0.345,0.105,0,0.0
sensor_flow_1,2,0.0,1.356,2.888,0.165,0.224,-0.224,0,0.0
sensor_flow_1,14,1.692,0.58,3.001,0.323,1.306,0.387,0,0.0
sensor_flow_1,4,0.0,1.426,4.111,0.356,0.31,-0.31,0,0.0
sensor_flow_1,11,10.771,0.186,11.326,0.943,2.988,7.782,1,1.0
sensor_flow_1,5,0.204,0.582,1.244,0.0,0.462,-0.258,0,0.0
sensor_flow_1,21,9.407,0.195,9.953,0.862,4.77,4.638,1,1.0
sensor_flow_1,7,4.945,1.231,7.833,0.794,5.272,-0.327,0,0.0
sensor_flow_1,18,5.365,1.201,7.808,0.651,5.908,-0.543,0,0.0
sensor_flow_1,8,11.466,0.288,12.06,0.884,7.819,3.647,1,1.0
sensor_flow_1,12,0.364,1.25,2.982,0.059,1.188,-0.824,0,0.0
sensor_flow_1,16,2.958,1.079,5.682,0.333,2.453,0.506,0,0.0
sensor_flow_1,22,0.198,1.056,3.227,0.305,0.391,-0.192,0,0.0
sensor_flow_1,21,6.883,0.657,7.88,0.723,7.188,-0.305,0,0.0
sensor_flow_1,0,8.973,0.545,10.156,1.0,0.118,8.855,1,1.0
sensor_flow_1,1,12.195,0.457,12.947,0.926,0.427,11.768,1,1.0
sensor_flow_1,6,3.701,1.311,6.517,0.435,4.091,-0.39,0,0.0
sensor_flow_1,19,5.89,1.027,8.122,0.827,6.402,-0.512,0,0.0
sensor_flow_1,5,0.0,1.148,3.231,0.0,0.139,-0.139,0,0.0
sensor_flow_1,3,0.137,1.27,2.281,0.0,0.201,-0.064,0,0.0
sensor_flow_1,5,0.222,0.646,1.43,0.0,0.04,0.183,0,0.0
sensor_flow_1,18,8.081,0.339,8.939,1.0,7.665,0.415,0,0.0
sensor_flow_1,5,0.671,0.867,2.812,0.232,0.327,0.344,0,0.0
sensor_flow_1,19,7.898,0.516,9.354,0.83,8.05,-0.152,0,0.0
sensor_flow_1,2,5.425,0.344,6.273,0.973,0.108,5.318,1,1.0
sensor_flow_1,2,0.0,0.562,0.91,0.0,0.228,-0.228,0,0.0
sensor_flow_1,22,0.0,0.356,0.804,0.0,0.121,-0.121,0,0.0
sensor_flow_1,7,12.264,0.229,12.782,0.955,7.412,4.852,1,1.0
sensor_flow_1,20,7.457,0.424,8.349,0.747,7.737,-0.28,0,0.0
sensor_flow_1,21,8.331,0.483,9.063,1.0,8.693,-0.363,0,0.0
sensor_flow_1,13,1.894,0.971,4.037,0.257,2.312,-0.417,0,0.0
sensor_flow_1,16,3.572,1.325,6.201,0.208,2.907,0.665,0,0.0
sensor_flow_1,7,14.673,0.316,15.548,0.964,6.762,7.911,1,1.0
sensor_flow_1,5,0.414,0.752,2.113,0.008,0.041,0.374,0,0.0
sensor_flow_1,4,0.266,0.662,1.514,0.204,0.468,-0.202,0,0.0
sensor_flow_1,12,2.57,0.72,4.105,0.218,1.679,0.891,0,0.0
sensor_flow_1,6,7.059,1.115,9.783,0.69,5.759,1.299,0,0.0
sensor_flow_1,2,0.0,1.475,3.25,0.0,0.304,-0.304,0,0.0
sensor_flow_1,5,0.919,1.201,3.314,0.027,0.08,0.839,0,0.0
sensor_flow_1,9,6.608,1.068,9.466,1.0,6.351,0.257,0,0.0
sensor_flow_1,1,1.369,1.448,4.95,0.048,0.183,1.186,0,0.0
sensor_flow_1,20,8.543,0.489,9.829,0.731,7.689,0.854,0,0.0
sensor_flow_1,9,6.484,1.318,8.847,0.741,7.155,-0.671,0,0.0
sensor_flow_1,23,0.0,0.969,1.853,0.328,0.351,-0.351,0,0.0
sensor_flow_1,3,0.707,1.222,4.264,0.137,0.492,0.215,0,0.0
sensor_flow_1,17,1.766,1.184,4.837,0.117,2.04,-0.274,0,0.0
sensor_flow_1,14,1.556,1.1,4.504,0.347,2.905,-1.35,0,0.0
sensor_flow_1,17,1.789,0.689,3.251,0.266,1.979,-0.191,0,0.0
sensor_flow_1,12,3.061,0.531,3.963,0.258,2.79,0.271,0,0.0
sensor_flow_1,15,1.312,0.867,3.561,0.0,1.207,0.105,0,0.0
sensor_flow_1,18,7.758,0.69,9.52,1.0,8.741,-0.984,0,0.0
sensor_flow_1,2,9.496,0.308,10.085,0.984,0.222,9.273,1,1.0
sensor_flow_1,4,0.092,0.669,1.191,0.141,0.462,-0.37,0,0.0
sensor_flow_1,0,0.0,0.679,1.164,0.0,0.117,-0.117,0,0.0
sensor_flow_1,15,0.187,0.656,1.801,0.078,1.239,-1.052,0,0.0
sensor_flow_1,5,0.713,0.915,3.117,0.017,0.288,0.426,0,0.0
sensor_flow_1,7,7.735,1.163,10.648,0.768,7.863,-0.128,0,0.0
sensor_flow_1,10,2.416,0.714,4.198,0.289,2.657,-0.241,0,0.0
sensor_flow_1,9,5.22,0.483,6.323,0.6,5.155,0.065,0,0.0
sensor_flow_1,21,5.832,0.414,7.057,0.639,5.991,-0.16,0,0.0
sensor_flow_1,17,2.46,1.096,5.171,0.031,1.193,1.267,0,0.0
sensor_flow_1,7,3.511,1.237,5.948,0.759,4.497,-0.986,0,0.0
sensor_flow_1,22,0.0,1.359,2.458,0.086,0.472,-0.472,0,0.0
sensor_flow_1,15,13.346,0.272,13.891,0.911,2.688,10.658,1,1.0
sensor_flow_1,13,2.196,0.478,3.484,0.195,2.823,-0.627,0,0.0
sensor_flow_1,3,0.0,1.281,2.743,0.127,0.149,-0.149,0,0.0
sensor_flow_1,5,0.374,0.429,1.406,0.084,0.36,0.015,0,0.0
sensor_flow_1,9,7.34,0.334,7.867,0.816,6.751,0.589,0,0.0
sensor_flow_1,3,7.387,0.484,8.646,0.865,0.165,7.222,1,1.0
sensor_flow_1,15,1.538,1.152,4.612,0.262,2.009,-0.471,0,0.0
sensor_flow_1,14,1.288,0.895,2.89,0.167,1.539,-0.25,0,0.0
sensor_flow_1,6,16.399,0.418,17.438,0.99,8.372,8.027,1,1.0
sensor_flow_1,15,1.308,0.559,2.918,0.213,1.206,0.102,0,0.0
sensor_flow_1,12,1.431,0.343,2.052,0.149,1.586,-0.154,0,0.0
sensor_flow_1,22,0.0,0.652,1.166,0.0,0.185,-0.185,0,0.0
sensor_flow_1,17,1.45,1.306,3.723,0.337,1.13,0.32,0,0.0
sensor_flow_1,6,8.469,0.919,10.063,0.775,7.715,0.754,0,0.0
sensor_flow_1,21,5.243,0.901,7.362,0.074,4.638,0.606,0,0.0
sensor_flow_1,6,5.271,0.515,6.374,0.589,6.057,-0.787,0,0.0
sensor_flow_1,10,1.658,1.466,4.399,0.064,1.084,0.574,0,0.0
sensor_flow_1,19,8.961,0.393,9.884,0.899,8.662,0.299,0,0.0
sensor_flow_1,4,0.233,1.037,2.2,0.06,0.44,-0.207,0,0.0
sensor_flow_1,13,2.654,1.382,4.778,0.082,2.363,0.292,0,0.0
sensor_flow_1,23,0.567,0.516,1.583,0.0,0.181,0.386,0,0.0
sensor_flow_1,18,4.842,1.34,8.559,0.41,4.521,0.321,0,0.0
sensor_flow_1,1,0.709,1.149,2.912,0.0,0.118,0.591,0,0.0
sensor_flow_1,7,5.286,0.624,6.963,0.388,4.595,0.691,0,0.0
sensor_flow_1,9,5.601,1.445,9.696,0.528,5.212,0.389,0,0.0
sensor_flow_1,8,7.104,0.327,7.734,0.884,7.825,-0.722,0,0.0
sensor_flow_1,23,1.084,0.905,2.826,0.295,0.464,0.62,0,0.0
sensor_flow_1,6,7.581,0.515,9.087,1.0,7.17,0.412,0,0.0
sensor_flow_1,10,5.962,0.399,6.903,0.933,2.269,3.693,1,1.0
sensor_flow_1,2,1.72,0.631,2.972,0.0,0.237,1.483,0,0.0
sensor_flow_1,10,1.512,1.029,3.85,0.301,1.696,-0.184,0,0.0
sensor_flow_1,18,6.624,0.615,7.905,0.603,6.376,0.249,0,0.0
sensor_flow_1,9,5.605,0.661,6.999,0.543,5.2,0.406,0,0.0
sensor_flow_1,3,0.308,1.037,3.057,0.078,0.484,-0.176,0,0.0
sensor_flow_1,21,9.223,0.367,9.808,0.699,7.659,1.564,0,0.0
sensor_flow_1,11,3.611,0.341,4.465,0.269,1.79,1.821,0,0.0
sensor_flow_1,19,5.465,0.394,6.288,0.356,4.747,0.718,0,0.0
sensor_flow_1,11,2.677,1.053,5.006,0.459,2.385,0.291,0,0.0
sensor_flow_1,16,1.206,0.755,2.741,0.182,1.78,-0.573,0,0.0
sensor_flow_1,10,2.77,1.145,5.317,0.248,2.679,0.091,0,0.0
sensor_flow_1,22,0.228,0.78,2.105,0.0,0.289,-0.061,0,0.0
sensor_flow_1,10,4.787,0.512,5.901,0.143,2.974,1.813,0,0.0
sensor_flow_2,15,0.806,1.029,2.517,0.327,1.408,-0.602,0,0.0
sensor_flow_2,9,3.547,0.593,4.443,0.585,4.337,-0.79,0,0.0
sensor_flow_2,7,4.584,1.136,7.346,0.468,4.596,-0.012,0,0.0
sensor_flow_2,8,5.24,0.862,7.465,0.79,4.481,0.759,0,0.0
sensor_flow_2,9,8.792,1.474,11.333,0.741,7.893,0.899,0,0.0
sensor_flow_2,23,0.491,0.638,1.472,0.0,0.415,0.075,0,0.0
sensor_flow_2,4,0.0,1.43,4.206,0.234,0.201,-0.201,0,0.0
sensor_flow_2,13,11.731,0.514,12.984,0.859,1.7,10.031,1,1.0
sensor_flow_2,0,1.594,0.32,2.309,0.0,0.073,1.521,0,0.0
sensor_flow_2,15,3.593,0.826,5.18,0.393,2.563,1.03,0,0.0
sensor_flow_2,18,7.057,0.457,8.31,1.0,6.431,0.627,0,0.0
sensor_flow_2,15,2.734,1.213,5.528,0.213,1.702,1.032,0,0.0
sensor_flow_2,3,0.019,0.342,0.744,0.061,0.087,-0.068,0,0.0
sensor_flow_2,1,2.478,1.33,6.068,0.241,0.359,2.119,0,0.0
sensor_flow_2,15,5.303,0.132,5.668,0.866,1.831,3.473,1,1.0
sensor_flow_2,3,0.0,1.054,2.437,0.09,0.272,-0.272,0,0.0
sensor_flow_2,4,0.0,1.044,2.447,0.035,0.466,-0.466,0,0.0
sensor_flow_2,9,5.171,0.714,6.367,0.473,4.622,0.549,0,0.0
sensor_flow_2,14,0.696,1.291,2.646,0.032,1.219,-0.523,0,0.0
sensor_flow_2,22,0.0,0.331,0.572,0.0,0.092,-0.092,0,0.0
sensor_flow_2,16,1.373,0.777,3.597,0.281,1.497,-0.123,0,0.0
sensor_flow_2,12,3.354,1.364,5.447,0.368,2.63,0.724,0,0.0
sensor_flow_2,16,2.206,1.055,4.268,0.181,2.655,-0.449,0,0.0
sensor_flow_2,4,1.623,0.496,2.717,0.311,0.233,1.39,0,0.0
sensor_flow_2,12,2.562,0.582,3.838,0.179,1.237,1.325,0,0.0
sensor_flow_2,3,1.359,1.015,3.164,0.081,0.464,0.895,0,0.0
sensor_flow_2,18,4.705,1.474,7.7,0.391,4.381,0.324,0,0.0
sensor_flow_2,2,1.179,1.302,3.931,0.038,0.187,0.992,0,0.0
sensor_flow_2,23,0.0,0.795,1.66,0.0,0.0,-0.0,0,0.0
sensor_flow_2,19,8.151,1.172,10.777,0.674,8.46,-0.309,0,0.0
sensor_flow_2,15,2.162,0.997,4.429,0.14,2.657,-0.496,0,0.0
sensor_flow_2,9,7.198,0.557,8.33,0.695,6.772,0.426,0,0.0
sensor_flow_2,23,0.0,0.848,2.129,0.189,0.274,-0.274,0,0.0
sensor_flow_2,15,1.164,0.432,1.966,0.349,2.306,-1.142,0,0.0
sensor_flow_2,9,3.253,0.489,4.661,0.603,4.656,-1.403,0,0.0
sensor_flow_2,2,0.522,0.467,1.231,0.04,0.482,0.041,0,0.0
sensor_flow_2,12,1.726,0.858,3.073,0.237,1.495,0.231,0,0.0
sensor_flow_2,9,8.863,0.571,9.888,0.778,8.487,0.376,0,0.0
sensor_flow_2,2,0.0,1.238,3.014,0.081,0.316,-0.316,0,0.0
sensor_flow_2,12,3.385,1.438,7.648,0.372,2.786,0.599,0,0.0
sensor_flow_2,0,0.256,1.497,4.686,0.0,0.282,-0.026,0,0.0
sensor_flow_2,7,6.629,0.981,9.065,0.837,7.265,-0.636,0,0.0
sensor_flow_2,6,3.083,0.574,4.51,0.477,4.055,-0.972,0,0.0
sensor_flow_2,4,1.388,1.369,3.864,0.208,0.328,1.06,0,0.0
sensor_flow_2,0,0.0,0.988,1.502,0.129,0.087,-0.087,0,0.0
sensor_flow_2,22,1.009,0.687,2.822,0.145,0.389,0.62,0,0.0
sensor_flow_2,14,11.398,0.592,12.809,0.949,1.393,10.005,1,1.0
sensor_flow_2,0,0.0,0.912,1.985,0.06,0.454,-0.454,0,0.0
sensor_flow_2,10,1.561,0.436,2.673,0.508,1.638,-0.077,0,0.0
sensor_flow_2,10,4.951,0.131,5.178,0.859,1.083,3.869,1,1.0
sensor_flow_2,21,9.818,1.168,13.129,0.782,8.141,1.677,0,0.0
sensor_flow_2,20,8.564,0.968,10.138,0.75,7.662,0.902,0,0.0
sensor_flow_2,10,1.105,0.66,2.471,0.0,1.183,-0.078,0,0.0
sensor_flow_2,10,1.071,1.109,2.78,0.198,1.482,-0.41,0,0.0
sensor_flow_2,21,4.658,1.389,8.289,0.392,4.181,0.477,0,0.0
sensor_flow_2,12,2.542,0.841,3.834,0.425,2.586,-0.044,0,0.0
sensor_flow_2,7,5.744,0.895,8.151,0.527,6.157,-0.414,0,0.0
sensor_flow_2,15,4.328,0.378,4.974,0.356,2.738,1.59,0,0.0
sensor_flow_2,11,1.073,1.112,3.556,0.369,2.22,-1.146,0,0.0
sensor_flow_2,9,6.281,0.537,7.277,0.596,4.871,1.41,0,0.0
sensor_flow_2,3,0.0,1.357,2.532,0.041,0.137,-0.137,0,0.0
sensor_flow_2,17,2.457,1.489,5.698,0.258,2.073,0.383,0,0.0
sensor_flow_2,3,1.093,1.463,4.244,0.0,0.487,0.607,0,0.0
sensor_flow_2,8,4.273,0.898,6.027,0.446,5.741,-1.467,0,0.0
sensor_flow_2,7,5.151,0.778,6.662,0.532,4.59,0.561,0,0.0
sensor_flow_2,7,8.778,0.374,9.694,1.0,8.741,0.036,0,0.0
sensor_flow_2,3,0.601,0.461,1.698,0.104,0.267,0.334,0,0.0
sensor_flow_2,8,13.908,0.382,14.868,0.89,6.41,7.498,1,1.0
sensor_flow_2,4,0.0,0.595,1.542,0.0,0.104,-0.104,0,0.0
sensor_flow_2,1,0.589,1.011,3.088,0.168,0.026,0.563,0,0.0
sensor_flow_2,12,3.3,0.617,4.59,0.353,2.899,0.401,0,0.0
sensor_flow_2,18,8.464,0.927,10.117,1.0,8.363,0.101,0,0.0
sensor_flow_2,4,1.793,0.819,3.545,0.063,0.412,1.382,0,0.0
sensor_flow_2,18,3.927,0.669,5.163,0.391,4.476,-0.549,0,0.0
sensor_flow_2,0,0.799,0.626,2.085,0.172,0.332,0.468,0,0.0
sensor_flow_2,3,0.151,0.541,1.239,0.0,0.184,-0.034,0,0.0
sensor_flow_2,14,0.748,1.303,3.139,0.146,1.832,-1.084,0,0.0
sensor_flow_2,2,9.754,0.153,10.121,0.941,0.131,9.623,1,1.0
sensor_flow_2,2,0.182,0.987,2.769,0.161,0.037,0.145,0,0.0
sensor_flow_2,18,8.299,0.43,9.051,1.0,8.513,-0.214,0,0.0
sensor_flow_2,3,0.0,0.656,1.259,0.0,0.048,-0.048,0,0.0
sensor_flow_2,6,5.368,1.461,7.82,0.613,4.774,0.594,0,0.0
sensor_flow_2,9,7.982,0.327,8.862,0.798,8.964,-0.982,0,0.0
sensor_flow_2,12,2.554,0.807,4.232,0.125,1.753,0.801,0,0.0
sensor_flow_2,23,11.798,0.44,13.006,0.931,0.166,11.632,1,1.0
sensor_flow_2,20,6.968,0.637,8.187,0.503,6.056,0.913,0,0.0
sensor_flow_2,22,0.0,0.867,2.156,0.118,0.32,-0.32,0,0.0
sensor_flow_2,15,10.954,0.421,12.089,0.869,2.036,8.917,1,1.0
sensor_flow_2,19,5.254,1.046,6.907,0.785,5.621,-0.366,0,0.0
sensor_flow_2,11,1.037,1.086,4.244,0.192,1.846,-0.809,0,0.0
sensor_flow_2,22,0.73,1.037,3.641,0.0,0.149,0.58,0,0.0
sensor_flow_2,9,16.592,0.104,16.845,0.956,4.649,11.943,1,1.0
sensor_flow_2,14,2.054,1.037,4.086,0.398,2.572,-0.518,0,0.0
sensor_flow_2,13,2.628,1.325,4.814,0.432,2.786,-0.158,0,0.0
sensor_flow_2,10,6.776,0.527,7.67,0.871,1.43,5.346,1,1.0
sensor_flow_2,18,7.477,0.576,8.879,0.888,7.695,-0.218,0,0.0
sensor_flow_2,18,4.028,0.619,5.311,0.341,4.489,-0.461,0,0.0
sensor_flow_2,18,6.777,0.88,8.257,0.323,5.667,1.11,0,0.0
sensor_flow_2,22,0.0,1.238,2.933,0.088,0.278,-0.278,0,0.0
sensor_flow_2,14,3.693,1.351,6.142,0.198,2.854,0.839,0,0.0
sensor_flow_2,3,0.0,0.697,1.113,0.0,0.275,-0.275,0,0.0
sensor_flow_2,4,0.0,1.167,2.045,0.0,0.089,-0.089,0,0.0
sensor_flow_2,23,0.7,0.305,1.208,0.226,0.162,0.539,0,0.0
sensor_flow_2,12,2.077,0.492,2.995,0.345,1.438,0.638,0,0.0
sensor_flow_2,2,2.276,0.926,4.738,0.0,0.435,1.84,0,0.0
sensor_flow_2,1,0.414,0.491,1.593,0.229,0.031,0.384,0,0.0
sensor_flow_2,8,5.674,1.07,8.263,0.664,5.929,-0.255,0,0.0
sensor_flow_2,23,0.0,1.118,2.447,0.0,0.044,-0.044,0,0.0
sensor_flow_2,18,3.171,0.806,5.295,0.511,4.092,-0.921,0,0.0
sensor_flow_2,16,2.49,0.745,4.318,0.183,2.667,-0.177,0,0.0
sensor_flow_2,23,2.0,0.964,4.689,0.033,0.299,1.701,0,0.0
sensor_flow_2,13,2.449,1.045,5.412,0.145,1.885,0.564,0,0.0
sensor_flow_2,18,5.755,0.811,7.484,0.739,5.437,0.318,0,0.0
sensor_flow_2,2,0.376,0.675,2.018,0.112,0.228,0.147,0,0.0
sensor_flow_2,0,1.759,1.441,5.231,0.052,0.189,1.57,0,0.0
sensor_flow_2,15,3.561,0.821,4.991,0.401,2.046,1.516,0,0.0
sensor_flow_2,7,6.404,0.313,7.203,0.513,6.0,0.404,0,0.0
sensor_flow_2,14,2.288,1.054,5.231,0.341,2.122,0.166,0,0.0
sensor_flow_2,16,2.364,0.358,2.994,0.216,2.275,0.089,0,0.0
sensor_flow_2,6,6.794,0.438,7.84,0.657,7.03,-0.236,0,0.0
sensor_flow_2,9,3.44,1.455,7.158,0.606,4.18,-0.74,0,0.0
sensor_flow_2,0,0.237,1.46,4.263,0.035,0.346,-0.11,0,0.0
sensor_flow_2,20,8.401,0.665,9.493,1.0,8.032,0.369,0,0.0
sensor_flow_2,6,7.532,0.795,9.0,0.8,7.389,0.143,0,0.0
sensor_flow_2,22,0.722,1.247,3.288,0.0,0.214,0.509,0,0.0
sensor_flow_2,1,0.0,1.018,2.459,0.097,0.253,-0.253,0,0.0
sensor_flow_2,12,2.147,1.352,5.174,0.377,1.238,0.91,0,0.0
sensor_flow_2,17,3.17,0.523,4.67,0.142,1.975,1.196,0,0.0
sensor_flow_2,23,0.0,1.298,2.803,0.143,0.254,-0.254,0,0.0
sensor_flow_2,7,3.957,1.293,7.661,0.554,4.786,-0.829,0,0.0
sensor_flow_2,4,0.168,0.93,1.802,0.0,0.213,-0.045,0,0.0
sensor_flow_2,8,6.884,1.133,9.398,0.45,5.358,1.526,0,0.0
sensor_flow_2,16,0.628,1.38,3.016,0.137,2.007,-1.379,0,0.0
sensor_flow_2,8,8.509,0.875,10.811,1.0,8.595,-0.087,0,0.0
sensor_flow_2,11,1.329,0.7,3.06,0.0,1.689,-0.36,0,0.0
sensor_flow_2,9,17.973,0.306,18.641,0.917,6.544,11.429,1,1.0
sensor_flow_2,18,18.235,0.151,18.604,1.0,7.373,10.862,1,1.0
sensor_flow_2,8,3.786,1.444,7.05,0.487,4.331,-0.545,0,0.0
sensor_flow_2,10,3.071,0.778,5.06,0.398,2.992,0.08,0,0.0
sensor_flow_2,10,2.946,0.999,5.587,0.388,2.176,0.771,0,0.0
sensor_flow_2,10,3.8,1.372,6.562,0.284,2.704,1.096,0,0.0
sensor_flow_2,9,6.761,1.25,8.678,0.64,7.532,-0.771,0,0.0
sensor_flow_2,21,6.546,1.381,10.635,0.828,6.229,0.317,0,0.0
sensor_flow_2,22,0.152,1.202,3.633,0.078,0.315,-0.162,0,0.0
sensor_flow_2,14,2.431,1.45,6.121,0.405,2.752,-0.321,0,0.0
sensor_flow_2,4,0.0,0.654,1.405,0.0,0.113,-0.113,0,0.0
sensor_flow_2,21,8.872,1.466,12.39,0.951,8.093,0.779,0,0.0
sensor_flow_2,4,0.781,1.473,3.119,0.011,0.134,0.647,0,0.0
sensor_flow_2,3,0.0,0.301,0.615,0.214,0.419,-0.419,0,0.0
sensor_flow_2,23,0.47,0.846,2.33,0.0,0.191,0.279,0,0.0
sensor_flow_2,6,6.872,0.347,7.847,1.0,7.556,-0.683,0,0.0
sensor_flow_2,13,3.028,1.373,6.709,0.509,2.958,0.07,0,0.0
sensor_flow_2,17,2.619,0.65,4.393,0.468,2.593,0.026,0,0.0
sensor_flow_2,22,0.634,0.755,2.187,0.0,0.351,0.283,0,0.0
sensor_flow_2,6,7.632,0.769,9.061,0.893,7.649,-0.017,0,0.0
sensor_flow_2,12,2.887,1.394,6.746,0.142,1.955,0.932,0,0.0
sensor_flow_2,8,7.471,1.335,10.027,0.644,6.76,0.711,0,0.0
sensor_flow_2,7,8.619,0.357,9.601,1.0,8.965,-0.346,0,0.0
sensor_flow_2,11,3.547,0.921,5.099,0.293,2.663,0.884,0,0.0
sensor_flow_2,22,0.807,1.205,3.404,0.019,0.053,0.754,0,0.0
sensor_flow_2,6,8.945,1.193,11.969,0.842,8.801,0.144,0,0.0
sensor_flow_2,14,2.463,0.774,4.036,0.203,1.993,0.47,0,0.0
sensor_flow_2,17,1.514,0.708,3.327,0.237,2.159,-0.644,0,0.0
sensor_flow_2,10,5.425,0.348,6.206,0.878,1.666,3.759,1,1.0
sensor_flow_2,7,8.816,0.757,10.247,1.0,8.667,0.148,0,0.0
sensor_flow_2,13,3.899,0.59,5.661,0.398,2.85,1.049,0,0.0
sensor_flow_2,12,2.335,0.761,4.583,0.47,1.641,0.693,0,0.0
sensor_flow_2,20,4.725,0.784,6.91,0.584,6.196,-1.471,0,0.0
sensor_flow_2,12,1.867,0.638,3.347,0.214,2.367,-0.5,0,0.0
sensor_flow_2,0,0.0,1.002,1.939,0.082,0.32,-0.32,0,0.0
sensor_flow_2,8,9.486,1.167,12.281,1.0,8.788,0.698,0,0.0
sensor_flow_2,20,9.225,0.907,11.463,1.0,8.872,0.353,0,0.0
sensor_flow_2,0,0.875,1.397,4.652,0.0,0.284,0.59,0,0.0
sensor_flow_2,19,4.721,0.361,5.686,0.642,5.365,-0.644,0,0.0
sensor_flow_2,14,2.264,0.898,4.556,0.0,2.703,-0.439,0,0.0
sensor_flow_2,17,0.531,1.206,3.746,0.012,1.204,-0.673,0,0.0
sensor_flow_2,5,0.0,0.573,1.33,0.0,0.133,-0.133,0,0.0
sensor_flow_2,20,8.216,0.885,10.302,0.702,8.087,0.13,0,0.0
sensor_flow_2,19,8.221,0.825,10.437,0.787,8.605,-0.384,0,0.0
sensor_flow_2,7,7.881,1.233,10.311,0.919,7.603,0.278,0,0.0
sensor_flow_2,3,0.72,1.349,4.529,0.0,0.299,0.421,0,0.0
sensor_flow_2,22,0.0,0.359,0.965,0.0,0.057,-0.057,0,0.0
sensor_flow_2,14,0.677,0.685,2.385,0.139,1.173,-0.497,0,0.0
sensor_flow_2,12,9.317,0.259,10.076,0.978,2.47,6.848,1,1.0
sensor_flow_2,0,6.418,0.487,7.823,0.904,0.487,5.931,1,1.0
sensor_flow_2,10,2.129,0.537,3.694,0.057,1.437,0.692,0,0.0
sensor_flow_2,15,5.78,0.133,6.027,0.973,2.27,3.51,1,1.0
sensor_flow_2,14,0.723,0.793,2.446,0.179,1.658,-0.935,0,0.0
sensor_flow_2,2,0.192,1.39,2.281,0.161,0.118,0.074,0,0.0
sensor_flow_2,17,1.491,0.949,3.203,0.447,1.916,-0.424,0,0.0
sensor_flow_2,17,2.638,1.314,5.669,0.256,2.385,0.253,0,0.0
sensor_flow_2,1,0.356,1.495,4.206,0.125,0.457,-0.101,0,0.0
sensor_flow_2,20,5.957,0.841,8.157,0.749,4.871,1.086,0,0.0
sensor_flow_2,16,2.667,0.968,4.613,0.094,2.396,0.272,0,0.0
sensor_flow_2,4,0.0,1.35,3.814,0.0,0.442,-0.442,0,0.0
sensor_flow_2,8,6.091,0.973,8.51,0.416,4.682,1.409,0,0.0
sensor_flow_2,8,5.066,0.62,6.39,0.72,5.391,-0.325,0,0.0
sensor_flow_2,15,6.348,0.505,7.827,0.922,1.743,4.605,1,1.0
sensor_flow_2,10,3.353,0.936,5.725,0.192,2.232,1.122,0,0.0
sensor_flow_2,2,1.326,1.063,3.206,0.0,0.432,0.894,0,0.0
sensor_flow_2,18,6.631,0.393,7.258,0.516,4.974,1.657,0,0.0
sensor_flow_2,23,0.507,0.71,2.212,0.0,0.062,0.445,0,0.0
sensor_flow_2,17,2.058,0.766,4.226,0.222,1.865,0.193,0,0.0
sensor_flow_2,7,9.012,1.201,10.984,1.0,8.887,0.126,0,0.0
sensor_flow_2,1,1.02,0.451,1.804,0.0,0.388,0.631,0,0.0
sensor_flow_2,22,0.657,0.611,2.376,0.0,0.075,0.582,0,0.0
sensor_flow_2,4,0.403,0.711,1.6,0.0,0.466,-0.064,0,0.0
sensor_flow_2,22,0.214,1.039,2.538,0.0,0.084,0.13,0,0.0
sensor_flow_2,22,0.0,0.358,0.825,0.0,0.212,-0.212,0,0.0
sensor_flow_2,13,2.154,1.117,4.575,0.121,1.815,0.339,0,0.0
sensor_flow_2,14,2.732,0.459,3.912,0.197,2.475,0.257,0,0.0
sensor_flow_2,21,4.698,1.186,8.046,0.62,4.629,0.068,0,0.0
sensor_flow_2,18,8.069,0.718,9.248,0.799,7.162,0.907,0,0.0
sensor_flow_2,7,16.25,0.529,17.371,0.961,7.855,8.395,1,1.0
sensor_flow_2,11,2.613,1.43,5.708,0.104,2.845,-0.232,0,0.0
sensor_flow_2,5,0.0,1.14,2.888,0.0,0.054,-0.054,0,0.0
sensor_flow_2,11,12.719,0.174,13.076,0.955,2.755,9.964,1,1.0
sensor_flow_2,19,7.233,0.451,8.324,0.907,7.539,-0.306,0,0.0
sensor_flow_2,20,6.478,1.177,9.851,0.894,7.519,-1.041,0,0.0
sensor_flow_2,8,3.182,0.56,4.247,0.549,4.403,-1.221,0,0.0
sensor_flow_2,21,6.634,1.089,9.519,0.655,5.831,0.803,0,0.0
sensor_flow_2,13,1.92,0.661,3.235,0.06,2.328,-0.409,0,0.0
sensor_flow_2,22,6.696,0.499,8.072,0.918,0.071,6.626,1,1.0
sensor_flow_2,0,0.0,1.11,2.12,0.231,0.024,-0.024,0,0.0
sensor_flow_2,5,0.0,0.674,1.784,0.153,0.338,-0.338,0,0.0
sensor_flow_2,12,2.498,0.634,4.4,0.292,2.41,0.088,0,0.0
sensor_flow_2,4,0.0,1.414,4.015,0.0,0.236,-0.236,0,0.0
sensor_flow_2,5,0.235,0.381,1.334,0.038,0.311,-0.075,0,0.0
sensor_flow_2,8,8.744,0.963,11.073,1.0,8.842,-0.097,0,0.0
sensor_flow_2,22,8.596,0.257,9.056,0.895,0.021,8.575,1,1.0
sensor_flow_2,12,2.588,1.361,4.942,0.467,2.929,-0.341,0,0.0
sensor_flow_2,19,13.304,0.241,13.888,0.987,5.058,8.246,1,1.0
sensor_flow_2,7,8.764,1.25,11.765,1.0,8.923,-0.159,0,0.0
sensor_flow_2,8,16.387,0.351,16.959,0.856,8.4,7.987,1,1.0
sensor_flow_2,10,8.396,0.506,9.668,0.942,1.588,6.808,1,1.0
sensor_flow_2,0,0.0,0.663,1.92,0.029,0.016,-0.016,0,0.0
sensor_flow_2,16,2.402,1.099,4.494,0.267,2.565,-0.163,0,0.0
sensor_flow_2,23,1.106,0.589,2.418,0.264,0.492,0.614,0,0.0
sensor_flow_2,3,4.257,0.238,4.731,0.967,0.324,3.933,1,1.0
sensor_flow_2,5,0.0,0.669,1.29,0.0,0.235,-0.235,0,0.0
sensor_flow_2,7,7.329,1.229,9.424,0.641,6.254,1.074,0,0.0
sensor_flow_2,15,2.608,0.927,5.003,0.0,2.309,0.299,0,0.0
sensor_flow_2,21,6.956,1.319,9.986,0.96,6.796,0.16,0,0.0
sensor_flow_2,20,7.603,0.693,8.941,0.805,7.681,-0.079,0,0.0
sensor_flow_2,10,0.069,0.788,1.973,0.179,1.09,-1.021,0,0.0
sensor_flow_2,19,4.966,1.483,8.886,0.814,6.613,-1.647,0,0.0
sensor_flow_2,20,8.783,0.355,9.749,0.726,7.563,1.22,0,0.0
sensor_flow_2,13,2.759,0.969,5.494,0.0,1.325,1.434,0,0.0
sensor_flow_2,20,8.447,0.474,9.362,0.725,7.601,0.846,0,0.0
sensor_flow_2,15,2.891,1.018,5.084,0.588,2.673,0.218,0,0.0
sensor_flow_2,20,16.351,0.266,16.85,0.902,4.409,11.941,1,1.0
sensor_flow_2,14,2.537,0.915,4.572,0.219,2.292,0.245,0,0.0
sensor_flow_2,6,13.087,0.33,13.848,0.879,8.134,4.953,1,1.0
sensor_flow_2,1,0.84,0.992,2.518,0.0,0.23,0.61,0,0.0
sensor_flow_2,20,9.296,1.165,12.652,0.914,8.321,0.975,0,0.0
sensor_flow_2,15,1.652,1.347,3.844,0.191,1.451,0.201,0,0.0
sensor_flow_2,18,5.306,0.518,6.441,0.788,5.021,0.286,0,0.0
sensor_flow_2,17,1.868,1.006,3.678,0.221,2.088,-0.219,0,0.0
sensor_flow_2,14,1.946,1.128,4.655,0.299,1.667,0.28,0,0.0
sensor_flow_2,0,0.788,0.355,1.714,0.0,0.458,0.329,0,0.0
sensor_flow_2,21,4.899,1.167,6.937,0.947,5.668,-0.77,0,0.0
sensor_flow_2,0,1.903,1.439,5.671,0.0,0.371,1.532,0,0.0
sensor_flow_2,18,4.168,0.629,5.588,0.21,4.686,-0.518,0,0.0
sensor_flow_2,5,0.0,0.909,2.106,0.0,0.174,-0.174,0,0.0
sensor_flow_2,14,1.89,1.449,4.479,0.313,2.636,-0.746,0,0.0
sensor_flow_2,22,0.095,1.413,2.799,0.074,0.137,-0.042,0,0.0
sensor_flow_2,22,0.041,0.942,1.773,0.05,0.016,0.025,0,0.0
sensor_flow_2,21,5.115,0.53,6.13,0.727,5.023,0.092,0,0.0
sensor_flow_2,22,0.968,0.403,1.723,0.053,0.228,0.74,0,0.0
sensor_flow_2,17,10.846,0.411,11.965,0.937,2.836,8.01,1,1.0
sensor_flow_2,12,1.741,0.898,4.117,0.086,1.831,-0.09,0,0.0
sensor_flow_2,2,1.154,0.797,2.928,0.063,0.39,0.765,0,0.0
sensor_flow_2,11,3.583,1.112,5.367,0.182,2.643,0.94,0,0.0
sensor_flow_2,2,0.22,0.307,0.683,0.0,0.303,-0.084,0,0.0
sensor_flow_2,19,5.27,0.417,6.369,0.388,5.337,-0.067,0,0.0
sensor_flow_2,22,0.0,0.353,0.732,0.0,0.471,-0.471,0,0.0
sensor_flow_2,9,7.762,0.418,8.949,0.925,6.4,1.362,0,0.0
sensor_flow_2,21,6.756,0.579,7.969,0.631,6.122,0.633,0,0.0
sensor_flow_2,0,0.0,0.378,0.758,0.143,0.164,-0.164,0,0.0
sensor_flow_2,14,6.741,0.205,7.124,0.916,2.232,4.509,1,1.0
sensor_flow_2,10,2.876,0.631,4.402,0.099,2.195,0.681,0,0.0
sensor_flow_2,3,0.0,0.87,2.202,0.0,0.307,-0.307,0,0.0
sensor_flow_2,4,0.089,0.828,2.004,0.0,0.076,0.013,0,0.0
sensor_flow_2,7,4.983,1.343,7.84,0.726,5.492,-0.508,0,0.0
sensor_flow_2,1,0.0,1.219,3.227,0.065,0.462,-0.462,0,0.0
sensor_flow_2,16,11.205,0.445,12.42,0.934,1.17,10.035,1,1.0
sensor_flow_2,11,2.767,0.506,3.841,0.34,1.915,0.852,0,0.0
sensor_flow_2,20,12.372,0.12,12.702,0.94,8.372,3.999,1,1.0
sensor_flow_2,23,0.601,1.072,2.375,0.028,0.045,0.555,0,0.0
sensor_flow_2,9,6.171,0.788,7.83,1.0,6.101,0.07,0,0.0
sensor_flow_2,14,0.322,1.281,3.152,0.0,1.445,-1.124,0,0.0
sensor_flow_2,0,1.212,0.426,2.151,0.13,0.385,0.826,0,0.0
sensor_flow_2,18,6.584,0.539,7.47,0.857,6.288,0.296,0,0.0
sensor_flow_2,19,16.211,0.129,16.446,0.967,8.511,7.7,1,1.0
sensor_flow_2,0,0.0,1.256,1.909,0.0,0.458,-0.458,0,0.0
sensor_flow_2,13,2.559,1.21,5.204,0.015,1.974,0.586,0,0.0
sensor_flow_2,1,0.632,0.685,1.951,0.039,0.363,0.269,0,0.0
sensor_flow_2,7,5.708,1.472,9.527,0.612,5.175,0.533,0,0.0
sensor_flow_2,23,0.887,1.19,3.444,0.0,0.176,0.711,0,0.0
sensor_flow_2,18,17.954,0.281,18.752,0.935,8.207,9.747,1,1.0
sensor_flow_2,10,1.551,1.07,4.482,0.264,1.051,0.5,0,0.0
sensor_flow_2,14,1.613,1.318,3.88,0.374,2.723,-1.11,0,0.0
sensor_flow_2,12,1.018,0.664,2.361,0.287,1.694,-0.676,0,0.0
sensor_flow_2,4,0.0,0.892,1.757,0.0,0.051,-0.051,0,0.0
sensor_flow_2,6,6.331,0.665,8.114,0.562,6.16,0.171,0,0.0
sensor_flow_2,22,0.135,1.337,2.837,0.0,0.218,-0.083,0,0.0
sensor_flow_2,22,0.145,1.279,2.55,0.341,0.451,-0.306,0,0.0
sensor_flow_2,20,7.176,1.362,9.582,0.568,6.331,0.844,0,0.0
sensor_flow_2,23,11.245,0.128,11.59,0.909,0.423,10.822,1,1.0
sensor_flow_2,5,0.964,0.914,3.556,0.094,0.204,0.761,0,0.0
sensor_flow_2,10,2.493,1.318,5.492,0.003,1.677,0.815,0,0.0
sensor_flow_2,2,1.53,1.263,5.09,0.223,0.282,1.247,0,0.0
sensor_flow_2,21,5.848,0.512,7.112,0.604,5.463,0.385,0,0.0
sensor_flow_2,2,0.56,0.844,2.951,0.0,0.414,0.146,0,0.0
sensor_flow_2,22,0.314,0.976,2.695,0.237,0.312,0.002,0,0.0
sensor_flow_2,4,0.766,0.69,2.13,0.037,0.045,0.72,0,0.0
sensor_flow_2,8,4.442,0.934,6.735,0.736,4.734,-0.292,0,0.0
sensor_flow_2,19,5.33,1.449,8.823,0.811,5.064,0.266,0,0.0
sensor_flow_2,15,1.28,1.193,3.834,0.209,1.439,-0.159,0,0.0
sensor_flow_2,19,8.517,0.857,10.069,1.0,7.259,1.258,0,0.0
sensor_flow_2,18,8.51,0.936,11.212,0.917,8.952,-0.442,0,0.0
sensor_flow_2,8,6.289,0.983,8.94,0.734,6.208,0.081,0,0.0
sensor_flow_2,13,2.373,0.51,3.74,0.377,2.133,0.24,0,0.0
sensor_flow_2,11,1.121,0.974,2.665,0.041,1.117,0.004,0,0.0
sensor_flow_2,16,3.281,1.434,6.399,0.423,2.511,0.77,0,0.0
sensor_flow_2,5,11.738,0.581,13.434,0.897,0.181,11.557,1,1.0
sensor_flow_2,13,4.08,1.019,6.097,0.294,2.962,1.118,0,0.0
sensor_flow_2,0,0.081,0.442,1.08,0.0,0.177,-0.095,0,0.0
sensor_flow_2,11,0.372,1.101,3.133,0.227,1.388,-1.016,0,0.0
sensor_flow_2,4,0.716,1.372,2.862,0.06,0.191,0.525,0,0.0
sensor_flow_2,2,0.594,1.25,4.302,0.074,0.112,0.482,0,0.0
sensor_flow_2,13,12.302,0.211,12.64,0.876,1.928,10.375,1,1.0
sensor_flow_2,6,5.259,1.202,7.231,0.434,5.631,-0.372,0,0.0
sensor_flow_2,7,3.93,0.745,5.794,0.737,4.752,-0.821,0,0.0
sensor_flow_2,7,8.298,1.202,11.222,0.682,8.298,-0.0,0,0.0
sensor_flow_2,15,1.912,0.823,3.147,0.207,2.35,-0.438,0,0.0
sensor_flow_2,15,1.862,0.901,3.64,0.187,1.369,0.493,0,0.0
sensor_flow_2,12,1.663,1.226,5.128,0.153,1.627,0.037,0,0.0
sensor_flow_2,5,11.466,0.438,12.603,0.943,0.253,11.213,1,1.0
sensor_flow_2,6,6.002,0.408,7.161,0.455,5.422,0.58,0,0.0
sensor_flow_2,1,0.915,0.444,1.684,0.037,0.404,0.511,0,0.0
sensor_flow_2,23,1.007,0.385,1.693,0.0,0.433,0.574,0,0.0
sensor_flow_2,6,5.108,0.884,6.66,0.558,4.848,0.26,0,0.0
sensor_flow_2,4,1.024,0.332,1.681,0.0,0.009,1.014,0,0.0
sensor_flow_2,10,1.913,1.358,5.569,0.0,1.134,0.779,0,0.0
sensor_flow_2,18,7.812,0.449,9.033,0.957,8.324,-0.512,0,0.0
sensor_flow_2,8,4.397,1.233,7.584,0.579,4.826,-0.429,0,0.0
sensor_flow_2,5,0.0,1.38,2.297,0.183,0.046,-0.046,0,0.0
sensor_flow_2,19,4.743,1.272,7.075,0.756,4.393,0.35,0,0.0
sensor_flow_2,4,0.0,1.066,2.555,0.004,0.336,-0.336,0,0.0
sensor_flow_2,18,5.103,0.952,7.18,0.675,5.822,-0.72,0,0.0
sensor_flow_2,20,3.695,0.692,5.695,0.408,4.476,-0.781,0,0.0
sensor_flow_2,20,13.573,0.233,14.161,0.976,5.377,8.196,1,1.0
sensor_flow_2,7,3.161,0.318,3.737,0.707,4.02,-0.858,0,0.0
sensor_flow_2,1,0.0,0.956,2.175,0.0,0.287,-0.287,0,0.0
sensor_flow_2,21,9.148,0.853,10.635,0.924,8.797,0.351,0,0.0
sensor_flow_2,17,3.41,0.781,4.943,0.318,2.788,0.622,0,0.0
sensor_flow_2,13,3.3,0.873,5.766,0.156,2.339,0.961,0,0.0
sensor_flow_2,0,0.995,0.657,2.842,0.113,0.449,0.546,0,0.0
sensor_flow_2,16,0.651,1.187,4.128,0.267,1.108,-0.457,0,0.0
sensor_flow_2,16,1.996,0.631,3.728,0.251,1.707,0.289,0,0.0
sensor_flow_2,0,0.0,0.558,0.941,0.254,0.053,-0.053,0,0.0
sensor_flow_2,15,1.866,0.558,3.392,0.199,1.512,0.355,0,0.0
sensor_flow_2,11,1.379,0.651,2.517,0.16,1.531,-0.151,0,0.0
sensor_flow_2,14,0.743,0.504,1.61,0.0,2.115,-1.372,0,0.0
sensor_flow_2,16,3.385,1.198,5.434,0.539,2.892,0.492,0,0.0
sensor_flow_2,19,8.165,1.092,10.693,1.0,8.145,0.02,0,0.0
sensor_flow_2,10,0.938,1.356,3.046,0.0,1.03,-0.092,0,0.0
sensor_flow_2,0,1.115,1.264,3.734,0.0,0.396,0.719,0,0.0
sensor_flow_2,18,5.114,1.039,8.139,0.756,5.75,-0.635,0,0.0
sensor_flow_2,3,1.352,0.919,4.005,0.0,0.133,1.219,0,0.0
sensor_flow_2,16,1.701,1.364,4.177,0.034,1.531,0.17,0,0.0
sensor_flow_2,18,6.35,0.863,8.372,0.793,7.886,-1.537,0,0.0
sensor_flow_2,22,10.759,0.129,10.961,0.982,0.388,10.371,1,1.0
sensor_flow_2,3,0.233,1.087,2.718,0.0,0.09,0.143,0,0.0
sensor_flow_2,3,0.654,0.433,1.366,0.143,0.266,0.388,0,0.0
sensor_flow_2,6,7.534,1.291,10.648,0.952,6.933,0.601,0,0.0
sensor_flow_2,5,0.0,0.371,0.788,0.045,0.176,-0.176,0,0.0
sensor_flow_2,3,0.236,0.722,1.962,0.135,0.336,-0.1,0,0.0
sensor_flow_2,7,8.167,0.512,9.647,1.0,8.785,-0.618,0,0.0
sensor_flow_2,13,0.436,1.022,2.544,0.355,1.219,-0.783,0,0.0
sensor_flow_2,16,0.8,0.983,3.38,0.0,1.326,-0.526,0,0.0
sensor_flow_2,14,2.219,1.061,4.511,0.154,2.246,-0.027,0,0.0
sensor_flow_2,2,0.65,1.444,3.023,0.135,0.399,0.251,0,0.0
sensor_flow_2,21,15.551,0.117,15.892,0.938,7.877,7.674,1,1.0
sensor_flow_2,22,0.0,0.949,1.73,0.0,0.184,-0.184,0,0.0
sensor_flow_2,9,5.108,1.139,7.839,0.635,5.773,-0.665,0,0.0
sensor_flow_2,13,2.144,1.34,4.267,0.084,2.302,-0.158,0,0.0
sensor_flow_2,16,0.0,1.402,3.831,0.323,1.121,-1.121,0,0.0
sensor_flow_2,23,0.0,0.303,0.888,0.042,0.361,-0.361,0,0.0
sensor_flow_2,21,8.039,1.489,11.573,0.753,7.759,0.28,0,0.0
sensor_flow_2,6,11.234,0.447,12.442,0.866,6.308,4.927,1,1.0
sensor_flow_2,0,0.097,1.257,1.988,0.0,0.05,0.047,0,0.0
sensor_flow_2,15,1.918,0.342,2.61,0.151,2.086,-0.168,0,0.0
sensor_flow_2,1,0.0,1.12,2.615,0.085,0.333,-0.333,0,0.0
sensor_flow_2,16,1.968,0.561,2.934,0.078,1.848,0.119,0,0.0
sensor_flow_2,15,10.517,0.475,11.375,0.993,2.021,8.496,1,1.0
sensor_flow_2,9,4.871,0.788,6.93,0.529,5.043,-0.172,0,0.0
sensor_flow_2,6,6.233,1.064,8.042,0.787,6.744,-0.512,0,0.0
sensor_flow_2,0,0.589,1.164,3.088,0.232,0.441,0.148,0,0.0
sensor_flow_3,3,0.0,0.305,0.523,0.074,0.018,-0.018,0,0.0
sensor_flow_3,9,7.493,0.503,8.819,0.547,6.505,0.988,0,0.0
sensor_flow_3,14,10.109,0.213,10.645,0.967,1.637,8.472,1,1.0
sensor_flow_3,20,7.452,1.385,9.908,0.829,7.866,-0.413,0,0.0
sensor_flow_3,9,6.244,0.7,7.36,0.801,7.468,-1.224,0,0.0
sensor_flow_3,19,6.799,0.498,7.558,0.652,7.166,-0.367,0,0.0
sensor_flow_3,10,2.934,0.334,3.498,0.356,2.465,0.469,0,0.0
sensor_flow_3,17,0.742,0.606,1.729,0.072,1.562,-0.82,0,0.0
sensor_flow_3,21,6.285,1.207,8.125,0.729,6.192,0.093,0,0.0
sensor_flow_3,3,11.503,0.568,13.059,0.895,0.31,11.193,1,1.0
sensor_flow_3,18,5.238,0.67,7.224,0.503,4.502,0.736,0,0.0
sensor_flow_3,15,0.856,1.025,2.548,0.084,1.828,-0.972,0,0.0
sensor_flow_3,2,2.033,0.321,2.877,0.0,0.242,1.791,0,0.0
sensor_flow_3,19,8.111,1.094,11.381,0.798,8.734,-0.623,0,0.0
sensor_flow_3,6,6.309,1.305,8.943,0.626,6.696,-0.388,0,0.0
sensor_flow_3,10,2.11,0.966,4.656,0.287,2.927,-0.816,0,0.0
sensor_flow_3,21,3.918,1.133,6.223,0.429,4.386,-0.468,0,0.0
sensor_flow_3,14,1.626,0.618,2.612,0.052,1.102,0.524,0,0.0
sensor_flow_3,6,6.077,0.763,7.664,0.571,5.359,0.717,0,0.0
sensor_flow_3,16,12.274,0.337,13.263,0.958,1.58,10.694,1,1.0
sensor_flow_3,12,9.472,0.523,11.034,0.861,2.35,7.122,1,1.0
sensor_flow_3,0,0.14,1.004,1.971,0.0,0.29,-0.15,0,0.0
sensor_flow_3,3,0.753,0.876,3.005,0.0,0.006,0.747,0,0.0
sensor_flow_3,11,2.375,0.768,3.58,0.429,2.777,-0.402,0,0.0
sensor_flow_3,1,1.026,0.979,3.945,0.0,0.002,1.024,0,0.0
sensor_flow_3,17,1.956,0.326,2.542,0.188,2.473,-0.517,0,0.0
sensor_flow_3,22,1.361,0.412,2.275,0.087,0.312,1.049,0,0.0
sensor_flow_3,15,11.388,0.486,12.493,0.898,1.838,9.55,1,1.0
sensor_flow_3,5,0.0,1.354,2.255,0.0,0.184,-0.184,0,0.0
sensor_flow_3,14,1.906,1.024,4.57,0.326,2.599,-0.693,0,0.0
sensor_flow_3,4,1.053,0.939,3.067,0.0,0.439,0.615,0,0.0
sensor_flow_3,3,1.044,0.675,3.062,0.07,0.042,1.002,0,0.0
sensor_flow_3,11,0.824,0.807,3.125,0.454,1.699,-0.875,0,0.0
sensor_flow_3,22,9.699,0.594,11.374,0.906,0.38,9.319,1,1.0
sensor_flow_3,2,1.514,0.875,3.345,0.17,0.486,1.028,0,0.0
sensor_flow_3,9,7.172,0.42,8.41,0.871,8.577,-1.405,0,0.0
sensor_flow_3,17,2.599,1.239,5.251,0.344,2.798,-0.199,0,0.0
sensor_flow_3,15,2.316,1.037,4.01,0.239,1.577,0.739,0,0.0
sensor_flow_3,17,1.139,0.71,3.03,0.094,1.202,-0.062,0,0.0
sensor_flow_3,22,1.249,0.363,1.868,0.0,0.414,0.835,0,0.0
sensor_flow_3,14,2.148,0.301,2.674,0.205,2.681,-0.533,0,0.0
sensor_flow_3,7,6.908,1.06,9.521,0.687,5.879,1.03,0,0.0
sensor_flow_3,6,2.974,0.484,3.701,0.528,4.296,-1.322,0,0.0
sensor_flow_3,22,8.933,0.41,10.055,0.979,0.371,8.562,1,1.0
sensor_flow_3,22,0.111,0.896,2.74,0.0,0.19,-0.079,0,0.0
sensor_flow_3,16,12.744,0.389,13.416,0.96,1.629,11.115,1,1.0
sensor_flow_3,17,1.385,0.58,2.265,0.052,2.29,-0.905,0,0.0
sensor_flow_3,9,5.46,0.984,7.774,0.441,5.41,0.051,0,0.0
sensor_flow_3,14,2.422,1.081,4.246,0.145,1.851,0.571,0,0.0
sensor_flow_3,5,0.0,1.47,3.971,0.29,0.376,-0.376,0,0.0
sensor_flow_3,10,10.015,0.249,10.649,0.954,1.471,8.544,1,1.0
sensor_flow_3,13,1.89,0.862,3.282,0.217,1.911,-0.021,0,0.0
sensor_flow_3,18,4.476,0.402,5.171,0.444,4.167,0.308,0,0.0
sensor_flow_3,23,0.946,0.852,3.461,0.0,0.362,0.584,0,0.0
sensor_flow_3,8,7.901,1.448,11.699,0.975,6.99,0.911,0,0.0
sensor_flow_3,2,1.704,0.573,3.386,0.003,0.224,1.48,0,0.0
sensor_flow_3,19,5.945,0.723,7.809,0.679,5.225,0.72,0,0.0
sensor_flow_3,18,5.297,0.304,6.075,0.678,5.137,0.16,0,0.0
sensor_flow_3,8,6.223,1.073,9.434,0.295,4.905,1.318,0,0.0
sensor_flow_3,23,0.413,0.896,2.875,0.0,0.401,0.012,0,0.0
sensor_flow_3,21,6.983,0.58,8.305,0.737,5.514,1.47,0,0.0
sensor_flow_3,2,0.0,0.529,1.425,0.0,0.038,-0.038,0,0.0
sensor_flow_3,19,6.534,1.227,9.196,0.838,6.323,0.211,0,0.0
sensor_flow_3,15,3.153,1.453,6.944,0.415,2.962,0.191,0,0.0
sensor_flow_3,12,1.305,1.014,3.356,0.395,1.847,-0.542,0,0.0
sensor_flow_3,18,9.384,0.638,10.379,0.853,8.741,0.642,0,0.0
sensor_flow_3,20,5.718,0.882,7.503,0.661,6.272,-0.554,0,0.0
sensor_flow_3,10,6.079,0.45,7.336,0.954,1.204,4.875,1,1.0
sensor_flow_3,7,6.74,1.077,8.759,0.808,6.677,0.063,0,0.0
sensor_flow_3,18,9.299,1.439,12.307,1.0,8.874,0.425,0,0.0
sensor_flow_3,13,0.591,0.869,2.371,0.386,1.808,-1.217,0,0.0
sensor_flow_3,1,0.626,1.135,3.865,0.225,0.306,0.321,0,0.0
sensor_flow_3,15,1.418,0.328,2.011,0.151,2.061,-0.643,0,0.0
sensor_flow_3,20,8.799,0.655,9.81,1.0,8.984,-0.185,0,0.0
sensor_flow_3,20,7.013,0.661,8.455,0.759,7.084,-0.071,0,0.0
sensor_flow_3,4,0.0,0.539,1.383,0.063,0.013,-0.013,0,0.0
sensor_flow_3,1,0.488,0.961,2.217,0.136,0.108,0.38,0,0.0
sensor_flow_3,20,8.102,0.41,8.868,0.865,8.976,-0.874,0,0.0
sensor_flow_3,15,7.859,0.343,8.8,0.918,1.459,6.4,1,1.0
sensor_flow_3,2,0.0,1.452,2.713,0.072,0.127,-0.127,0,0.0
sensor_flow_3,10,4.945,0.403,5.706,0.971,1.282,3.663,1,1.0
sensor_flow_3,14,3.842,0.789,6.108,0.473,2.867,0.975,0,0.0
sensor_flow_3,21,7.128,1.42,10.833,0.905,7.433,-0.305,0,0.0
sensor_flow_3,17,5.193,0.169,5.649,0.939,1.938,3.255,1,1.0
sensor_flow_3,18,4.454,1.487,7.757,0.585,4.877,-0.422,0,0.0
sensor_flow_3,22,0.246,0.522,1.224,0.0,0.288,-0.042,0,0.0
sensor_flow_3,13,0.615,0.939,2.477,0.045,1.616,-1.002,0,0.0
sensor_flow_3,13,11.903,0.351,12.431,0.881,2.271,9.632,1,1.0
sensor_flow_3,12,1.955,1.067,3.938,0.343,2.325,-0.37,0,0.0
sensor_flow_3,16,1.116,0.82,3.557,0.333,2.038,-0.922,0,0.0
sensor_flow_3,9,5.048,1.324,7.88,0.795,5.211,-0.163,0,0.0
sensor_flow_3,21,19.478,0.347,20.495,0.867,8.92,10.558,1,1.0
sensor_flow_3,2,0.378,0.618,1.8,0.166,0.44,-0.062,0,0.0
sensor_flow_3,13,1.971,0.508,3.083,0.0,1.144,0.827,0,0.0
sensor_flow_3,7,6.048,0.405,7.145,0.729,4.887,1.161,0,0.0
sensor_flow_3,1,0.0,0.352,0.676,0.158,0.04,-0.04,0,0.0
sensor_flow_3,9,6.1,1.474,8.478,0.962,4.874,1.225,0,0.0
sensor_flow_3,15,2.313,0.479,3.522,0.1,2.316,-0.002,0,0.0
sensor_flow_3,3,0.233,0.865,2.408,0.35,0.492,-0.259,0,0.0
sensor_flow_3,1,0.0,0.901,1.715,0.049,0.232,-0.232,0,0.0
sensor_flow_3,23,0.136,1.454,3.204,0.246,0.215,-0.078,0,0.0
sensor_flow_3,15,2.282,0.796,4.384,0.153,1.38,0.901,0,0.0
sensor_flow_3,3,0.405,1.146,3.669,0.008,0.234,0.171,0,0.0
sensor_flow_3,12,14.905,0.452,15.862,0.939,2.929,11.976,1,1.0
sensor_flow_3,2,0.0,1.032,2.317,0.039,0.402,-0.402,0,0.0
sensor_flow_3,8,6.795,0.415,7.794,0.757,6.917,-0.123,0,0.0
sensor_flow_3,6,8.732,0.434,9.709,0.836,7.896,0.837,0,0.0
sensor_flow_3,22,0.814,0.684,2.478,0.0,0.05,0.764,0,0.0
sensor_flow_3,8,5.378,0.744,7.045,0.728,6.164,-0.786,0,0.0
sensor_flow_3,0,0.0,0.785,1.58,0.03,0.138,-0.138,0,0.0
sensor_flow_3,7,7.871,1.363,10.565,0.793,8.614,-0.743,0,0.0
sensor_flow_3,12,1.07,0.788,2.688,0.045,1.075,-0.004,0,0.0
sensor_flow_3,6,8.615,1.28,11.114,0.987,8.456,0.159,0,0.0
sensor_flow_3,15,0.102,0.695,1.234,0.387,1.101,-0.999,0,0.0
sensor_flow_3,2,0.0,1.082,2.992,0.238,0.176,-0.176,0,0.0
sensor_flow_3,11,1.884,0.386,2.705,0.26,2.81,-0.926,0,0.0
sensor_flow_3,7,7.015,0.633,8.494,0.792,6.73,0.285,0,0.0
sensor_flow_3,13,2.43,0.766,4.127,0.225,1.981,0.449,0,0.0
sensor_flow_3,4,1.05,0.935,3.125,0.0,0.38,0.67,0,0.0
sensor_flow_3,3,0.391,1.484,3.972,0.158,0.34,0.05,0,0.0
sensor_flow_3,15,2.679,0.45,3.368,0.268,2.423,0.256,0,0.0
sensor_flow_3,11,3.134,1.385,6.685,0.432,2.512,0.622,0,0.0
sensor_flow_3,0,0.45,0.653,1.652,0.0,0.459,-0.009,0,0.0
sensor_flow_3,11,2.468,0.841,3.889,0.537,2.655,-0.187,0,0.0
sensor_flow_3,9,6.994,0.871,9.237,0.763,7.833,-0.839,0,0.0
sensor_flow_3,6,8.065,0.705,10.072,0.897,7.967,0.098,0,0.0
sensor_flow_3,20,4.365,1.133,6.676,0.662,4.297,0.068,0,0.0
sensor_flow_3,3,0.0,0.557,1.264,0.0,0.138,-0.138,0,0.0
sensor_flow_3,21,7.656,0.738,9.674,0.832,8.136,-0.481,0,0.0
sensor_flow_3,18,6.486,1.436,10.761,0.478,6.831,-0.345,0,0.0
sensor_flow_3,13,1.479,0.959,3.075,0.131,1.751,-0.272,0,0.0
sensor_flow_3,12,1.645,1.483,5.742,0.176,1.511,0.134,0,0.0
sensor_flow_3,17,2.073,1.253,4.353,0.188,1.262,0.811,0,0.0
sensor_flow_3,4,5.783,0.183,6.268,0.898,0.274,5.509,1,1.0
sensor_flow_3,13,2.547,0.881,4.995,0.161,2.224,0.324,0,0.0
sensor_flow_3,2,0.816,0.879,2.394,0.0,0.081,0.735,0,0.0
sensor_flow_3,20,12.537,0.178,13.043,0.971,4.375,8.162,1,1.0
sensor_flow_3,2,0.568,1.358,2.826,0.0,0.146,0.422,0,0.0
sensor_flow_3,19,6.766,1.413,9.536,0.506,6.498,0.268,0,0.0
sensor_flow_3,23,1.09,0.575,2.68,0.0,0.241,0.849,0,0.0
sensor_flow_3,11,1.479,0.317,2.125,0.15,1.423,0.056,0,0.0
sensor_flow_3,2,0.0,1.114,2.531,0.0,0.033,-0.033,0,0.0
sensor_flow_3,20,3.653,1.145,6.928,0.528,4.271,-0.619,0,0.0
sensor_flow_3,21,9.36,0.329,10.238,0.856,5.611,3.749,1,1.0
sensor_flow_3,6,2.834,0.336,3.842,0.325,4.067,-1.233,0,0.0
sensor_flow_3,20,8.074,1.15,10.185,0.808,7.986,0.089,0,0.0
sensor_flow_3,9,6.58,1.314,9.204,0.834,5.865,0.715,0,0.0
sensor_flow_3,12,2.59,1.051,5.679,0.0,1.475,1.115,0,0.0
sensor_flow_3,14,2.187,0.712,3.959,0.353,1.052,1.136,0,0.0
sensor_flow_3,6,5.743,1.356,9.361,0.452,5.794,-0.051,0,0.0
sensor_flow_3,1,0.0,0.308,0.583,0.248,0.231,-0.231,0,0.0
sensor_flow_3,16,5.291,0.108,5.455,0.874,2.084,3.207,1,1.0
sensor_flow_3,15,2.872,1.27,5.572,0.267,2.118,0.754,0,0.0
sensor_flow_3,3,1.964,1.104,4.211,0.0,0.215,1.749,0,0.0
sensor_flow_3,14,1.182,0.654,2.96,0.208,1.579,-0.397,0,0.0
sensor_flow_3,16,12.057,0.304,12.798,0.881,1.982,10.076,1,1.0
sensor_flow_3,6,5.314,0.913,6.841,0.532,4.438,0.876,0,0.0
sensor_flow_3,10,3.891,0.934,6.568,0.106,2.479,1.413,0,0.0
sensor_flow_3,17,1.477,1.28,5.098,0.205,1.738,-0.261,0,0.0
sensor_flow_3,2,0.0,0.727,2.131,0.0,0.189,-0.189,0,0.0
sensor_flow_3,1,0.0,1.255,2.165,0.104,0.255,-0.255,0,0.0
sensor_flow_3,6,8.003,0.534,9.555,0.865,8.341,-0.338,0,0.0
sensor_flow_3,19,13.284,0.285,13.857,0.914,4.394,8.89,1,1.0
sensor_flow_3,9,7.038,0.497,8.127,0.55,6.328,0.71,0,0.0
sensor_flow_3,14,0.959,0.631,2.257,0.131,1.221,-0.262,0,0.0
sensor_flow_3,13,1.518,0.489,2.569,0.234,1.441,0.077,0,0.0
sensor_flow_3,15,2.051,0.425,3.104,0.232,1.387,0.664,0,0.0
sensor_flow_3,21,5.714,1.141,8.874,0.952,6.477,-0.763,0,0.0
sensor_flow_3,20,7.551,1.036,10.011,0.74,7.628,-0.077,0,0.0
sensor_flow_3,19,4.696,0.967,6.894,0.328,4.514,0.181,0,0.0
sensor_flow_3,7,6.544,0.931,9.129,0.87,7.377,-0.833,0,0.0
sensor_flow_3,8,9.076,0.346,10.109,0.855,8.472,0.604,0,0.0
sensor_flow_3,2,0.585,1.498,5.039,0.0,0.343,0.242,0,0.0
sensor_flow_3,3,0.0,1.11,2.526,0.118,0.072,-0.072,0,0.0
sensor_flow_3,18,7.006,0.492,8.158,0.839,7.058,-0.052,0,0.0
sensor_flow_3,0,9.864,0.221,10.382,0.947,0.172,9.692,1,1.0
sensor_flow_3,0,0.0,0.969,2.079,0.197,0.295,-0.295,0,0.0
sensor_flow_3,10,2.545,0.552,3.483,0.09,1.982,0.563,0,0.0
sensor_flow_3,21,16.055,0.281,16.871,0.989,7.124,8.931,1,1.0
sensor_flow_3,21,9.008,1.08,10.887,0.914,8.23,0.779,0,0.0
sensor_flow_3,20,6.995,0.307,7.783,0.689,7.308,-0.313,0,0.0
sensor_flow_3,21,3.489,0.63,4.558,0.376,4.069,-0.579,0,0.0
sensor_flow_3,9,8.28,0.782,10.479,0.813,8.331,-0.051,0,0.0
sensor_flow_3,19,5.122,1.088,7.022,0.677,5.524,-0.403,0,0.0
sensor_flow_3,16,0.886,1.231,2.831,0.234,1.208,-0.323,0,0.0
sensor_flow_3,6,7.008,0.594,7.92,0.759,7.125,-0.118,0,0.0
sensor_flow_3,18,7.228,0.429,8.178,1.0,8.021,-0.793,0,0.0
sensor_flow_3,19,5.436,1.072,8.131,0.514,5.962,-0.526,0,0.0
sensor_flow_3,5,0.0,1.104,2.165,0.123,0.48,-0.48,0,0.0
sensor_flow_3,11,2.859,1.042,5.254,0.262,2.231,0.628,0,0.0
sensor_flow_3,21,6.223,1.244,8.703,0.808,7.432,-1.209,0,0.0
sensor_flow_3,6,7.24,1.222,10.901,0.679,5.787,1.453,0,0.0
sensor_flow_3,3,0.293,0.938,2.076,0.0,0.217,0.075,0,0.0
sensor_flow_3,22,0.012,0.842,1.859,0.0,0.099,-0.088,0,0.0
sensor_flow_3,13,1.843,0.818,3.241,0.251,1.882,-0.039,0,0.0
sensor_flow_3,8,8.489,0.445,9.648,0.973,4.007,4.482,1,1.0
sensor_flow_3,12,2.803,0.474,4.151,0.393,2.989,-0.186,0,0.0
sensor_flow_3,17,0.998,1.036,3.774,0.007,1.205,-0.207,0,0.0
sensor_flow_3,6,18.986,0.395,20.158,0.883,8.255,10.731,1,1.0
sensor_flow_3,13,2.661,0.759,4.007,0.177,2.879,-0.218,0,0.0
sensor_flow_3,7,8.388,1.059,10.238,0.964,8.133,0.255,0,0.0
sensor_flow_3,20,6.747,1.399,9.5,0.833,6.368,0.379,0,0.0
sensor_flow_3,10,2.36,0.772,4.142,0.21,2.197,0.163,0,0.0
sensor_flow_3,21,7.959,0.404,8.657,1.0,7.804,0.155,0,0.0
sensor_flow_3,23,0.0,1.29,2.233,0.152,0.374,-0.374,0,0.0
sensor_flow_3,0,1.21,0.431,2.223,0.099,0.029,1.18,0,0.0
sensor_flow_3,8,5.572,1.121,7.287,0.735,6.071,-0.499,0,0.0
sensor_flow_3,17,2.091,0.979,3.744,0.445,2.891,-0.8,0,0.0
sensor_flow_3,4,0.0,1.257,3.089,0.0,0.478,-0.478,0,0.0
sensor_flow_3,4,4.633,0.587,6.244,0.944,0.149,4.484,1,1.0
sensor_flow_3,12,2.788,0.73,3.922,0.0,2.531,0.257,0,0.0
sensor_flow_3,0,1.098,1.395,4.409,0.0,0.023,1.075,0,0.0
sensor_flow_3,12,10.54,0.371,11.516,0.903,2.492,8.049,1,1.0
sensor_flow_3,20,9.002,1.182,12.185,0.79,8.82,0.182,0,0.0
sensor_flow_3,15,0.585,0.414,1.445,0.04,1.08,-0.494,0,0.0
sensor_flow_3,3,0.302,1.132,2.818,0.0,0.008,0.293,0,0.0
sensor_flow_3,5,0.608,0.839,2.045,0.305,0.414,0.194,0,0.0
sensor_flow_3,4,0.379,0.651,1.674,0.096,0.404,-0.025,0,0.0
sensor_flow_3,16,2.492,0.324,3.176,0.216,1.34,1.152,0,0.0
sensor_flow_3,0,10.388,0.513,11.771,0.882,0.274,10.114,1,1.0
sensor_flow_3,8,5.968,0.75,7.416,0.945,6.116,-0.147,0,0.0
sensor_flow_3,8,7.187,1.404,9.497,0.773,6.577,0.61,0,0.0
sensor_flow_3,3,0.524,1.332,3.084,0.223,0.372,0.152,0,0.0
sensor_flow_3,20,8.811,0.385,9.893,0.816,7.253,1.558,0,0.0
sensor_flow_3,13,1.577,1.179,4.735,0.055,1.874,-0.298,0,0.0
sensor_flow_3,0,0.399,0.352,1.338,0.056,0.142,0.258,0,0.0
sensor_flow_3,16,0.364,0.648,1.658,0.273,1.54,-1.176,0,0.0
sensor_flow_3,8,7.822,1.423,11.974,0.777,7.52,0.301,0,0.0
sensor_flow_3,19,5.525,0.527,6.458,0.742,5.335,0.19,0,0.0
sensor_flow_3,2,8.205,0.132,8.588,0.954,0.437,7.768,1,1.0
sensor_flow_3,3,1.411,1.348,4.705,0.241,0.186,1.225,0,0.0
sensor_flow_3,19,5.88,0.959,8.712,0.566,5.836,0.044,0,0.0
sensor_flow_3,3,0.722,0.369,1.662,0.0,0.398,0.324,0,0.0
sensor_flow_3,14,1.728,0.48,2.964,0.0,1.233,0.495,0,0.0
sensor_flow_3,12,0.865,1.028,3.528,0.222,1.516,-0.652,0,0.0
sensor_flow_3,8,6.519,0.961,8.432,0.549,5.571,0.948,0,0.0
sensor_flow_3,17,1.311,0.917,3.105,0.174,1.214,0.097,0,0.0
sensor_flow_3,23,0.0,0.594,1.698,0.04,0.079,-0.079,0,0.0
sensor_flow_3,1,0.221,0.553,1.793,0.0,0.035,0.186,0,0.0
sensor_flow_3,21,3.357,1.231,6.14,0.358,4.413,-1.056,0,0.0
sensor_flow_3,23,1.038,1.287,3.805,0.184,0.1,0.938,0,0.0
sensor_flow_3,22,1.11,0.615,2.297,0.0,0.387,0.723,0,0.0
sensor_flow_3,9,6.539,0.522,7.985,0.739,6.728,-0.189,0,0.0
sensor_flow_3,9,8.49,1.154,10.757,0.84,7.726,0.764,0,0.0
sensor_flow_3,1,1.182,1.087,3.33,0.188,0.116,1.066,0,0.0
sensor_flow_3,0,0.384,1.276,3.959,0.017,0.041,0.343,0,0.0
sensor_flow_3,0,0.0,0.892,1.797,0.212,0.101,-0.101,0,0.0
sensor_flow_3,23,0.0,0.442,1.154,0.0,0.338,-0.338,0,0.0
sensor_flow_3,19,4.344,1.191,6.971,0.427,4.018,0.326,0,0.0
sensor_flow_3,13,1.455,0.746,2.605,0.0,1.875,-0.42,0,0.0
sensor_flow_3,3,0.447,1.381,3.681,0.196,0.466,-0.018,0,0.0
sensor_flow_3,1,0.539,1.053,3.689,0.0,0.339,0.2,0,0.0
sensor_flow_3,2,0.397,0.778,1.595,0.044,0.005,0.392,0,0.0
sensor_flow_3,4,0.011,0.849,2.446,0.029,0.132,-0.121,0,0.0
sensor_flow_3,23,0.0,1.148,2.057,0.158,0.48,-0.48,0,0.0
sensor_flow_3,7,8.348,1.165,10.767,1.0,8.543,-0.196,0,0.0
sensor_flow_3,18,2.893,0.425,3.879,0.393,4.098,-1.205,0,0.0
sensor_flow_3,23,1.012,0.453,1.91,0.049,0.422,0.59,0,0.0
sensor_flow_3,13,13.144,0.561,14.512,0.945,2.68,10.464,1,1.0
sensor_flow_3,5,0.076,0.575,0.94,0.049,0.075,0.002,0,0.0
sensor_flow_3,20,7.382,0.302,8.083,0.858,7.28,0.102,0,0.0
sensor_flow_3,6,7.771,0.933,10.402,1.0,6.673,1.098,0,0.0
sensor_flow_3,12,0.589,1.227,4.09,0.081,1.082,-0.493,0,0.0
sensor_flow_3,22,0.0,0.865,2.268,0.071,0.01,-0.01,0,0.0
sensor_flow_3,20,6.493,1.253,9.289,0.956,6.106,0.387,0,0.0
sensor_flow_3,11,2.35,1.264,4.334,0.268,2.8,-0.45,0,0.0
sensor_flow_3,3,1.248,0.954,3.489,0.325,0.343,0.905,0,0.0
sensor_flow_3,17,1.224,0.305,2.049,0.295,1.057,0.167,0,0.0
sensor_flow_3,11,3.952,0.594,5.389,0.33,2.694,1.258,0,0.0
sensor_flow_3,2,0.0,1.175,3.448,0.212,0.123,-0.123,0,0.0
sensor_flow_3,13,1.785,0.435,2.468,0.128,1.489,0.296,0,0.0
sensor_flow_3,0,0.349,0.679,2.272,0.0,0.272,0.077,0,0.0
sensor_flow_3,1,8.469,0.258,8.921,0.877,0.241,8.228,1,1.0
sensor_flow_3,22,0.593,1.304,3.385,0.0,0.09,0.503,0,0.0
sensor_flow_3,11,7.908,0.411,9.017,0.955,2.752,5.156,1,1.0
sensor_flow_3,3,0.649,0.982,2.604,0.201,0.205,0.443,0,0.0
sensor_flow_3,2,5.912,0.561,7.239,0.96,0.474,5.438,1,1.0
sensor_flow_3,0,10.608,0.225,11.024,0.993,0.33,10.278,1,1.0
sensor_flow_3,19,8.097,1.238,11.741,0.827,6.727,1.37,0,0.0
sensor_flow_3,15,3.344,0.865,5.606,0.231,1.591,1.753,0,0.0
sensor_flow_3,0,0.697,0.385,1.625,0.0,0.28,0.417,0,0.0
sensor_flow_3,14,10.751,0.226,11.344,0.934,2.854,7.896,1,1.0
sensor_flow_3,9,7.84,0.911,10.467,0.792,7.624,0.215,0,0.0
sensor_flow_3,17,7.755,0.328,8.3,0.994,2.566,5.189,1,1.0
sensor_flow_3,22,0.0,0.589,0.964,0.149,0.171,-0.171,0,0.0
sensor_flow_3,13,3.505,0.717,4.868,0.56,2.636,0.869,0,0.0
sensor_flow_3,15,1.299,0.856,3.14,0.282,1.016,0.283,0,0.0
sensor_flow_3,13,2.415,1.352,5.185,0.24,2.734,-0.319,0,0.0
sensor_flow_3,17,3.589,0.476,4.812,0.259,2.511,1.079,0,0.0
sensor_flow_3,16,1.217,1.436,4.027,0.2,1.378,-0.162,0,0.0
sensor_flow_3,15,1.757,1.237,3.909,0.124,2.25,-0.493,0,0.0
sensor_flow_3,8,7.59,0.78,8.83,0.751,5.942,1.648,0,0.0
sensor_flow_3,17,11.546,0.147,11.96,0.972,2.775,8.771,1,1.0
sensor_flow_3,21,8.596,0.599,9.615,1.0,7.083,1.513,0,0.0
sensor_flow_3,23,0.885,1.254,3.763,0.37,0.235,0.65,0,0.0
sensor_flow_3,16,11.246,0.305,12.151,0.879,2.695,8.551,1,1.0
sensor_flow_3,20,3.866,1.327,6.983,0.557,5.676,-1.81,0,0.0
sensor_flow_3,9,5.298,0.432,6.538,0.619,4.737,0.561,0,0.0
sensor_flow_3,4,0.0,0.87,1.615,0.0,0.025,-0.025,0,0.0
sensor_flow_3,8,8.517,0.354,9.115,0.976,4.887,3.63,1,1.0
sensor_flow_3,3,8.03,0.226,8.487,0.941,0.206,7.824,1,1.0
sensor_flow_3,16,2.954,1.428,5.247,0.379,2.333,0.621,0,0.0
sensor_flow_3,17,3.924,1.152,7.193,0.337,2.63,1.294,0,0.0
sensor_flow_3,4,0.193,1.291,3.873,0.0,0.479,-0.286,0,0.0
sensor_flow_3,4,0.107,1.451,3.38,0.089,0.333,-0.226,0,0.0
sensor_flow_3,23,0.9,0.915,2.865,0.0,0.444,0.456,0,0.0
sensor_flow_3,22,0.0,1.317,3.427,0.159,0.027,-0.027,0,0.0
sensor_flow_3,19,7.092,0.369,7.757,1.0,6.959,0.133,0,0.0
sensor_flow_3,14,3.092,0.709,4.701,0.153,2.477,0.615,0,0.0
sensor_flow_3,3,1.085,0.773,3.067,0.003,0.332,0.752,0,0.0
sensor_flow_3,12,2.589,0.911,4.531,0.427,2.699,-0.11,0,0.0
sensor_flow_3,7,5.379,0.839,6.946,0.724,6.135,-0.756,0,0.0
sensor_flow_3,11,4.734,0.589,6.05,0.934,1.559,3.175,1,1.0
sensor_flow_3,19,8.85,1.166,11.954,0.892,8.589,0.261,0,0.0
sensor_flow_3,21,15.396,0.302,15.95,0.932,5.003,10.393,1,1.0
sensor_flow_3,23,0.0,0.87,1.972,0.0,0.421,-0.421,0,0.0
sensor_flow_3,6,6.71,0.568,8.16,1.0,7.371,-0.66,0,0.0
sensor_flow_3,14,1.363,0.626,2.504,0.0,1.078,0.285,0,0.0
sensor_flow_3,5,0.312,0.395,1.001,0.097,0.495,-0.183,0,0.0
sensor_flow_3,23,2.677,0.859,4.197,0.022,0.467,2.21,0,0.0
sensor_flow_3,2,0.404,1.062,3.172,0.07,0.083,0.321,0,0.0
sensor_flow_3,17,3.057,0.71,4.391,0.112,2.082,0.975,0,0.0
sensor_flow_3,11,2.452,0.592,3.898,0.221,2.556,-0.104,0,0.0
sensor_flow_3,9,6.873,0.463,7.84,0.548,6.541,0.332,0,0.0
sensor_flow_3,15,1.832,0.808,3.322,0.114,1.549,0.283,0,0.0
sensor_flow_3,13,3.025,0.66,4.332,0.0,2.603,0.422,0,0.0
sensor_flow_3,12,2.192,0.891,4.051,0.523,2.785,-0.593,0,0.0
sensor_flow_3,5,0.97,1.348,3.598,0.0,0.092,0.878,0,0.0
sensor_flow_3,14,1.822,0.739,3.776,0.38,2.371,-0.548,0,0.0
sensor_flow_3,3,0.674,1.186,4.23,0.0,0.29,0.384,0,0.0
sensor_flow_3,2,0.676,1.334,3.628,0.049,0.415,0.261,0,0.0
sensor_flow_3,4,0.808,1.046,3.076,0.443,0.214,0.594,0,0.0
sensor_flow_3,18,7.196,1.318,10.945,0.688,7.327,-0.131,0,0.0
sensor_flow_3,8,5.158,0.781,6.504,0.379,5.163,-0.004,0,0.0
sensor_flow_3,7,5.206,0.324,5.932,0.725,4.694,0.512,0,0.0
sensor_flow_3,12,9.095,0.493,10.388,0.93,2.441,6.654,1,1.0
sensor_flow_3,16,6.661,0.364,7.556,0.921,2.84,3.82,1,1.0
sensor_flow_3,8,4.026,0.65,5.626,0.78,5.145,-1.119,0,0.0
sensor_flow_3,10,1.597,0.311,2.488,0.299,2.422,-0.825,0,0.0
sensor_flow_3,1,1.147,1.122,4.366,0.011,0.299,0.848,0,0.0
sensor_flow_3,17,2.886,0.413,4.081,0.219,1.679,1.208,0,0.0
sensor_flow_3,21,4.455,0.69,5.492,0.43,4.762,-0.307,0,0.0
sensor_flow_3,16,2.385,1.32,4.644,0.221,1.959,0.427,0,0.0
sensor_flow_3,9,5.362,0.51,6.852,0.562,6.005,-0.644,0,0.0
sensor_flow_3,3,1.256,0.898,2.853,0.104,0.385,0.871,0,0.0
sensor_flow_3,3,9.044,0.426,10.276,0.963,0.387,8.657,1,1.0
sensor_flow_3,8,6.468,0.862,8.41,0.91,7.661,-1.192,0,0.0
sensor_flow_3,18,4.607,0.588,6.308,0.576,5.97,-1.363,0,0.0
sensor_flow_3,16,2.853,1.4,5.82,0.323,2.924,-0.072,0,0.0
sensor_flow_3,11,13.515,0.214,13.872,0.924,1.814,11.701,1,1.0
sensor_flow_3,9,6.304,0.455,7.132,0.644,5.954,0.35,0,0.0
sensor_flow_3,15,3.461,0.943,6.122,0.0,2.449,1.013,0,0.0
sensor_flow_3,13,9.44,0.595,10.931,0.884,2.506,6.934,1,1.0
sensor_flow_3,23,1.699,0.908,3.598,0.12,0.469,1.229,0,0.0
sensor_flow_3,9,6.438,0.961,7.952,0.736,6.155,0.282,0,0.0
sensor_flow_3,21,8.016,1.353,11.846,0.816,8.046,-0.03,0,0.0
sensor_flow_3,9,9.799,1.477,14.054,0.813,8.883,0.916,0,0.0
sensor_flow_3,14,2.134,0.332,2.974,0.353,2.521,-0.387,0,0.0
sensor_flow_3,16,0.599,0.64,1.638,0.127,1.005,-0.406,0,0.0
sensor_flow_3,20,6.145,0.678,7.974,0.817,7.189,-1.044,0,0.0
sensor_flow_3,14,1.845,1.394,4.147,0.257,1.721,0.124,0,0.0
sensor_flow_3,23,1.653,0.848,3.011,0.0,0.059,1.594,0,0.0
sensor_flow_3,21,8.425,0.95,11.038,0.926,8.593,-0.168,0,0.0
sensor_flow_3,14,2.813,1.416,5.311,0.345,1.399,1.414,0,0.0
sensor_flow_3,17,3.097,0.575,4.327,0.219,2.332,0.765,0,0.0
sensor_flow_3,13,1.031,1.343,3.235,0.081,1.001,0.03,0,0.0
sensor_flow_3,17,1.997,0.445,3.022,0.339,2.131,-0.134,0,0.0
sensor_flow_3,22,1.024,0.615,1.965,0.0,0.312,0.711,0,0.0
sensor_flow_3,12,8.315,0.533,9.709,0.973,1.371,6.944,1,1.0
sensor_flow_3,2,0.0,1.178,2.081,0.164,0.004,-0.004,0,0.0
sensor_flow_3,21,9.408,1.45,12.426,0.721,8.631,0.777,0,0.0
sensor_flow_3,12,1.42,0.883,4.055,0.334,1.905,-0.485,0,0.0
sensor_flow_3,18,6.55,1.451,9.217,0.735,7.001,-0.451,0,0.0
sensor_flow_3,21,7.416,1.205,9.846,0.928,8.426,-1.01,0,0.0
sensor_flow_3,21,5.053,0.945,7.065,0.601,6.042,-0.988,0,0.0
sensor_flow_3,9,5.601,0.757,7.476,0.802,5.917,-0.315,0,0.0
sensor_flow_3,7,7.197,1.169,10.144,0.52,6.239,0.958,0,0.0
sensor_flow_3,2,0.0,0.633,1.3,0.031,0.175,-0.175,0,0.0
sensor_flow_3,23,0.447,0.56,1.716,0.032,0.346,0.101,0,0.0
sensor_flow_3,16,1.859,0.945,3.287,0.051,1.603,0.256,0,0.0
sensor_flow_3,4,0.413,0.664,1.888,0.132,0.178,0.235,0,0.0
sensor_flow_3,4,0.0,1.449,3.892,0.175,0.159,-0.159,0,0.0
sensor_flow_3,6,9.472,1.34,11.769,0.701,8.033,1.439,0,0.0
sensor_flow_3,6,5.66,0.663,7.374,0.387,4.26,1.401,0,0.0
sensor_flow_3,11,2.589,1.486,5.451,0.229,1.801,0.788,0,0.0
sensor_flow_3,23,0.0,1.275,3.32,0.0,0.008,-0.008,0,0.0
sensor_flow_3,8,8.69,0.337,9.421,1.0,8.647,0.043,0,0.0
sensor_flow_3,18,7.864,0.662,9.684,0.897,8.175,-0.31,0,0.0
sensor_flow_3,1,0.566,0.946,3.307,0.112,0.07,0.496,0,0.0
sensor_flow_3,15,1.28,0.656,2.304,0.085,1.201,0.079,0,0.0
sensor_flow_3,10,13.093,0.253,13.512,0.896,2.677,10.417,1,1.0
sensor_flow_3,1,0.0,1.404,2.171,0.091,0.007,-0.007,0,0.0
sensor_flow_3,1,0.0,1.367,2.831,0.121,0.383,-0.383,0,0.0
sensor_flow_3,3,0.0,0.471,1.033,0.05,0.118,-0.118,0,0.0
sensor_flow_3,4,0.0,1.162,2.333,0.0,0.026,-0.026,0,0.0
sensor_flow_3,19,8.094,1.133,10.883,0.922,7.909,0.186,0,0.0
sensor_flow_3,20,3.673,0.863,5.198,0.158,4.141,-0.468,0,0.0
sensor_flow_3,8,7.443,1.411,10.114,0.95,7.921,-0.478,0,0.0
sensor_flow_3,17,1.723,0.665,3.249,0.0,2.089,-0.366,0,0.0
sensor_flow_3,4,0.521,1.213,3.178,0.234,0.154,0.368,0,0.0
sensor_flow_4,6,7.113,0.496,7.915,0.777,7.583,-0.47,0,0.0
sensor_flow_4,10,3.125,0.585,4.286,0.288,2.981,0.144,0,0.0
sensor_flow_4,6,3.791,0.698,5.235,0.385,4.884,-1.093,0,0.0
sensor_flow_4,17,1.455,1.289,5.06,0.321,2.555,-1.1,0,0.0
sensor_flow_4,8,6.705,1.473,9.507,0.577,5.756,0.949,0,0.0
sensor_flow_4,11,2.751,1.178,4.882,0.182,1.681,1.07,0,0.0
sensor_flow_4,15,1.221,0.627,2.392,0.235,2.492,-1.271,0,0.0
sensor_flow_4,12,2.856,0.549,4.25,0.282,1.554,1.302,0,0.0
sensor_flow_4,10,3.01,1.362,6.721,0.243,2.942,0.068,0,0.0
sensor_flow_4,0,0.061,0.787,1.57,0.075,0.218,-0.157,0,0.0
sensor_flow_4,1,1.123,1.47,4.375,0.0,0.041,1.082,0,0.0
sensor_flow_4,7,6.007,0.884,8.322,0.82,5.528,0.48,0,0.0
sensor_flow_4,21,7.142,1.087,8.964,1.0,6.997,0.145,0,0.0
sensor_flow_4,4,0.0,0.981,1.941,0.0,0.162,-0.162,0,0.0
sensor_flow_4,9,2.526,0.444,3.594,0.718,4.101,-1.576,0,0.0
sensor_flow_4,0,0.0,0.753,1.718,0.249,0.022,-0.022,0,0.0
sensor_flow_4,7,6.486,1.457,8.718,0.771,5.738,0.748,0,0.0
sensor_flow_4,0,0.0,1.414,2.415,0.085,0.27,-0.27,0,0.0
sensor_flow_4,2,0.0,0.626,1.228,0.0,0.156,-0.156,0,0.0
sensor_flow_4,1,1.818,0.579,3.486,0.15,0.402,1.416,0,0.0
sensor_flow_4,18,7.425,1.384,11.047,0.781,8.182,-0.758,0,0.0
sensor_flow_4,8,9.6,0.204,10.02,0.958,6.122,3.478,1,1.0
sensor_flow_4,22,0.279,1.05,1.879,0.0,0.051,0.228,0,0.0
sensor_flow_4,10,1.136,1.124,2.995,0.045,1.031,0.105,0,0.0
sensor_flow_4,3,0.0,1.101,3.199,0.168,0.015,-0.015,0,0.0
sensor_flow_4,22,0.407,1.062,2.865,0.0,0.469,-0.062,0,0.0
sensor_flow_4,13,1.654,1.397,4.095,0.51,2.717,-1.063,0,0.0
sensor_flow_4,14,2.515,0.974,4.066,0.473,2.994,-0.479,0,0.0
sensor_flow_4,4,0.0,0.465,1.139,0.055,0.034,-0.034,0,0.0
sensor_flow_4,11,3.131,1.198,6.417,0.198,2.686,0.445,0,0.0
sensor_flow_4,18,5.781,0.859,7.696,0.655,5.358,0.423,0,0.0
sensor_flow_4,12,12.238,0.309,13.054,0.916,1.536,10.702,1,1.0
sensor_flow_4,6,7.486,1.422,11.154,0.851,6.556,0.93,0,0.0
sensor_flow_4,20,3.816,0.84,6.08,0.729,4.571,-0.755,0,0.0
sensor_flow_4,0,0.97,0.482,2.339,0.095,0.437,0.534,0,0.0
sensor_flow_4,8,4.183,1.135,6.978,0.693,4.058,0.126,0,0.0
sensor_flow_4,13,2.594,1.155,5.48,0.0,2.11,0.483,0,0.0
sensor_flow_4,21,7.684,0.782,9.528,1.0,7.323,0.36,0,0.0
sensor_flow_4,11,2.914,1.212,6.489,0.421,2.974,-0.06,0,0.0
sensor_flow_4,12,2.643,0.408,3.333,0.371,2.309,0.334,0,0.0
sensor_flow_4,5,0.757,1.06,3.884,0.077,0.201,0.556,0,0.0
sensor_flow_4,13,13.633,0.264,14.151,0.86,2.818,10.815,1,1.0
sensor_flow_4,19,6.15,1.149,8.806,1.0,7.329,-1.179,0,0.0
sensor_flow_4,19,8.099,1.272,11.353,0.994,8.095,0.004,0,0.0
sensor_flow_4,3,0.0,1.319,3.218,0.297,0.168,-0.168,0,0.0
sensor_flow_4,16,1.434,0.793,2.992,0.369,1.455,-0.021,0,0.0
sensor_flow_4,5,0.279,0.622,1.666,0.144,0.302,-0.023,0,0.0
sensor_flow_4,0,0.031,1.116,2.559,0.121,0.381,-0.35,0,0.0
sensor_flow_4,7,4.927,0.57,5.979,0.449,4.43,0.497,0,0.0
sensor_flow_4,15,3.617,0.374,4.232,0.391,2.992,0.626,0,0.0
sensor_flow_4,3,0.0,0.58,0.931,0.0,0.164,-0.164,0,0.0
sensor_flow_4,0,0.475,0.738,1.871,0.118,0.091,0.384,0,0.0
sensor_flow_4,5,0.0,1.245,3.694,0.154,0.332,-0.332,0,0.0
sensor_flow_4,4,1.001,0.791,2.844,0.017,0.469,0.532,0,0.0
sensor_flow_4,18,4.272,1.274,7.742,0.569,4.047,0.225,0,0.0
sensor_flow_4,7,3.904,0.698,5.185,0.405,4.076,-0.172,0,0.0
sensor_flow_4,7,8.495,1.154,11.75,0.939,8.026,0.47,0,0.0
sensor_flow_4,4,0.0,0.999,1.767,0.0,0.395,-0.395,0,0.0
sensor_flow_4,17,0.573,0.77,2.76,0.006,2.408,-1.835,0,0.0
sensor_flow_4,1,0.422,1.239,2.71,0.0,0.071,0.351,0,0.0
sensor_flow_4,21,7.991,0.728,9.714,0.732,7.048,0.944,0,0.0
sensor_flow_4,21,4.159,0.734,5.582,0.501,4.495,-0.336,0,0.0
sensor_flow_4,20,7.592,1.098,10.296,0.814,6.996,0.596,0,0.0
sensor_flow_4,20,17.447,0.178,17.887,0.972,8.808,8.639,1,1.0
sensor_flow_4,23,7.928,0.552,8.824,0.885,0.335,7.593,1,1.0
sensor_flow_4,22,0.0,0.636,1.591,0.0,0.36,-0.36,0,0.0
sensor_flow_4,17,2.08,1.107,4.435,0.0,1.974,0.105,0,0.0
sensor_flow_4,11,2.546,0.623,3.88,0.424,2.112,0.434,0,0.0
sensor_flow_4,2,0.0,0.892,1.393,0.099,0.114,-0.114,0,0.0
sensor_flow_4,13,2.219,0.901,3.814,0.332,2.074,0.145,0,0.0
sensor_flow_4,6,9.081,1.309,12.422,1.0,8.693,0.388,0,0.0
sensor_flow_4,3,0.283,0.433,1.531,0.059,0.352,-0.069,0,0.0
sensor_flow_4,19,3.106,0.686,4.92,0.576,4.024,-0.919,0,0.0
sensor_flow_4,22,0.0,0.828,1.751,0.0,0.014,-0.014,0,0.0
sensor_flow_4,13,0.259,1.316,2.276,0.043,1.215,-0.956,0,0.0
sensor_flow_4,8,5.098,0.656,6.303,0.483,4.491,0.607,0,0.0
sensor_flow_4,2,0.467,0.812,1.943,0.0,0.009,0.458,0,0.0
sensor_flow_4,12,4.191,0.871,5.807,0.423,2.767,1.424,0,0.0
sensor_flow_4,22,0.204,0.628,1.446,0.003,0.297,-0.093,0,0.0
sensor_flow_4,13,2.63,0.367,3.267,0.081,2.162,0.469,0,0.0
sensor_flow_4,9,4.641,0.889,6.812,0.315,4.029,0.612,0,0.0
sensor_flow_4,16,1.764,0.516,3.263,0.185,2.988,-1.223,0,0.0
sensor_flow_4,22,4.446,0.278,5.088,0.913,0.105,4.341,1,1.0
sensor_flow_4,8,18.638,0.389,19.662,0.963,8.068,10.57,1,1.0
sensor_flow_4,6,3.899,1.163,6.715,0.381,4.467,-0.568,0,0.0
sensor_flow_4,21,8.058,1.308,10.402,0.961,7.999,0.059,0,0.0
sensor_flow_4,16,1.424,0.82,3.628,0.24,2.176,-0.752,0,0.0
sensor_flow_4,13,1.906,1.169,4.568,0.122,2.61,-0.704,0,0.0
sensor_flow_4,8,7.044,0.8,8.607,0.542,6.642,0.402,0,0.0
sensor_flow_4,1,0.469,1.444,3.277,0.284,0.222,0.247,0,0.0
sensor_flow_4,22,0.817,0.895,3.449,0.0,0.321,0.496,0,0.0
sensor_flow_4,11,2.928,0.468,4.231,0.293,1.48,1.448,0,0.0
sensor_flow_4,6,5.01,0.429,5.911,0.584,4.634,0.376,0,0.0
sensor_flow_4,18,4.655,0.394,5.278,0.54,4.027,0.628,0,0.0
sensor_flow_4,5,0.914,1.046,3.405,0.015,0.243,0.672,0,0.0
sensor_flow_4,1,0.0,0.492,1.317,0.0,0.175,-0.175,0,0.0
sensor_flow_4,12,0.407,1.382,4.01,0.203,2.22,-1.812,0,0.0
sensor_flow_4,1,0.0,1.145,2.216,0.046,0.45,-0.45,0,0.0
sensor_flow_4,23,0.0,0.562,1.287,0.0,0.199,-0.199,0,0.0
sensor_flow_4,20,2.838,1.253,4.972,0.525,4.403,-1.565,0,0.0
sensor_flow_4,5,7.246,0.564,8.86,0.862,0.34,6.906,1,1.0
sensor_flow_4,8,5.477,1.418,9.2,0.292,4.973,0.505,0,0.0
sensor_flow_4,3,0.0,1.203,3.034,0.086,0.437,-0.437,0,0.0
sensor_flow_4,8,4.621,1.495,7.134,0.534,4.595,0.027,0,0.0
sensor_flow_4,7,7.324,1.119,9.906,0.9,6.868,0.456,0,0.0
sensor_flow_4,7,7.84,1.409,11.385,0.828,7.938,-0.098,0,0.0
sensor_flow_4,1,9.396,0.271,9.867,0.873,0.213,9.183,1,1.0
sensor_flow_4,18,6.723,1.464,10.122,0.864,7.846,-1.123,0,0.0
sensor_flow_4,19,4.573,0.4,5.538,0.248,4.837,-0.264,0,0.0
sensor_flow_4,12,1.083,0.446,2.032,0.021,1.387,-0.304,0,0.0
sensor_flow_4,11,11.402,0.338,12.083,0.861,1.047,10.355,1,1.0
sensor_flow_4,13,1.649,0.935,4.187,0.0,2.013,-0.364,0,0.0
sensor_flow_4,23,0.0,1.087,1.649,0.168,0.444,-0.444,0,0.0
sensor_flow_4,9,8.764,0.97,11.559,0.944,8.912,-0.148,0,0.0
sensor_flow_4,20,4.564,1.105,7.285,0.699,4.095,0.47,0,0.0
sensor_flow_4,14,2.914,0.66,4.125,0.049,1.379,1.535,0,0.0
sensor_flow_4,5,0.14,1.301,2.273,0.011,0.232,-0.093,0,0.0
sensor_flow_4,20,15.474,0.432,16.584,0.964,4.99,10.484,1,1.0
sensor_flow_4,8,8.953,0.422,9.777,0.905,8.935,0.018,0,0.0
sensor_flow_4,19,7.302,1.309,9.823,0.729,7.599,-0.297,0,0.0
sensor_flow_4,5,0.17,1.033,1.719,0.0,0.286,-0.116,0,0.0
sensor_flow_4,7,7.598,0.706,9.13,0.648,6.684,0.914,0,0.0
sensor_flow_4,0,0.244,1.139,3.255,0.138,0.235,0.009,0,0.0
sensor_flow_4,19,7.89,1.431,12.177,0.833,8.442,-0.552,0,0.0
sensor_flow_4,18,4.9,0.387,5.819,0.659,4.018,0.883,0,0.0
sensor_flow_4,3,1.074,1.309,4.212,0.085,0.106,0.967,0,0.0
sensor_flow_4,11,2.594,0.958,5.055,0.089,1.593,1.001,0,0.0
sensor_flow_4,13,2.398,0.884,4.084,0.237,1.365,1.033,0,0.0
sensor_flow_4,1,0.0,0.377,0.941,0.19,0.207,-0.207,0,0.0
sensor_flow_4,1,0.602,0.444,1.693,0.344,0.266,0.336,0,0.0
sensor_flow_4,13,10.296,0.248,10.779,0.95,1.197,9.099,1,1.0
sensor_flow_4,11,2.47,0.319,3.35,0.178,1.63,0.841,0,0.0
sensor_flow_4,8,5.681,0.793,7.76,0.442,5.403,0.277,0,0.0
sensor_flow_4,3,0.56,1.339,2.673,0.206,0.266,0.294,0,0.0
sensor_flow_4,19,7.62,1.244,11.125,0.96,7.52,0.1,0,0.0
sensor_flow_4,16,3.086,0.489,4.418,0.445,2.387,0.7,0,0.0
sensor_flow_4,15,2.072,1.105,3.924,0.196,2.276,-0.203,0,0.0
sensor_flow_4,3,0.74,0.639,2.506,0.2,0.249,0.491,0,0.0
sensor_flow_4,2,0.02,1.165,2.308,0.059,0.423,-0.403,0,0.0
sensor_flow_4,11,3.765,0.474,4.635,0.32,2.798,0.967,0,0.0
sensor_flow_4,15,0.536,1.355,4.587,0.217,2.128,-1.592,0,0.0
sensor_flow_4,14,3.003,1.425,6.001,0.199,2.569,0.434,0,0.0
sensor_flow_4,2,0.514,1.03,2.637,0.0,0.47,0.044,0,0.0
sensor_flow_4,20,8.322,1.055,11.151,0.828,7.739,0.583,0,0.0
sensor_flow_4,4,1.8,1.211,5.394,0.0,0.409,1.391,0,0.0
sensor_flow_4,0,0.0,1.402,4.161,0.09,0.25,-0.25,0,0.0
sensor_flow_4,7,11.279,0.401,12.23,0.896,5.162,6.117,1,1.0
sensor_flow_4,7,3.492,0.425,4.617,0.703,4.242,-0.75,0,0.0
sensor_flow_4,21,8.79,1.115,11.145,0.812,8.43,0.36,0,0.0
sensor_flow_4,13,1.518,1.146,4.268,0.327,2.246,-0.728,0,0.0
sensor_flow_4,6,2.76,0.431,3.572,0.371,4.107,-1.347,0,0.0
sensor_flow_4,2,0.947,0.305,1.641,0.0,0.284,0.663,0,0.0
sensor_flow_4,15,0.805,1.079,2.584,0.233,1.455,-0.65,0,0.0
sensor_flow_4,22,0.99,0.997,2.556,0.0,0.461,0.529,0,0.0
sensor_flow_4,15,3.084,0.31,3.738,0.316,2.477,0.607,0,0.0
sensor_flow_4,1,0.0,0.851,1.647,0.035,0.271,-0.271,0,0.0
sensor_flow_4,0,1.87,0.63,2.852,0.069,0.427,1.443,0,0.0
sensor_flow_4,5,0.576,0.49,1.505,0.015,0.426,0.15,0,0.0
sensor_flow_4,3,0.0,1.393,4.014,0.13,0.2,-0.2,0,0.0
sensor_flow_4,13,3.551,0.498,4.807,0.333,2.96,0.591,0,0.0
sensor_flow_4,23,0.383,0.823,2.241,0.171,0.411,-0.028,0,0.0
sensor_flow_4,2,0.0,0.597,1.415,0.0,0.08,-0.08,0,0.0
sensor_flow_4,2,11.698,0.1,11.998,0.883,0.482,11.216,1,1.0
sensor_flow_4,8,7.041,0.79,8.41,0.745,7.64,-0.599,0,0.0
sensor_flow_4,9,10.19,1.082,12.454,1.0,8.698,1.492,0,0.0
sensor_flow_4,19,8.102,1.242,11.479,1.0,8.328,-0.226,0,0.0
sensor_flow_4,17,10.88,0.2,11.183,0.999,1.457,9.423,1,1.0
sensor_flow_4,19,15.193,0.389,16.339,0.977,5.149,10.044,1,1.0
sensor_flow_4,2,10.912,0.223,11.539,0.984,0.116,10.796,1,1.0
sensor_flow_4,14,1.715,1.207,4.315,0.143,2.256,-0.541,0,0.0
sensor_flow_4,18,6.114,1.236,9.55,0.589,5.945,0.17,0,0.0
sensor_flow_4,11,1.76,1.373,4.761,0.171,1.835,-0.075,0,0.0
sensor_flow_4,16,1.682,0.857,3.496,0.297,1.622,0.06,0,0.0
sensor_flow_4,7,7.969,1.322,11.253,0.912,7.515,0.454,0,0.0
sensor_flow_4,1,0.0,1.319,2.333,0.0,0.384,-0.384,0,0.0
sensor_flow_4,22,0.0,0.45,1.024,0.236,0.313,-0.313,0,0.0
sensor_flow_4,9,7.843,0.704,9.814,0.722,7.397,0.445,0,0.0
sensor_flow_4,6,8.381,0.89,10.785,0.848,8.062,0.319,0,0.0
sensor_flow_4,17,3.218,1.389,5.378,0.321,1.761,1.457,0,0.0
sensor_flow_4,15,2.488,1.038,4.378,0.533,2.721,-0.233,0,0.0
sensor_flow_4,21,4.939,0.457,5.805,0.423,4.771,0.168,0,0.0
sensor_flow_4,0,0.0,1.274,3.303,0.123,0.127,-0.127,0,0.0
sensor_flow_4,20,6.778,1.415,9.539,0.606,6.846,-0.068,0,0.0
sensor_flow_4,4,0.0,0.387,1.143,0.241,0.047,-0.047,0,0.0
sensor_flow_4,10,4.039,0.76,5.676,0.373,2.933,1.106,0,0.0
sensor_flow_4,5,1.245,1.135,3.366,0.003,0.037,1.207,0,0.0
sensor_flow_4,19,19.897,0.53,21.384,0.898,7.944,11.953,1,1.0
sensor_flow_4,11,2.268,1.387,6.02,0.383,2.363,-0.095,0,0.0
sensor_flow_4,23,1.266,0.372,1.95,0.0,0.154,1.112,0,0.0
sensor_flow_4,7,7.564,0.999,10.458,1.0,8.394,-0.829,0,0.0
sensor_flow_4,1,1.208,1.084,3.383,0.0,0.34,0.868,0,0.0
sensor_flow_4,12,0.908,0.601,1.949,0.224,1.84,-0.932,0,0.0
sensor_flow_4,16,2.306,0.333,3.207,0.298,1.868,0.439,0,0.0
sensor_flow_4,23,0.0,1.047,1.988,0.017,0.386,-0.386,0,0.0
sensor_flow_4,8,7.409,1.327,9.976,0.689,6.796,0.613,0,0.0
sensor_flow_4,19,4.034,1.157,6.746,0.652,4.27,-0.237,0,0.0
sensor_flow_4,2,0.23,0.981,2.791,0.223,0.438,-0.208,0,0.0
sensor_flow_4,4,0.769,0.549,1.604,0.0,0.03,0.738,0,0.0
sensor_flow_4,22,3.915,0.491,4.998,0.851,0.402,3.513,1,1.0
sensor_flow_4,21,4.018,1.339,7.565,0.8,4.536,-0.518,0,0.0
sensor_flow_4,20,5.166,1.19,7.058,0.779,6.973,-1.807,0,0.0
sensor_flow_4,20,5.159,0.538,6.205,0.553,5.458,-0.299,0,0.0
sensor_flow_4,8,5.317,0.839,7.833,0.475,4.674,0.643,0,0.0
sensor_flow_4,14,2.011,1.325,4.492,0.365,1.601,0.41,0,0.0
sensor_flow_4,19,5.524,1.495,7.919,0.871,6.415,-0.891,0,0.0
sensor_flow_4,13,1.95,0.559,2.916,0.277,2.134,-0.184,0,0.0
sensor_flow_4,11,2.99,0.63,4.323,0.213,1.98,1.01,0,0.0
sensor_flow_4,19,5.317,1.158,7.23,0.702,5.22,0.097,0,0.0
sensor_flow_4,11,1.362,0.697,3.171,0.075,1.101,0.261,0,0.0
sensor_flow_4,0,0.038,1.218,3.158,0.126,0.489,-0.451,0,0.0
sensor_flow_4,5,0.137,0.836,2.232,0.0,0.186,-0.049,0,0.0
sensor_flow_4,20,7.679,0.304,8.263,0.982,8.376,-0.698,0,0.0
sensor_flow_4,17,2.207,1.147,4.523,0.281,2.817,-0.61,0,0.0
sensor_flow_4,13,1.292,0.877,2.884,0.195,1.226,0.066,0,0.0
sensor_flow_4,15,2.058,0.351,2.748,0.329,2.873,-0.815,0,0.0
sensor_flow_4,7,7.446,0.501,8.639,1.0,8.507,-1.061,0,0.0
sensor_flow_4,5,0.212,0.983,2.297,0.0,0.143,0.069,0,0.0
sensor_flow_4,14,0.378,0.459,1.508,0.066,1.134,-0.756,0,0.0
sensor_flow_4,18,7.667,0.636,8.626,0.681,7.516,0.151,0,0.0
sensor_flow_4,22,0.0,1.126,1.797,0.013,0.036,-0.036,0,0.0
sensor_flow_4,19,7.541,0.697,8.956,0.699,7.065,0.476,0,0.0
sensor_flow_4,9,4.968,0.449,6.2,0.469,4.035,0.933,0,0.0
sensor_flow_4,11,3.753,1.263,6.377,0.194,2.923,0.829,0,0.0
sensor_flow_4,21,5.284,0.682,7.06,0.507,5.186,0.098,0,0.0
sensor_flow_4,13,1.748,1.056,4.346,0.042,1.438,0.31,0,0.0
sensor_flow_4,14,3.309,0.752,4.574,0.238,2.909,0.4,0,0.0
sensor_flow_4,17,1.276,0.746,3.24,0.259,1.456,-0.181,0,0.0
sensor_flow_4,4,1.488,1.383,4.896,0.0,0.016,1.472,0,0.0
sensor_flow_4,6,5.691,1.225,8.574,0.683,5.269,0.422,0,0.0
sensor_flow_4,2,0.208,0.747,2.201,0.194,0.429,-0.221,0,0.0
sensor_flow_4,5,7.695,0.414,8.416,0.852,0.086,7.609,1,1.0
sensor_flow_4,0,0.0,0.507,1.294,0.15,0.151,-0.151,0,0.0
sensor_flow_4,1,6.272,0.299,7.054,0.986,0.132,6.14,1,1.0
sensor_flow_4,7,6.828,1.423,10.774,0.659,6.396,0.432,0,0.0
sensor_flow_4,4,0.0,0.585,1.404,0.0,0.351,-0.351,0,0.0
sensor_flow_4,4,1.556,1.144,4.434,0.0,0.309,1.247,0,0.0
sensor_flow_4,14,3.981,1.057,6.678,0.305,1.959,2.022,0,0.0
sensor_flow_4,2,0.124,1.231,3.679,0.0,0.097,0.027,0,0.0
sensor_flow_4,12,0.844,0.999,2.623,0.356,1.121,-0.277,0,0.0
sensor_flow_4,4,0.294,1.425,3.08,0.033,0.187,0.106,0,0.0
sensor_flow_4,10,3.491,0.903,5.211,0.462,2.519,0.973,0,0.0
sensor_flow_4,19,8.628,1.446,12.641,1.0,8.983,-0.354,0,0.0
sensor_flow_4,5,0.263,1.323,3.932,0.018,0.359,-0.096,0,0.0
sensor_flow_4,15,2.301,1.2,4.596,0.079,1.367,0.934,0,0.0
sensor_flow_4,7,7.72,1.329,11.436,1.0,6.537,1.182,0,0.0
sensor_flow_4,1,1.152,0.767,3.205,0.0,0.107,1.045,0,0.0
sensor_flow_4,9,4.263,1.064,6.887,0.487,4.509,-0.246,0,0.0
sensor_flow_4,5,0.294,0.885,1.751,0.149,0.058,0.236,0,0.0
sensor_flow_4,21,7.365,0.954,9.984,0.811,7.238,0.127,0,0.0
sensor_flow_4,7,5.01,1.107,6.771,0.762,6.36,-1.35,0,0.0
sensor_flow_4,14,0.809,0.551,2.454,0.201,1.64,-0.83,0,0.0
sensor_flow_4,6,8.373,0.704,9.883,0.735,7.094,1.279,0,0.0
sensor_flow_4,16,2.058,0.343,2.595,0.21,2.638,-0.579,0,0.0
sensor_flow_4,5,11.323,0.516,12.124,0.939,0.469,10.853,1,1.0
sensor_flow_4,5,0.261,1.462,3.595,0.0,0.309,-0.048,0,0.0
sensor_flow_4,14,2.062,1.478,4.497,0.0,1.184,0.879,0,0.0
sensor_flow_4,0,0.0,0.441,0.694,0.0,0.193,-0.193,0,0.0
sensor_flow_4,8,6.645,0.703,8.57,0.824,7.265,-0.621,0,0.0
sensor_flow_4,6,4.668,1.443,7.292,0.585,6.423,-1.755,0,0.0
sensor_flow_4,13,0.511,0.513,2.017,0.426,1.062,-0.551,0,0.0
sensor_flow_4,21,7.196,1.127,10.409,0.615,7.235,-0.039,0,0.0
sensor_flow_4,5,0.477,0.498,1.754,0.17,0.419,0.058,0,0.0
sensor_flow_4,18,6.993,0.922,9.091,0.722,7.55,-0.557,0,0.0
sensor_flow_4,7,7.432,1.08,9.757,0.639,7.209,0.222,0,0.0
sensor_flow_4,4,0.666,1.332,3.72,0.0,0.026,0.641,0,0.0
sensor_flow_4,12,2.849,1.189,5.069,0.24,2.694,0.155,0,0.0
sensor_flow_4,19,6.238,1.246,8.93,0.822,6.076,0.162,0,0.0
sensor_flow_4,14,2.674,0.326,3.389,0.0,2.72,-0.046,0,0.0
sensor_flow_4,10,2.376,1.326,4.4,0.421,2.429,-0.053,0,0.0
sensor_flow_4,9,7.242,0.49,8.183,0.805,8.272,-1.03,0,0.0
sensor_flow_4,20,6.558,1.166,9.014,0.497,6.517,0.041,0,0.0
sensor_flow_4,4,1.163,1.355,5.143,0.0,0.18,0.983,0,0.0
sensor_flow_4,23,0.0,0.472,1.154,0.078,0.181,-0.181,0,0.0
sensor_flow_4,2,0.0,0.392,0.61,0.221,0.146,-0.146,0,0.0
sensor_flow_4,14,4.591,1.286,6.528,0.453,2.951,1.64,0,0.0
sensor_flow_4,21,4.561,1.113,6.3,0.524,4.104,0.457,0,0.0
sensor_flow_4,18,8.317,0.483,9.21,0.707,8.963,-0.646,0,0.0
sensor_flow_4,5,3.922,0.458,5.077,0.945,0.323,3.598,1,1.0
sensor_flow_4,0,1.019,0.497,2.015,0.137,0.492,0.527,0,0.0
sensor_flow_4,5,0.0,0.319,0.503,0.0,0.378,-0.378,0,0.0
sensor_flow_4,3,6.332,0.139,6.606,0.997,0.145,6.188,1,1.0
sensor_flow_4,20,9.095,0.871,11.298,0.864,8.665,0.43,0,0.0
sensor_flow_4,21,7.674,0.788,9.301,1.0,8.539,-0.865,0,0.0
sensor_flow_4,0,6.937,0.175,7.286,0.978,0.187,6.75,1,1.0
sensor_flow_4,11,3.533,0.587,4.449,0.135,2.369,1.164,0,0.0
sensor_flow_4,23,0.207,1.298,3.613,0.0,0.05,0.157,0,0.0
sensor_flow_4,0,8.273,0.349,8.799,0.891,0.003,8.27,1,1.0
sensor_flow_4,5,0.0,1.184,2.627,0.012,0.284,-0.284,0,0.0
sensor_flow_4,15,3.025,1.334,6.481,0.621,2.847,0.178,0,0.0
sensor_flow_4,1,0.327,0.694,1.752,0.314,0.415,-0.088,0,0.0
sensor_flow_4,9,6.082,1.216,8.23,0.722,6.072,0.01,0,0.0
sensor_flow_4,1,0.0,1.455,3.094,0.07,0.282,-0.282,0,0.0
sensor_flow_4,17,2.378,0.662,3.51,0.484,2.826,-0.447,0,0.0
sensor_flow_4,13,2.358,0.44,3.09,0.377,2.5,-0.142,0,0.0
sensor_flow_4,20,6.479,1.121,9.14,0.796,7.413,-0.933,0,0.0
sensor_flow_4,11,1.853,0.383,2.842,0.149,2.057,-0.204,0,0.0
sensor_flow_4,11,2.174,1.042,5.252,0.073,1.282,0.892,0,0.0
sensor_flow_4,7,6.695,1.398,8.846,0.892,6.846,-0.152,0,0.0
sensor_flow_4,16,1.817,1.166,5.215,0.501,2.507,-0.69,0,0.0
sensor_flow_4,22,0.0,1.343,3.683,0.0,0.02,-0.02,0,0.0
sensor_flow_4,9,7.622,0.438,8.703,0.992,7.971,-0.35,0,0.0
sensor_flow_4,18,8.027,0.845,10.389,1.0,7.064,0.963,0,0.0
sensor_flow_4,1,0.127,1.057,1.797,0.25,0.404,-0.277,0,0.0
sensor_flow_4,12,1.904,0.809,4.236,0.256,1.402,0.502,0,0.0
sensor_flow_4,3,4.179,0.475,5.034,0.917,0.084,4.094,1,1.0
sensor_flow_4,7,7.798,0.623,9.379,1.0,8.665,-0.867,0,0.0
sensor_flow_4,3,0.0,0.704,1.807,0.003,0.038,-0.038,0,0.0
sensor_flow_4,22,0.0,0.451,0.802,0.0,0.001,-0.001,0,0.0
sensor_flow_4,13,10.498,0.446,11.591,0.859,2.673,7.824,1,1.0
sensor_flow_4,2,0.641,1.253,4.066,0.13,0.167,0.474,0,0.0
sensor_flow_4,7,9.495,0.226,10.147,0.895,5.893,3.601,1,1.0
sensor_flow_4,15,2.562,1.148,5.927,0.0,3.0,-0.438,0,0.0
sensor_flow_4,10,2.974,1.394,5.132,0.0,2.187,0.787,0,0.0
sensor_flow_4,17,1.564,1.423,5.596,0.268,1.532,0.032,0,0.0
sensor_flow_4,15,1.899,1.341,4.81,0.197,2.048,-0.149,0,0.0
sensor_flow_4,14,1.798,1.027,4.584,0.376,2.818,-1.02,0,0.0
sensor_flow_4,21,5.117,0.431,6.091,0.574,5.123,-0.006,0,0.0
sensor_flow_4,2,0.0,0.76,2.154,0.0,0.077,-0.077,0,0.0
sensor_flow_4,17,3.805,1.479,6.176,0.676,2.719,1.086,0,0.0
sensor_flow_4,5,0.0,0.366,0.599,0.004,0.422,-0.422,0,0.0
sensor_flow_4,22,0.0,0.323,0.924,0.254,0.485,-0.485,0,0.0
sensor_flow_4,4,0.0,0.446,1.314,0.0,0.093,-0.093,0,0.0
sensor_flow_4,6,6.738,0.852,8.39,0.705,7.289,-0.552,0,0.0
sensor_flow_4,9,7.999,0.851,10.21,1.0,8.423,-0.424,0,0.0
sensor_flow_4,20,7.569,1.447,10.573,0.968,8.263,-0.694,0,0.0
sensor_flow_4,3,0.562,0.469,1.93,0.431,0.263,0.299,0,0.0
sensor_flow_4,14,2.308,1.028,4.217,0.086,1.02,1.288,0,0.0
sensor_flow_4,23,0.0,1.15,2.401,0.0,0.15,-0.15,0,0.0
sensor_flow_4,22,0.257,0.599,1.897,0.169,0.054,0.204,0,0.0
sensor_flow_4,0,0.065,1.03,2.812,0.034,0.453,-0.388,0,0.0
sensor_flow_4,12,2.119,1.327,4.183,0.638,2.625,-0.506,0,0.0
sensor_flow_4,5,0.176,1.368,3.264,0.034,0.149,0.027,0,0.0
sensor_flow_4,21,8.029,1.356,10.977,0.814,7.81,0.219,0,0.0
sensor_flow_4,20,7.078,0.496,8.451,0.84,6.731,0.346,0,0.0
sensor_flow_4,6,7.465,0.734,9.329,0.952,8.074,-0.609,0,0.0
sensor_flow_4,8,8.117,1.334,11.257,0.993,8.557,-0.44,0,0.0
sensor_flow_4,12,11.182,0.461,12.533,0.884,1.832,9.35,1,1.0
sensor_flow_4,17,0.179,0.671,2.017,0.073,1.105,-0.926,0,0.0
sensor_flow_4,23,1.046,0.69,2.472,0.284,0.477,0.569,0,0.0
sensor_flow_4,17,1.931,0.548,3.226,0.168,2.606,-0.675,0,0.0
sensor_flow_4,9,7.532,0.606,9.257,0.678,6.908,0.624,0,0.0
sensor_flow_4,4,0.278,1.465,2.734,0.0,0.368,-0.09,0,0.0
sensor_flow_4,0,0.71,0.887,2.478,0.0,0.388,0.322,0,0.0
sensor_flow_4,23,8.699,0.247,9.175,0.98,0.096,8.603,1,1.0
sensor_flow_4,4,0.859,1.414,3.956,0.021,0.48,0.378,0,0.0
sensor_flow_4,3,0.0,1.314,2.739,0.001,0.102,-0.102,0,0.0
sensor_flow_4,3,0.138,0.687,1.627,0.201,0.295,-0.157,0,0.0
sensor_flow_4,23,0.217,0.334,0.903,0.18,0.253,-0.037,0,0.0
sensor_flow_4,6,15.408,0.402,16.432,0.922,7.954,7.453,1,1.0
sensor_flow_4,21,16.626,0.356,17.25,0.934,8.986,7.64,1,1.0
sensor_flow_4,10,1.39,0.697,3.3,0.0,1.089,0.301,0,0.0
sensor_flow_4,15,1.372,0.466,2.476,0.046,2.079,-0.707,0,0.0
sensor_flow_4,14,1.952,0.875,3.736,0.392,2.882,-0.93,0,0.0
sensor_flow_4,15,1.758,0.403,2.444,0.118,1.054,0.704,0,0.0
sensor_flow_4,17,10.563,0.179,10.991,0.873,1.283,9.28,1,1.0
sensor_flow_4,11,7.97,0.283,8.815,0.932,1.087,6.883,1,1.0
sensor_flow_4,18,8.536,1.237,11.574,0.68,6.88,1.655,0,0.0
sensor_flow_4,10,13.973,0.349,14.732,0.941,2.865,11.108,1,1.0
sensor_flow_4,23,0.0,1.348,2.584,0.037,0.033,-0.033,0,0.0
sensor_flow_4,6,7.03,1.423,10.223,0.634,5.679,1.351,0,0.0
sensor_flow_4,19,6.206,0.943,7.728,0.846,7.058,-0.852,0,0.0
sensor_flow_4,8,9.561,0.707,10.964,0.924,8.869,0.692,0,0.0
sensor_flow_4,2,0.0,0.426,0.978,0.0,0.144,-0.144,0,0.0
sensor_flow_4,21,9.595,0.94,11.096,0.963,8.223,1.373,0,0.0
sensor_flow_4,6,7.487,0.543,9.067,0.423,7.792,-0.305,0,0.0
sensor_flow_4,19,8.946,1.236,10.975,0.948,7.192,1.754,0,0.0
sensor_flow_4,22,0.686,0.591,2.324,0.1,0.165,0.522,0,0.0
sensor_flow_4,16,2.212,0.757,3.365,0.537,2.982,-0.77,0,0.0
sensor_flow_4,14,0.776,1.397,4.123,0.145,1.022,-0.246,0,0.0
sensor_flow_4,23,0.0,0.384,1.127,0.168,0.15,-0.15,0,0.0
sensor_flow_4,4,0.0,0.495,1.384,0.132,0.311,-0.311,0,0.0
sensor_flow_4,7,7.513,0.794,9.502,0.946,7.331,0.182,0,0.0
sensor_flow_4,10,1.538,1.088,4.245,0.133,2.944,-1.406,0,0.0
sensor_flow_4,22,0.0,1.344,2.973,0.0,0.057,-0.057,0,0.0
sensor_flow_4,14,9.219,0.485,9.955,0.999,2.553,6.666,1,1.0
sensor_flow_4,16,0.933,0.332,1.755,0.12,1.53,-0.597,0,0.0
sensor_flow_4,2,0.0,1.258,3.453,0.055,0.185,-0.185,0,0.0
sensor_flow_4,9,8.228,1.118,11.203,1.0,8.118,0.109,0,0.0
sensor_flow_4,11,2.32,0.477,3.751,0.148,1.969,0.351,0,0.0
sensor_flow_4,7,5.54,1.211,9.143,0.623,4.8,0.74,0,0.0
sensor_flow_4,12,2.673,1.379,5.252,0.194,2.242,0.431,0,0.0
sensor_flow_4,0,11.12,0.225,11.498,0.986,0.044,11.076,1,1.0
sensor_flow_4,5,4.191,0.502,5.141,0.862,0.417,3.775,1,1.0
sensor_flow_4,23,0.499,1.368,4.15,0.0,0.401,0.098,0,0.0
sensor_flow_4,14,2.775,1.491,6.396,0.116,2.57,0.204,0,0.0
sensor_flow_4,8,6.805,1.475,10.519,0.702,6.55,0.255,0,0.0
sensor_flow_4,2,0.0,0.727,1.266,0.0,0.445,-0.445,0,0.0
sensor_flow_4,13,1.472,1.497,5.395,0.119,2.007,-0.535,0,0.0
sensor_flow_4,1,0.0,0.351,0.883,0.0,0.494,-0.494,0,0.0
sensor_flow_4,4,0.205,1.006,2.732,0.0,0.454,-0.248,0,0.0
sensor_flow_4,23,0.917,1.022,2.871,0.197,0.254,0.663,0,0.0
sensor_flow_4,21,9.443,1.413,11.791,1.0,7.921,1.522,0,0.0
sensor_flow_4,7,15.938,0.498,17.351,0.932,6.473,9.466,1,1.0
sensor_flow_4,3,0.259,0.578,1.477,0.0,0.477,-0.218,0,0.0
sensor_flow_4,7,7.698,0.643,9.458,0.806,7.334,0.364,0,0.0
sensor_flow_4,16,1.924,0.904,3.553,0.332,2.364,-0.44,0,0.0
sensor_flow_4,17,1.497,0.438,2.236,0.0,1.128,0.369,0,0.0
sensor_flow_4,3,0.007,0.632,1.274,0.0,0.135,-0.128,0,0.0
sensor_flow_4,7,5.427,0.781,7.685,0.785,6.479,-1.051,0,0.0
sensor_flow_4,5,1.245,0.667,2.274,0.0,0.357,0.888,0,0.0
sensor_flow_5,1,0.0,0.738,1.766,0.103,0.162,-0.162,0,0.0
sensor_flow_5,15,12.192,0.346,12.965,0.943,1.488,10.704,1,1.0
sensor_flow_5,22,8.113,0.351,9.032,0.864,0.313,7.799,1,1.0
sensor_flow_5,14,11.7,0.533,13.048,0.886,1.472,10.228,1,1.0
sensor_flow_5,4,0.663,0.772,2.794,0.0,0.361,0.303,0,0.0
sensor_flow_5,0,0.0,1.016,2.4,0.0,0.019,-0.019,0,0.0
sensor_flow_5,12,1.637,0.965,3.257,0.002,2.26,-0.623,0,0.0
sensor_flow_5,9,8.172,1.437,11.734,0.775,7.966,0.207,0,0.0
sensor_flow_5,23,0.606,1.266,4.31,0.24,0.488,0.118,0,0.0
sensor_flow_5,4,0.813,0.921,2.339,0.028,0.385,0.428,0,0.0
sensor_flow_5,8,7.628,0.375,8.697,1.0,8.919,-1.291,0,0.0
sensor_flow_5,1,0.993,1.356,3.617,0.043,0.045,0.948,0,0.0
sensor_flow_5,6,5.36,1.021,7.342,0.389,4.562,0.798,0,0.0
sensor_flow_5,12,0.879,0.895,3.548,0.127,1.131,-0.252,0,0.0
sensor_flow_5,14,1.961,1.252,5.236,0.229,1.192,0.769,0,0.0
sensor_flow_5,19,9.29,1.072,11.264,1.0,8.325,0.965,0,0.0
sensor_flow_5,5,0.001,0.474,0.976,0.027,0.057,-0.056,0,0.0
sensor_flow_5,12,2.428,1.291,5.065,0.252,2.327,0.101,0,0.0
sensor_flow_5,23,1.339,0.578,3.023,0.084,0.389,0.951,0,0.0
sensor_flow_5,17,3.014,1.409,5.681,0.084,2.108,0.906,0,0.0
sensor_flow_5,12,0.0,0.689,1.724,0.015,1.6,-1.6,0,0.0
sensor_flow_5,21,9.714,0.932,12.162,1.0,8.998,0.716,0,0.0
sensor_flow_5,10,1.906,1.273,5.304,0.176,2.596,-0.69,0,0.0
sensor_flow_5,13,10.749,0.475,11.772,0.88,2.299,8.449,1,1.0
sensor_flow_5,12,2.298,1.226,4.961,0.156,1.826,0.472,0,0.0
sensor_flow_5,13,1.384,0.938,3.926,0.421,2.079,-0.695,0,0.0
sensor_flow_5,7,5.686,0.633,6.724,0.347,4.283,1.403,0,0.0
sensor_flow_5,14,3.868,0.984,6.414,0.087,2.861,1.007,0,0.0
sensor_flow_5,18,4.907,1.369,8.71,0.324,4.811,0.096,0,0.0
sensor_flow_5,0,4.699,0.275,5.424,0.867,0.41,4.289,1,1.0
sensor_flow_5,12,1.354,1.346,4.073,0.154,1.822,-0.467,0,0.0
sensor_flow_5,12,2.947,0.823,5.388,0.266,2.08,0.867,0,0.0
sensor_flow_5,0,1.104,1.443,5.203,0.0,0.365,0.739,0,0.0
sensor_flow_5,12,9.065,0.198,9.574,0.875,2.311,6.753,1,1.0
sensor_flow_5,18,8.647,0.403,9.459,0.844,8.831,-0.184,0,0.0
sensor_flow_5,0,0.925,0.854,2.513,0.129,0.312,0.613,0,0.0
sensor_flow_5,18,3.859,0.871,6.268,0.365,4.06,-0.201,0,0.0
sensor_flow_5,18,7.307,0.344,8.045,0.766,7.758,-0.451,0,0.0
sensor_flow_5,12,2.018,0.479,2.818,0.383,2.213,-0.196,0,0.0
sensor_flow_5,7,8.408,1.398,12.182,1.0,8.848,-0.44,0,0.0
sensor_flow_5,6,5.083,0.311,6.005,0.517,4.414,0.669,0,0.0
sensor_flow_5,2,0.184,0.506,1.642,0.023,0.429,-0.246,0,0.0
sensor_flow_5,11,1.593,0.835,3.031,0.41,1.485,0.108,0,0.0
sensor_flow_5,23,0.592,1.202,3.174,0.0,0.212,0.379,0,0.0
sensor_flow_5,4,0.0,1.408,3.827,0.0,0.083,-0.083,0,0.0
sensor_flow_5,19,3.374,0.323,3.907,0.446,4.09,-0.716,0,0.0
sensor_flow_5,4,0.0,0.857,2.464,0.005,0.166,-0.166,0,0.0
sensor_flow_5,12,1.855,0.576,2.931,0.461,2.378,-0.523,0,0.0
sensor_flow_5,23,0.0,0.302,0.698,0.016,0.305,-0.305,0,0.0
sensor_flow_5,19,7.876,1.138,9.696,0.701,8.658,-0.781,0,0.0
sensor_flow_5,20,5.148,1.053,7.092,0.243,5.063,0.086,0,0.0
sensor_flow_5,16,2.421,0.382,3.088,0.251,2.585,-0.164,0,0.0
sensor_flow_5,6,15.71,0.233,16.173,0.855,8.089,7.621,1,1.0
sensor_flow_5,23,0.0,0.791,1.803,0.0,0.064,-0.064,0,0.0
sensor_flow_5,18,6.915,0.381,7.597,0.542,6.492,0.423,0,0.0
sensor_flow_5,8,5.789,1.473,8.567,0.819,5.877,-0.088,0,0.0
sensor_flow_5,4,0.0,0.785,1.318,0.228,0.111,-0.111,0,0.0
sensor_flow_5,18,3.835,0.703,5.283,0.482,4.28,-0.445,0,0.0
sensor_flow_5,10,1.126,1.258,4.787,0.282,1.394,-0.268,0,0.0
sensor_flow_5,2,0.493,1.309,3.232,0.0,0.141,0.351,0,0.0
sensor_flow_5,5,0.0,1.295,2.893,0.16,0.043,-0.043,0,0.0
sensor_flow_5,20,18.831,0.164,19.21,0.96,8.811,10.021,1,1.0
sensor_flow_5,6,5.609,0.308,6.363,0.844,6.717,-1.108,0,0.0
sensor_flow_5,6,7.068,1.159,8.936,0.76,7.39,-0.322,0,0.0
sensor_flow_5,6,5.577,0.55,6.642,0.858,6.696,-1.119,0,0.0
sensor_flow_5,9,9.251,1.355,11.363,0.883,8.796,0.455,0,0.0
sensor_flow_5,8,6.38,1.068,9.231,0.748,7.607,-1.226,0,0.0
sensor_flow_5,20,5.532,0.809,7.481,0.776,6.143,-0.611,0,0.0
sensor_flow_5,20,6.737,1.474,10.896,0.822,6.549,0.188,0,0.0
sensor_flow_5,18,7.875,1.284,11.438,1.0,8.421,-0.546,0,0.0
sensor_flow_5,12,3.204,0.892,5.781,0.235,2.758,0.446,0,0.0
sensor_flow_5,4,1.4,1.008,3.851,0.165,0.209,1.191,0,0.0
sensor_flow_5,4,0.689,0.436,1.449,0.0,0.014,0.675,0,0.0
sensor_flow_5,0,0.246,1.069,2.384,0.0,0.403,-0.158,0,0.0
sensor_flow_5,0,0.559,0.956,2.249,0.0,0.213,0.346,0,0.0
sensor_flow_5,7,6.662,0.485,8.049,0.862,6.027,0.635,0,0.0
sensor_flow_5,23,0.656,0.749,2.688,0.027,0.307,0.35,0,0.0
sensor_flow_5,17,2.852,0.672,4.025,0.33,2.441,0.41,0,0.0
sensor_flow_5,11,2.544,0.675,3.615,0.196,1.766,0.778,0,0.0
sensor_flow_5,3,0.103,0.907,1.527,0.0,0.283,-0.18,0,0.0
sensor_flow_5,20,8.208,1.478,12.134,1.0,8.842,-0.633,0,0.0
sensor_flow_5,12,2.81,1.088,5.106,0.319,2.009,0.801,0,0.0
sensor_flow_5,8,9.97,1.23,12.879,1.0,8.94,1.03,0,0.0
sensor_flow_5,22,0.0,0.413,1.153,0.0,0.043,-0.043,0,0.0
sensor_flow_5,2,0.0,0.892,1.681,0.007,0.123,-0.123,0,0.0
sensor_flow_5,2,8.913,0.113,9.206,0.967,0.234,8.679,1,1.0
sensor_flow_5,4,0.0,0.919,1.515,0.001,0.079,-0.079,0,0.0
sensor_flow_5,20,6.675,1.301,10.542,0.703,7.029,-0.355,0,0.0
sensor_flow_5,4,10.389,0.28,10.859,0.989,0.046,10.343,1,1.0
sensor_flow_5,16,0.0,1.341,2.779,0.288,1.398,-1.398,0,0.0
sensor_flow_5,3,0.945,0.472,1.743,0.0,0.459,0.485,0,0.0
sensor_flow_5,15,12.168,0.489,13.088,0.889,3.0,9.168,1,1.0
sensor_flow_5,5,1.039,0.509,1.931,0.0,0.315,0.724,0,0.0
sensor_flow_5,14,1.805,0.501,3.01,0.443,2.13,-0.325,0,0.0
sensor_flow_5,22,0.197,0.793,2.321,0.0,0.365,-0.169,0,0.0
sensor_flow_5,8,12.027,0.415,13.198,0.964,5.848,6.179,1,1.0
sensor_flow_5,22,0.127,0.972,2.705,0.101,0.265,-0.138,0,0.0
sensor_flow_5,23,0.267,1.37,3.262,0.265,0.387,-0.119,0,0.0
sensor_flow_5,19,7.17,1.311,10.288,0.859,7.925,-0.754,0,0.0
sensor_flow_5,23,0.438,0.685,1.814,0.096,0.499,-0.061,0,0.0
sensor_flow_5,6,9.243,0.462,9.951,0.897,5.884,3.359,1,1.0
sensor_flow_5,8,3.891,1.435,6.893,0.596,4.407,-0.516,0,0.0
sensor_flow_5,13,1.506,0.457,2.622,0.055,1.226,0.281,0,0.0
sensor_flow_5,12,1.907,1.042,4.757,0.32,1.304,0.603,0,0.0
sensor_flow_5,12,1.195,1.02,3.714,0.164,1.665,-0.47,0,0.0
sensor_flow_5,2,0.382,1.219,3.6,0.064,0.437,-0.055,0,0.0
sensor_flow_5,22,0.263,0.403,1.358,0.257,0.24,0.023,0,0.0
sensor_flow_5,6,10.026,0.739,11.217,0.681,8.984,1.043,0,0.0
sensor_flow_5,8,6.473,0.334,7.212,0.718,6.694,-0.221,0,0.0
sensor_flow_5,20,5.555,0.986,7.573,0.651,5.729,-0.174,0,0.0
sensor_flow_5,18,8.651,1.261,12.309,0.797,8.33,0.321,0,0.0
sensor_flow_5,9,6.854,0.537,7.81,0.597,6.353,0.501,0,0.0
sensor_flow_5,11,8.843,0.423,9.97,0.901,1.567,7.276,1,1.0
sensor_flow_5,10,12.706,0.561,13.9,0.911,1.292,11.414,1,1.0
sensor_flow_5,23,4.299,0.166,4.697,0.967,0.265,4.034,1,1.0
sensor_flow_5,20,6.17,1.19,8.902,0.632,5.499,0.671,0,0.0
sensor_flow_5,16,1.107,0.405,2.23,0.4,1.566,-0.459,0,0.0
sensor_flow_5,18,3.595,1.248,5.788,0.836,4.259,-0.664,0,0.0
sensor_flow_5,20,4.749,1.293,8.57,0.124,4.766,-0.016,0,0.0
sensor_flow_5,20,7.286,0.528,8.649,0.891,6.979,0.307,0,0.0
sensor_flow_5,17,2.543,0.567,3.665,0.238,1.968,0.575,0,0.0
sensor_flow_5,4,1.179,0.405,1.955,0.29,0.434,0.744,0,0.0
sensor_flow_5,6,7.681,1.464,11.485,0.668,6.431,1.25,0,0.0
sensor_flow_5,19,8.857,0.896,11.357,1.0,8.701,0.156,0,0.0
sensor_flow_5,6,8.386,1.004,10.133,0.957,7.662,0.724,0,0.0
sensor_flow_5,11,2.462,0.527,3.801,0.608,2.523,-0.061,0,0.0
sensor_flow_5,16,1.09,1.278,3.681,0.281,1.354,-0.264,0,0.0
sensor_flow_5,20,8.077,0.783,9.844,1.0,7.855,0.222,0,0.0
sensor_flow_5,11,2.445,0.59,4.083,0.175,1.822,0.623,0,0.0
sensor_flow_5,21,8.58,0.953,11.274,1.0,8.772,-0.192,0,0.0
sensor_flow_5,10,2.899,0.43,4.156,0.34,2.736,0.163,0,0.0
sensor_flow_5,2,0.209,1.252,3.821,0.0,0.213,-0.004,0,0.0
sensor_flow_5,12,2.749,1.438,6.83,0.15,2.578,0.171,0,0.0
sensor_flow_5,12,0.478,1.379,3.523,0.346,1.072,-0.594,0,0.0
sensor_flow_5,16,1.675,0.389,2.495,0.27,1.67,0.005,0,0.0
sensor_flow_5,19,7.212,0.986,9.199,0.448,5.779,1.433,0,0.0
sensor_flow_5,14,2.458,0.301,3.245,0.325,1.424,1.034,0,0.0
sensor_flow_5,9,6.523,0.932,9.045,0.731,6.185,0.338,0,0.0
sensor_flow_5,21,4.733,1.43,7.936,0.487,5.062,-0.329,0,0.0
sensor_flow_5,20,8.17,0.498,9.448,0.543,7.823,0.347,0,0.0
sensor_flow_5,3,0.896,1.237,3.154,0.0,0.162,0.735,0,0.0
sensor_flow_5,3,7.856,0.373,8.861,0.901,0.372,7.483,1,1.0
sensor_flow_5,20,7.952,1.347,11.59,1.0,7.887,0.065,0,0.0
sensor_flow_5,1,0.0,0.964,2.036,0.073,0.094,-0.094,0,0.0
sensor_flow_5,22,3.169,0.46,3.89,0.918,0.097,3.072,1,1.0
sensor_flow_5,3,0.611,0.826,2.558,0.186,0.469,0.142,0,0.0
sensor_flow_5,12,3.391,1.486,7.133,0.37,2.18,1.211,0,0.0
sensor_flow_5,20,8.053,0.453,8.917,0.571,7.689,0.363,0,0.0
sensor_flow_5,20,7.915,0.592,9.617,1.0,7.613,0.302,0,0.0
sensor_flow_5,21,5.276,1.089,7.493,0.749,4.821,0.455,0,0.0
sensor_flow_5,21,5.872,1.206,8.582,0.722,7.457,-1.585,0,0.0
sensor_flow_5,5,0.0,1.248,3.563,0.149,0.4,-0.4,0,0.0
sensor_flow_5,16,2.0,1.191,5.108,0.0,1.305,0.695,0,0.0
sensor_flow_5,16,1.554,1.365,4.545,0.123,2.653,-1.099,0,0.0
sensor_flow_5,20,5.964,0.351,6.901,0.35,4.68,1.284,0,0.0
sensor_flow_5,21,5.669,1.261,7.912,0.567,5.074,0.595,0,0.0
sensor_flow_5,12,4.072,0.486,5.269,0.014,2.828,1.245,0,0.0
sensor_flow_5,18,3.983,0.846,5.423,0.475,4.093,-0.11,0,0.0
sensor_flow_5,16,2.163,1.454,4.934,0.215,1.992,0.172,0,0.0
sensor_flow_5,1,0.689,0.323,1.282,0.0,0.405,0.284,0,0.0
sensor_flow_5,23,0.175,1.212,2.349,0.243,0.341,-0.166,0,0.0
sensor_flow_5,12,6.967,0.106,7.221,0.933,2.611,4.355,1,1.0
sensor_flow_5,11,2.554,1.291,5.538,0.0,1.829,0.725,0,0.0
sensor_flow_5,12,1.222,0.685,2.441,0.339,1.749,-0.526,0,0.0
sensor_flow_5,4,0.0,0.497,0.927,0.0,0.273,-0.273,0,0.0
sensor_flow_5,2,0.307,0.981,2.704,0.0,0.474,-0.167,0,0.0
sensor_flow_5,11,2.133,0.464,2.967,0.074,1.856,0.277,0,0.0
sensor_flow_5,5,0.0,0.399,0.735,0.011,0.408,-0.408,0,0.0
sensor_flow_5,5,0.0,0.394,0.606,0.124,0.2,-0.2,0,0.0
sensor_flow_5,11,0.24,0.372,1.171,0.241,1.276,-1.036,0,0.0
sensor_flow_5,9,9.938,0.87,11.79,0.964,8.848,1.09,0,0.0
sensor_flow_5,0,1.117,0.333,1.924,0.158,0.243,0.874,0,0.0
sensor_flow_5,17,2.833,0.833,4.873,0.163,2.882,-0.049,0,0.0
sensor_flow_5,16,1.559,0.382,2.588,0.368,1.432,0.127,0,0.0
sensor_flow_5,10,12.329,0.578,13.357,0.946,1.053,11.276,1,1.0
sensor_flow_5,11,2.07,0.945,3.997,0.221,1.736,0.334,0,0.0
sensor_flow_5,3,1.379,1.01,3.588,0.046,0.215,1.164,0,0.0
sensor_flow_5,20,7.896,0.654,9.71,0.946,8.651,-0.755,0,0.0
sensor_flow_5,10,0.0,1.419,2.81,0.0,1.669,-1.669,0,0.0
sensor_flow_5,1,0.0,0.442,1.204,0.0,0.228,-0.228,0,0.0
sensor_flow_5,20,8.216,0.758,10.201,1.0,7.87,0.346,0,0.0
sensor_flow_5,17,1.92,0.487,2.95,0.364,1.95,-0.03,0,0.0
sensor_flow_5,8,6.608,0.864,8.69,0.719,7.447,-0.839,0,0.0
sensor_flow_5,2,0.0,0.448,0.953,0.034,0.497,-0.497,0,0.0
sensor_flow_5,7,10.451,0.502,11.913,0.948,5.657,4.794,1,1.0
sensor_flow_5,11,2.159,0.992,5.098,0.235,2.642,-0.483,0,0.0
sensor_flow_5,2,0.0,1.415,2.475,0.3,0.056,-0.056,0,0.0
sensor_flow_5,22,0.677,1.258,3.474,0.0,0.409,0.268,0,0.0
sensor_flow_5,9,3.792,0.577,5.463,0.644,4.201,-0.409,0,0.0
sensor_flow_5,17,3.566,1.364,5.793,0.592,2.654,0.913,0,0.0
sensor_flow_5,23,5.727,0.405,6.89,0.969,0.095,5.632,1,1.0
sensor_flow_5,11,1.488,0.534,3.071,0.396,1.846,-0.358,0,0.0
sensor_flow_5,10,2.82,1.347,5.326,0.413,2.513,0.307,0,0.0
sensor_flow_5,3,0.0,0.318,0.824,0.1,0.456,-0.456,0,0.0
sensor_flow_5,18,7.259,0.688,8.293,1.0,8.206,-0.947,0,0.0
sensor_flow_5,20,14.253,0.172,14.544,0.938,5.179,9.074,1,1.0
sensor_flow_5,8,5.388,1.427,8.292,0.853,5.428,-0.04,0,0.0
sensor_flow_5,16,3.087,0.333,3.625,0.259,2.893,0.194,0,0.0
sensor_flow_5,10,3.023,1.449,6.789,0.0,1.276,1.748,0,0.0
sensor_flow_5,19,5.871,0.639,7.047,0.251,4.939,0.932,0,0.0
sensor_flow_5,23,0.446,0.389,1.559,0.039,0.339,0.107,0,0.0
sensor_flow_5,15,1.672,1.281,5.375,0.222,2.243,-0.572,0,0.0
sensor_flow_5,2,0.487,0.795,1.715,0.0,0.261,0.226,0,0.0
sensor_flow_5,3,0.0,0.523,0.89,0.027,0.389,-0.389,0,0.0
sensor_flow_5,4,0.0,0.713,1.748,0.131,0.39,-0.39,0,0.0
sensor_flow_5,15,6.679,0.238,7.293,0.877,1.089,5.59,1,1.0
sensor_flow_5,10,3.036,1.331,6.17,0.171,2.848,0.187,0,0.0
sensor_flow_5,0,0.265,0.93,2.281,0.0,0.157,0.109,0,0.0
sensor_flow_5,3,0.0,0.607,1.211,0.0,0.078,-0.078,0,0.0
sensor_flow_5,14,3.768,1.309,7.322,0.353,2.87,0.897,0,0.0
sensor_flow_5,18,8.5,0.349,9.293,1.0,8.321,0.179,0,0.0
sensor_flow_5,15,2.746,1.097,5.6,0.379,2.944,-0.198,0,0.0
sensor_flow_5,4,0.706,0.567,1.704,0.074,0.25,0.456,0,0.0
sensor_flow_5,6,6.03,1.293,9.874,0.505,5.087,0.943,0,0.0
sensor_flow_5,2,0.535,0.733,2.46,0.189,0.453,0.082,0,0.0
sensor_flow_5,18,15.124,0.155,15.403,0.958,4.25,10.874,1,1.0
sensor_flow_5,16,2.749,1.351,5.459,0.117,1.587,1.162,0,0.0
sensor_flow_5,8,12.237,0.34,12.918,0.969,8.185,4.052,1,1.0
sensor_flow_5,13,3.125,1.118,5.883,0.418,2.936,0.19,0,0.0
sensor_flow_5,1,1.043,1.299,3.556,0.199,0.394,0.649,0,0.0
sensor_flow_5,15,2.562,0.387,3.65,0.0,2.633,-0.071,0,0.0
sensor_flow_5,14,2.956,0.685,4.539,0.122,2.361,0.595,0,0.0
sensor_flow_5,1,0.0,0.57,0.955,0.0,0.206,-0.206,0,0.0
sensor_flow_5,13,13.34,0.221,13.909,0.978,2.803,10.537,1,1.0
sensor_flow_5,6,8.544,0.959,11.257,0.857,8.351,0.193,0,0.0
sensor_flow_5,22,0.696,0.706,2.405,0.221,0.436,0.26,0,0.0
sensor_flow_5,17,2.172,1.127,4.576,0.393,2.757,-0.585,0,0.0
sensor_flow_5,12,1.189,0.441,2.165,0.119,1.138,0.051,0,0.0
sensor_flow_5,13,2.039,1.314,5.222,0.317,1.554,0.486,0,0.0
sensor_flow_5,6,6.569,1.165,8.389,0.436,5.989,0.579,0,0.0
sensor_flow_5,10,12.734,0.238,13.289,0.981,2.272,10.463,1,1.0
sensor_flow_5,12,1.655,1.164,4.407,0.046,1.304,0.351,0,0.0
sensor_flow_5,17,1.565,1.061,4.363,0.224,1.875,-0.309,0,0.0
sensor_flow_5,6,7.932,0.863,10.284,0.959,7.857,0.075,0,0.0
sensor_flow_5,9,7.183,1.344,9.28,0.97,8.33,-1.147,0,0.0
sensor_flow_5,19,3.97,0.534,5.4,0.458,4.528,-0.558,0,0.0
sensor_flow_5,22,1.131,1.304,4.755,0.0,0.376,0.755,0,0.0
sensor_flow_5,20,8.796,0.638,9.88,1.0,8.479,0.317,0,0.0
sensor_flow_5,5,11.133,0.425,12.053,0.977,0.207,10.925,1,1.0
sensor_flow_5,1,0.793,0.446,1.614,0.0,0.112,0.681,0,0.0
sensor_flow_5,5,0.0,1.332,2.497,0.098,0.002,-0.002,0,0.0
sensor_flow_5,8,3.851,1.072,6.855,0.487,4.074,-0.223,0,0.0
sensor_flow_5,21,8.343,0.459,9.226,0.873,7.964,0.378,0,0.0
sensor_flow_5,3,0.639,0.894,2.616,0.044,0.202,0.437,0,0.0
sensor_flow_5,12,1.945,1.071,4.549,0.174,1.985,-0.04,0,0.0
sensor_flow_5,9,5.467,1.173,8.447,0.543,5.13,0.336,0,0.0
sensor_flow_5,19,7.499,1.218,10.56,1.0,7.869,-0.371,0,0.0
sensor_flow_5,0,0.717,0.545,2.134,0.168,0.308,0.409,0,0.0
sensor_flow_5,6,7.057,1.188,9.603,0.89,7.779,-0.722,0,0.0
sensor_flow_5,9,9.349,0.888,11.517,1.0,8.806,0.543,0,0.0
sensor_flow_5,7,5.683,1.484,8.296,0.544,5.32,0.363,0,0.0
sensor_flow_5,11,3.864,1.001,5.671,0.466,2.529,1.334,0,0.0
sensor_flow_5,9,7.899,1.266,11.116,0.799,7.772,0.127,0,0.0
sensor_flow_5,18,3.792,0.604,5.246,0.516,5.36,-1.569,0,0.0
sensor_flow_5,8,5.094,0.357,5.946,0.815,5.472,-0.377,0,0.0
sensor_flow_5,6,7.953,1.224,10.361,0.805,7.792,0.16,0,0.0
sensor_flow_5,11,2.06,1.206,4.646,0.183,2.888,-0.828,0,0.0
sensor_flow_5,15,0.914,0.815,3.305,0.312,1.259,-0.345,0,0.0
sensor_flow_5,2,0.309,0.723,2.067,0.059,0.245,0.064,0,0.0
sensor_flow_5,8,6.207,1.292,9.832,0.585,6.187,0.02,0,0.0
sensor_flow_5,20,15.832,0.514,16.881,0.932,8.096,7.736,1,1.0
sensor_flow_5,22,7.702,0.114,7.94,0.947,0.235,7.467,1,1.0
sensor_flow_5,15,0.54,1.076,3.166,0.16,1.035,-0.495,0,0.0
sensor_flow_5,4,0.181,0.974,2.981,0.189,0.207,-0.025,0,0.0
sensor_flow_5,17,0.698,0.821,2.875,0.526,1.468,-0.77,0,0.0
sensor_flow_5,12,3.095,0.314,3.837,0.508,2.407,0.688,0,0.0
sensor_flow_5,8,9.964,0.102,10.19,0.913,4.685,5.279,1,1.0
sensor_flow_5,0,0.0,1.277,2.514,0.0,0.219,-0.219,0,0.0
sensor_flow_5,2,0.0,0.764,2.118,0.0,0.117,-0.117,0,0.0
sensor_flow_5,13,0.988,0.904,3.377,0.0,1.806,-0.818,0,0.0
sensor_flow_5,3,0.442,0.668,1.986,0.089,0.115,0.328,0,0.0
sensor_flow_5,6,8.707,0.706,10.618,0.872,8.13,0.577,0,0.0
sensor_flow_5,16,1.986,0.367,2.826,0.0,2.099,-0.113,0,0.0
sensor_flow_5,17,2.251,0.697,3.451,0.385,2.617,-0.366,0,0.0
sensor_flow_5,11,2.311,0.819,4.378,0.352,1.561,0.751,0,0.0
sensor_flow_5,17,4.134,0.468,5.453,0.297,2.351,1.783,0,0.0
sensor_flow_5,11,3.52,1.15,6.387,0.41,2.876,0.644,0,0.0
sensor_flow_5,11,0.963,0.526,2.001,0.08,1.045,-0.082,0,0.0
sensor_flow_5,2,1.395,1.406,4.085,0.043,0.095,1.301,0,0.0
sensor_flow_5,9,5.844,1.469,8.904,0.713,4.355,1.49,0,0.0
sensor_flow_5,15,1.401,0.62,2.687,0.011,2.149,-0.748,0,0.0
sensor_flow_5,16,1.555,1.451,4.247,0.343,2.419,-0.864,0,0.0
sensor_flow_5,9,3.85,1.323,6.615,0.696,5.221,-1.371,0,0.0
sensor_flow_5,22,0.566,0.301,1.141,0.032,0.483,0.083,0,0.0
sensor_flow_5,17,2.092,1.41,5.151,0.257,1.97,0.122,0,0.0
sensor_flow_5,12,2.844,1.304,5.437,0.18,2.132,0.712,0,0.0
sensor_flow_5,21,5.582,1.351,8.442,0.645,5.127,0.455,0,0.0
sensor_flow_5,10,3.131,0.894,5.36,0.0,2.499,0.632,0,0.0
sensor_flow_5,22,0.0,0.652,1.225,0.316,0.489,-0.489,0,0.0
sensor_flow_5,19,5.212,1.114,7.164,0.774,4.072,1.14,0,0.0
sensor_flow_5,15,13.107,0.113,13.385,0.901,1.375,11.732,1,1.0
sensor_flow_5,16,0.395,1.023,3.288,0.233,1.741,-1.346,0,0.0
sensor_flow_5,23,0.083,1.475,2.773,0.0,0.235,-0.152,0,0.0
sensor_flow_5,2,0.616,0.721,1.922,0.0,0.201,0.415,0,0.0
sensor_flow_5,23,0.206,0.88,2.411,0.072,0.466,-0.26,0,0.0
sensor_flow_5,8,6.719,0.921,8.753,0.702,7.186,-0.467,0,0.0
sensor_flow_5,16,2.216,0.84,3.921,0.177,1.984,0.232,0,0.0
sensor_flow_5,17,2.949,0.864,5.268,0.334,2.435,0.514,0,0.0
sensor_flow_5,23,0.0,0.642,1.108,0.103,0.025,-0.025,0,0.0
sensor_flow_5,17,0.19,1.355,3.619,0.0,1.013,-0.823,0,0.0
sensor_flow_5,0,0.108,1.301,2.745,0.0,0.339,-0.231,0,0.0
sensor_flow_5,16,0.957,0.799,2.288,0.2,1.934,-0.977,0,0.0
sensor_flow_5,16,3.193,1.439,5.415,0.068,2.513,0.68,0,0.0
sensor_flow_5,19,7.165,1.062,9.979,0.618,5.856,1.309,0,0.0
sensor_flow_5,5,0.735,0.706,1.918,0.179,0.276,0.46,0,0.0
sensor_flow_5,22,0.0,0.853,1.742,0.165,0.079,-0.079,0,0.0
sensor_flow_5,1,0.54,0.378,1.292,0.0,0.039,0.501,0,0.0
sensor_flow_5,5,7.84,0.416,8.674,0.917,0.29,7.55,1,1.0
sensor_flow_5,6,12.008,0.169,12.304,0.884,4.547,7.461,1,1.0
sensor_flow_5,7,7.498,1.0,9.445,0.961,8.012,-0.514,0,0.0
sensor_flow_5,16,2.251,1.396,4.485,0.018,2.07,0.182,0,0.0
sensor_flow_5,9,9.354,0.508,10.284,0.987,8.528,0.825,0,0.0
sensor_flow_5,2,1.71,0.412,2.571,0.148,0.322,1.389,0,0.0
sensor_flow_5,18,16.658,0.446,17.66,0.929,6.675,9.983,1,1.0
sensor_flow_5,17,10.865,0.122,11.055,0.85,1.685,9.18,1,1.0
sensor_flow_5,8,5.548,0.805,7.452,0.501,5.017,0.531,0,0.0
sensor_flow_5,18,6.72,1.313,9.784,0.929,8.225,-1.505,0,0.0
sensor_flow_5,14,2.458,0.733,4.132,0.319,2.19,0.268,0,0.0
sensor_flow_5,7,6.83,0.954,8.963,0.665,6.028,0.802,0,0.0
sensor_flow_5,1,0.0,0.786,1.327,0.045,0.009,-0.009,0,0.0
sensor_flow_5,6,7.286,0.416,8.483,0.88,7.153,0.134,0,0.0
sensor_flow_5,22,1.459,1.388,3.662,0.048,0.338,1.121,0,0.0
sensor_flow_5,1,0.061,0.62,0.998,0.0,0.198,-0.137,0,0.0
sensor_flow_5,4,0.357,1.316,3.762,0.0,0.396,-0.039,0,0.0
sensor_flow_5,22,0.0,0.418,1.131,0.0,0.017,-0.017,0,0.0
sensor_flow_5,21,5.939,0.565,7.485,0.713,5.824,0.115,0,0.0
sensor_flow_5,11,1.079,1.023,3.038,0.082,1.321,-0.242,0,0.0
sensor_flow_5,17,3.209,1.068,5.28,0.0,2.562,0.647,0,0.0
sensor_flow_5,23,0.521,1.461,2.99,0.162,0.373,0.148,0,0.0
sensor_flow_5,4,0.0,1.457,2.33,0.0,0.081,-0.081,0,0.0
sensor_flow_5,3,1.895,1.298,5.608,0.171,0.111,1.784,0,0.0
sensor_flow_5,10,0.632,0.749,2.862,0.147,1.396,-0.764,0,0.0
sensor_flow_5,11,3.204,0.841,4.626,0.196,2.722,0.483,0,0.0
sensor_flow_5,18,9.235,1.328,11.623,0.878,8.211,1.024,0,0.0
sensor_flow_5,11,2.36,1.056,5.435,0.316,1.991,0.369,0,0.0
sensor_flow_5,14,2.074,1.482,6.424,0.0,1.71,0.364,0,0.0
sensor_flow_5,9,5.843,0.717,6.998,0.668,5.049,0.794,0,0.0
sensor_flow_5,11,2.676,1.213,5.832,0.126,1.758,0.919,0,0.0
sensor_flow_5,14,1.201,1.324,3.759,0.305,1.119,0.082,0,0.0
sensor_flow_5,9,7.266,1.079,10.139,0.772,7.06,0.206,0,0.0
sensor_flow_5,7,10.374,0.141,10.656,0.859,6.563,3.812,1,1.0
sensor_flow_5,3,0.0,0.468,1.318,0.094,0.179,-0.179,0,0.0
sensor_flow_5,18,6.742,0.727,8.626,0.327,5.814,0.929,0,0.0
sensor_flow_5,2,0.903,0.798,2.446,0.052,0.356,0.547,0,0.0
sensor_flow_5,12,3.366,0.926,5.757,0.445,2.504,0.863,0,0.0
sensor_flow_5,19,4.593,1.179,7.158,0.764,4.582,0.011,0,0.0
sensor_flow_5,18,8.087,1.212,10.696,0.883,8.138,-0.051,0,0.0
sensor_flow_5,11,1.589,1.353,5.368,0.236,1.449,0.14,0,0.0
sensor_flow_5,20,6.033,0.624,7.353,0.667,6.387,-0.354,0,0.0
sensor_flow_5,0,0.162,0.733,1.261,0.008,0.317,-0.155,0,0.0
sensor_flow_5,18,5.836,0.913,8.465,0.598,5.695,0.141,0,0.0
sensor_flow_5,17,0.768,1.305,3.175,0.0,1.06,-0.291,0,0.0
sensor_flow_5,3,0.745,0.459,1.83,0.118,0.429,0.316,0,0.0
sensor_flow_5,7,10.121,0.649,11.409,1.0,8.817,1.304,0,0.0
sensor_flow_5,11,2.047,0.583,3.509,0.0,1.624,0.423,0,0.0
sensor_flow_5,1,0.83,1.001,3.591,0.0,0.075,0.755,0,0.0
sensor_flow_5,3,0.0,0.932,2.007,0.154,0.41,-0.41,0,0.0
sensor_flow_5,22,0.285,1.49,2.794,0.027,0.415,-0.13,0,0.0
sensor_flow_5,21,5.09,0.583,6.224,0.551,4.855,0.235,0,0.0
sensor_flow_5,22,1.154,1.13,3.509,0.0,0.46,0.694,0,0.0
sensor_flow_5,18,4.362,1.376,8.369,0.501,4.155,0.207,0,0.0
sensor_flow_5,18,6.712,0.622,8.373,0.764,5.949,0.763,0,0.0
sensor_flow_5,1,0.543,1.457,4.083,0.065,0.181,0.362,0,0.0
sensor_flow_5,20,3.644,1.345,6.403,0.788,4.561,-0.918,0,0.0
sensor_flow_5,9,8.042,0.552,9.299,0.658,7.406,0.636,0,0.0
sensor_flow_5,19,6.269,0.316,7.123,0.892,6.7,-0.432,0,0.0
sensor_flow_5,1,0.979,1.194,3.191,0.0,0.262,0.716,0,0.0
sensor_flow_5,18,6.826,1.203,8.945,0.721,6.772,0.054,0,0.0
sensor_flow_5,0,0.0,0.727,1.955,0.0,0.079,-0.079,0,0.0
sensor_flow_5,1,10.007,0.296,10.659,0.888,0.173,9.834,1,1.0
sensor_flow_5,7,5.848,0.427,6.983,0.603,5.863,-0.015,0,0.0
sensor_flow_5,23,0.0,0.906,2.335,0.132,0.269,-0.269,0,0.0
sensor_flow_5,2,0.0,0.677,1.145,0.158,0.291,-0.291,0,0.0
sensor_flow_5,4,0.169,0.347,0.899,0.0,0.154,0.016,0,0.0
sensor_flow_5,18,13.372,0.538,14.92,0.87,8.984,4.388,1,1.0
sensor_flow_5,9,7.569,0.731,8.729,0.485,7.36,0.209,0,0.0
sensor_flow_5,11,2.127,1.191,3.937,0.107,2.656,-0.529,0,0.0
sensor_flow_5,18,7.769,0.385,8.745,1.0,8.461,-0.692,0,0.0
sensor_flow_5,8,15.363,0.119,15.645,0.945,4.925,10.438,1,1.0
sensor_flow_5,3,0.701,1.448,4.878,0.0,0.256,0.445,0,0.0
sensor_flow_5,16,3.047,1.388,5.354,0.397,2.658,0.389,0,0.0
sensor_flow_5,17,2.541,0.945,5.192,0.191,1.981,0.56,0,0.0
sensor_flow_5,17,1.392,1.296,3.348,0.094,1.632,-0.241,0,0.0
sensor_flow_5,8,17.84,0.261,18.56,0.914,8.72,9.12,1,1.0
sensor_flow_5,21,4.632,0.63,5.99,0.576,4.722,-0.09,0,0.0
sensor_flow_5,10,2.108,0.718,3.204,0.191,2.24,-0.133,0,0.0
sensor_flow_5,16,2.654,0.766,4.841,0.566,1.716,0.938,0,0.0
sensor_flow_5,22,1.358,0.771,2.712,0.038,0.423,0.935,0,0.0
sensor_flow_5,22,1.481,0.422,2.54,0.055,0.27,1.21,0,0.0
sensor_flow_5,1,0.0,0.448,0.97,0.068,0.25,-0.25,0,0.0
sensor_flow_5,15,13.838,0.37,14.466,0.954,2.551,11.287,1,1.0
sensor_flow_5,2,0.0,0.991,1.891,0.112,0.045,-0.045,0,0.0
sensor_flow_5,5,0.0,0.665,1.619,0.101,0.136,-0.136,0,0.0
sensor_flow_5,23,0.049,0.355,0.698,0.12,0.302,-0.252,0,0.0
sensor_flow_5,4,0.0,1.383,4.113,0.0,0.228,-0.228,0,0.0
sensor_flow_5,7,5.445,1.304,9.104,0.804,5.427,0.018,0,0.0
sensor_flow_5,7,6.799,1.49,9.342,0.702,6.93,-0.132,0,0.0
sensor_flow_5,18,9.832,0.245,10.235,0.976,5.02,4.812,1,1.0
sensor_flow_5,2,1.05,0.935,3.479,0.13,0.486,0.564,0,0.0
sensor_flow_5,21,17.964,0.251,18.71,0.873,6.9,11.064,1,1.0
sensor_flow_6,15,0.344,0.821,2.025,0.0,1.119,-0.775,0,0.0
sensor_flow_6,2,6.744,0.572,8.239,0.966,0.28,6.464,1,1.0
sensor_flow_6,3,0.203,1.153,2.058,0.0,0.244,-0.041,0,0.0
sensor_flow_6,7,10.83,0.112,11.097,0.915,4.597,6.233,1,1.0
sensor_flow_6,6,6.59,1.476,10.739,0.689,6.776,-0.187,0,0.0
sensor_flow_6,14,0.778,1.126,3.213,0.239,1.763,-0.985,0,0.0
sensor_flow_6,5,0.777,0.3,1.556,0.039,0.441,0.336,0,0.0
sensor_flow_6,18,8.937,1.262,12.139,0.826,8.791,0.146,0,0.0
sensor_flow_6,4,1.423,0.55,2.366,0.026,0.34,1.083,0,0.0
sensor_flow_6,3,1.386,1.105,3.144,0.0,0.211,1.174,0,0.0
sensor_flow_6,11,1.604,0.418,2.243,0.252,1.586,0.019,0,0.0
sensor_flow_6,7,4.623,0.513,6.041,0.854,4.015,0.608,0,0.0
sensor_flow_6,0,10.859,0.336,11.513,0.865,0.335,10.523,1,1.0
sensor_flow_6,18,11.782,0.268,12.184,0.92,6.51,5.272,1,1.0
sensor_flow_6,10,0.307,0.783,2.253,0.338,1.395,-1.088,0,0.0
sensor_flow_6,13,1.567,0.548,2.756,0.078,1.061,0.505,0,0.0
sensor_flow_6,4,0.48,0.974,2.812,0.0,0.219,0.26,0,0.0
sensor_flow_6,20,4.09,1.104,7.285,0.482,4.656,-0.566,0,0.0
sensor_flow_6,22,1.187,1.189,4.535,0.086,0.442,0.745,0,0.0
sensor_flow_6,5,0.0,0.489,1.108,0.0,0.3,-0.3,0,0.0
sensor_flow_6,12,6.496,0.263,7.05,0.875,2.775,3.72,1,1.0
sensor_flow_6,9,7.935,0.619,9.116,0.856,7.588,0.347,0,0.0
sensor_flow_6,11,2.337,1.476,4.6,0.399,2.167,0.17,0,0.0
sensor_flow_6,16,2.059,1.473,4.851,0.106,1.999,0.06,0,0.0
sensor_flow_6,17,1.552,1.158,4.111,0.129,2.16,-0.609,0,0.0
sensor_flow_6,0,1.611,1.121,3.35,0.135,0.293,1.318,0,0.0
sensor_flow_6,15,1.573,0.66,2.653,0.452,2.322,-0.748,0,0.0
sensor_flow_6,12,2.115,1.108,4.045,0.416,2.406,-0.291,0,0.0
sensor_flow_6,7,5.06,0.753,6.438,0.616,5.041,0.019,0,0.0
sensor_flow_6,4,0.964,1.007,3.583,0.13,0.481,0.484,0,0.0
sensor_flow_6,13,2.439,0.979,4.867,0.01,1.277,1.162,0,0.0
sensor_flow_6,13,1.725,0.99,3.389,0.101,1.732,-0.008,0,0.0
sensor_flow_6,11,1.875,1.143,4.19,0.203,1.418,0.457,0,0.0
sensor_flow_6,18,7.331,0.383,8.421,0.707,7.087,0.244,0,0.0
sensor_flow_6,19,6.195,0.662,8.139,0.655,6.456,-0.261,0,0.0
sensor_flow_6,6,4.771,0.616,6.0,0.459,5.007,-0.235,0,0.0
sensor_flow_6,6,8.199,1.131,10.407,0.814,7.992,0.207,0,0.0
sensor_flow_6,4,10.748,0.523,11.649,0.921,0.033,10.715,1,1.0
sensor_flow_6,3,1.05,0.686,3.087,0.192,0.334,0.716,0,0.0
sensor_flow_6,12,0.706,1.096,3.266,0.0,1.38,-0.674,0,0.0
sensor_flow_6,8,5.606,0.695,6.929,0.705,5.329,0.277,0,0.0
sensor_flow_6,1,0.0,0.629,1.812,0.0,0.121,-0.121,0,0.0
sensor_flow_6,19,4.647,0.39,5.317,0.525,4.926,-0.279,0,0.0
sensor_flow_6,4,0.338,1.147,2.418,0.082,0.32,0.018,0,0.0
sensor_flow_6,9,6.744,1.459,9.08,0.823,6.985,-0.241,0,0.0
sensor_flow_6,23,8.462,0.101,8.712,0.902,0.408,8.054,1,1.0
sensor_flow_6,19,7.108,1.152,9.865,0.796,6.799,0.309,0,0.0
sensor_flow_6,13,2.416,1.259,4.455,0.234,2.034,0.382,0,0.0
sensor_flow_6,19,4.859,0.737,5.998,0.493,4.652,0.207,0,0.0
sensor_flow_6,23,0.729,1.251,3.46,0.0,0.367,0.362,0,0.0
sensor_flow_6,15,1.382,1.058,3.56,0.223,1.09,0.292,0,0.0
sensor_flow_6,8,4.556,0.59,5.924,0.569,4.233,0.323,0,0.0
sensor_flow_6,1,0.0,0.302,0.671,0.04,0.211,-0.211,0,0.0
sensor_flow_6,11,2.525,1.019,4.11,0.131,2.034,0.492,0,0.0
sensor_flow_6,13,9.004,0.256,9.392,0.915,1.567,7.437,1,1.0
sensor_flow_6,10,3.093,1.16,4.882,0.003,1.804,1.29,0,0.0
sensor_flow_6,14,3.132,1.156,4.998,0.152,2.713,0.418,0,0.0
sensor_flow_6,9,5.148,1.215,7.347,0.934,5.376,-0.229,0,0.0
sensor_flow_6,14,3.024,1.044,4.773,0.351,2.734,0.29,0,0.0
sensor_flow_6,10,2.234,0.843,3.952,0.0,1.265,0.969,0,0.0
sensor_flow_6,2,1.051,0.862,3.127,0.075,0.077,0.975,0,0.0
sensor_flow_6,17,2.091,0.653,3.134,0.103,2.019,0.072,0,0.0
sensor_flow_6,15,1.085,0.577,2.673,0.171,1.444,-0.359,0,0.0
sensor_flow_6,4,0.526,1.461,3.533,0.353,0.189,0.337,0,0.0
sensor_flow_6,10,2.179,0.617,3.207,0.62,2.986,-0.806,0,0.0
sensor_flow_6,5,0.749,0.736,2.713,0.0,0.405,0.344,0,0.0
sensor_flow_6,0,1.182,0.934,3.529,0.056,0.421,0.761,0,0.0
sensor_flow_6,21,5.365,0.67,6.725,0.537,5.998,-0.634,0,0.0
sensor_flow_6,6,13.351,0.381,14.039,0.866,8.188,5.163,1,1.0
sensor_flow_6,14,10.989,0.117,11.233,0.867,2.498,8.49,1,1.0
sensor_flow_6,4,0.653,0.983,2.522,0.0,0.273,0.38,0,0.0
sensor_flow_6,23,0.0,1.28,3.249,0.0,0.099,-0.099,0,0.0
sensor_flow_6,10,3.445,1.421,6.865,0.0,2.133,1.311,0,0.0
sensor_flow_6,11,2.953,1.361,5.29,0.231,2.122,0.832,0,0.0
sensor_flow_6,8,6.23,1.421,9.076,0.653,5.286,0.944,0,0.0
sensor_flow_6,20,10.154,1.202,13.141,0.773,8.067,2.087,0,0.0
sensor_flow_6,11,1.998,0.727,3.425,0.285,2.112,-0.114,0,0.0
sensor_flow_6,19,6.357,0.525,7.382,0.751,6.215,0.143,0,0.0
sensor_flow_6,21,4.503,1.263,7.026,0.737,4.683,-0.18,0,0.0
sensor_flow_6,7,9.122,1.489,11.87,0.884,8.851,0.271,0,0.0
sensor_flow_6,21,6.678,0.912,8.539,0.39,5.312,1.366,0,0.0
sensor_flow_6,6,7.218,0.811,9.049,0.817,6.041,1.177,0,0.0
sensor_flow_6,10,2.593,0.552,4.09,0.354,2.509,0.084,0,0.0
sensor_flow_6,8,9.677,0.73,10.977,0.889,8.277,1.4,0,0.0
sensor_flow_6,9,3.767,0.681,5.054,0.48,4.309,-0.542,0,0.0
sensor_flow_6,23,0.0,1.479,2.379,0.229,0.497,-0.497,0,0.0
sensor_flow_6,3,0.168,1.17,2.307,0.001,0.232,-0.064,0,0.0
sensor_flow_6,0,1.17,0.543,2.584,0.018,0.352,0.818,0,0.0
sensor_flow_6,14,1.767,0.385,2.742,0.218,1.845,-0.078,0,0.0
sensor_flow_6,14,1.564,1.01,3.905,0.113,1.447,0.117,0,0.0
sensor_flow_6,1,0.0,1.222,2.094,0.0,0.172,-0.172,0,0.0
sensor_flow_6,1,1.26,0.924,3.919,0.089,0.116,1.145,0,0.0
sensor_flow_6,17,2.253,0.676,3.821,0.14,1.799,0.454,0,0.0
sensor_flow_6,21,5.787,0.554,7.176,1.0,6.042,-0.255,0,0.0
sensor_flow_6,16,12.072,0.159,12.497,0.862,1.684,10.388,1,1.0
sensor_flow_6,1,0.011,1.286,2.103,0.0,0.045,-0.034,0,0.0
sensor_flow_6,13,2.754,0.547,3.757,0.351,2.864,-0.11,0,0.0
sensor_flow_6,5,0.0,1.356,3.716,0.0,0.103,-0.103,0,0.0
sensor_flow_6,21,4.324,1.354,8.348,0.488,4.386,-0.062,0,0.0
sensor_flow_6,10,2.356,1.136,4.992,0.238,2.664,-0.307,0,0.0
sensor_flow_6,7,6.819,1.461,9.677,0.67,7.315,-0.496,0,0.0
sensor_flow_6,5,0.902,1.027,2.861,0.0,0.065,0.837,0,0.0
sensor_flow_6,2,0.0,0.487,1.258,0.065,0.031,-0.031,0,0.0
sensor_flow_6,6,5.182,0.759,6.444,0.619,5.02,0.163,0,0.0
sensor_flow_6,9,5.021,1.495,9.473,0.507,4.748,0.273,0,0.0
sensor_flow_6,5,1.765,0.381,2.877,0.0,0.289,1.477,0,0.0
sensor_flow_6,13,2.652,0.582,4.309,0.154,2.858,-0.206,0,0.0
sensor_flow_6,15,1.925,1.345,4.262,0.215,1.823,0.103,0,0.0
sensor_flow_6,11,1.214,0.33,1.943,0.439,2.125,-0.911,0,0.0
sensor_flow_6,22,0.0,0.972,1.879,0.042,0.393,-0.393,0,0.0
sensor_flow_6,3,6.684,0.378,7.613,0.851,0.275,6.409,1,1.0
sensor_flow_6,7,4.867,1.307,7.927,0.397,4.255,0.612,0,0.0
sensor_flow_6,3,9.576,0.112,9.83,0.912,0.212,9.364,1,1.0
sensor_flow_6,7,6.741,1.005,9.262,0.916,7.25,-0.509,0,0.0
sensor_flow_6,0,5.874,0.154,6.253,0.917,0.424,5.451,1,1.0
sensor_flow_6,6,5.651,0.579,7.159,0.824,6.655,-1.004,0,0.0
sensor_flow_6,21,6.931,0.673,8.15,0.39,6.21,0.721,0,0.0
sensor_flow_6,12,0.155,1.071,3.329,0.066,1.066,-0.911,0,0.0
sensor_flow_6,18,6.639,0.966,8.432,0.775,6.029,0.609,0,0.0
sensor_flow_6,8,4.799,1.156,7.727,0.722,4.743,0.057,0,0.0
sensor_flow_6,18,5.411,1.245,7.644,0.715,5.232,0.18,0,0.0
sensor_flow_6,23,0.0,1.368,3.174,0.053,0.206,-0.206,0,0.0
sensor_flow_6,12,1.702,0.966,4.337,0.152,1.443,0.259,0,0.0
sensor_flow_6,2,0.469,0.396,1.079,0.272,0.094,0.376,0,0.0
sensor_flow_6,4,0.322,1.373,3.894,0.0,0.142,0.18,0,0.0
sensor_flow_6,2,0.564,1.081,3.479,0.0,0.5,0.064,0,0.0
sensor_flow_6,15,2.398,0.957,4.061,0.136,2.426,-0.028,0,0.0
sensor_flow_6,1,0.351,1.32,3.49,0.217,0.157,0.194,0,0.0
sensor_flow_6,16,3.599,1.096,5.444,0.272,2.909,0.69,0,0.0
sensor_flow_6,1,0.202,1.409,4.257,0.074,0.289,-0.087,0,0.0
sensor_flow_6,1,1.719,1.372,4.464,0.0,0.078,1.641,0,0.0
sensor_flow_6,23,1.835,0.972,3.499,0.224,0.399,1.436,0,0.0
sensor_flow_6,8,4.956,1.07,7.824,0.805,6.821,-1.864,0,0.0
sensor_flow_6,22,0.975,0.483,2.394,0.0,0.005,0.97,0,0.0
sensor_flow_6,8,4.484,0.45,5.291,0.703,4.512,-0.028,0,0.0
sensor_flow_6,15,1.278,0.792,2.562,0.163,1.259,0.019,0,0.0
sensor_flow_6,23,1.294,0.728,2.424,0.054,0.24,1.053,0,0.0
sensor_flow_6,13,3.561,0.347,4.319,0.367,1.232,2.329,0,0.0
sensor_flow_6,7,15.031,0.462,15.738,0.996,5.275,9.757,1,1.0
sensor_flow_6,12,1.875,0.377,2.49,0.046,1.274,0.601,0,0.0
sensor_flow_6,6,8.446,1.223,11.732,0.92,8.385,0.061,0,0.0
sensor_flow_6,20,6.149,1.025,9.061,0.633,6.555,-0.405,0,0.0
sensor_flow_6,14,2.172,1.079,4.473,0.405,1.79,0.382,0,0.0
sensor_flow_6,22,1.021,0.476,1.835,0.032,0.46,0.561,0,0.0
sensor_flow_6,17,2.162,1.16,4.591,0.205,2.813,-0.651,0,0.0
sensor_flow_6,1,0.0,1.164,3.178,0.293,0.115,-0.115,0,0.0
sensor_flow_6,23,0.805,1.299,3.093,0.013,0.404,0.402,0,0.0
sensor_flow_6,22,0.0,1.072,2.746,0.0,0.364,-0.364,0,0.0
sensor_flow_6,4,0.0,0.411,0.646,0.077,0.023,-0.023,0,0.0
sensor_flow_6,15,3.503,0.477,4.561,0.483,2.826,0.676,0,0.0
sensor_flow_6,12,1.606,1.193,3.944,0.346,2.297,-0.691,0,0.0
sensor_flow_6,13,2.684,0.674,4.015,0.23,2.844,-0.16,0,0.0
sensor_flow_6,17,2.781,1.037,5.05,0.074,2.122,0.659,0,0.0
sensor_flow_6,20,6.977,0.586,8.224,0.458,5.914,1.063,0,0.0
sensor_flow_6,16,1.496,1.478,5.733,0.267,2.353,-0.857,0,0.0
sensor_flow_6,5,0.0,0.878,2.242,0.252,0.389,-0.389,0,0.0
sensor_flow_6,12,1.926,1.468,5.831,0.193,2.522,-0.596,0,0.0
sensor_flow_6,21,8.799,1.303,12.232,0.968,8.294,0.505,0,0.0
sensor_flow_6,13,1.267,1.363,4.112,0.312,1.502,-0.236,0,0.0
sensor_flow_6,11,1.242,0.575,2.506,0.222,1.997,-0.755,0,0.0
sensor_flow_6,2,0.0,0.829,1.949,0.0,0.368,-0.368,0,0.0
sensor_flow_6,7,7.658,1.227,9.581,0.764,7.416,0.242,0,0.0
sensor_flow_6,17,1.029,1.294,3.169,0.403,2.868,-1.838,0,0.0
sensor_flow_6,1,0.211,0.583,1.822,0.0,0.489,-0.277,0,0.0
sensor_flow_6,0,0.0,0.541,1.32,0.0,0.023,-0.023,0,0.0
sensor_flow_6,15,0.158,0.579,1.352,0.352,1.019,-0.861,0,0.0
sensor_flow_6,16,1.473,0.46,2.661,0.028,1.596,-0.123,0,0.0
sensor_flow_6,7,6.326,0.37,7.059,0.714,6.571,-0.245,0,0.0
sensor_flow_6,4,0.0,1.256,3.131,0.0,0.039,-0.039,0,0.0
sensor_flow_6,11,2.229,0.668,3.794,0.006,2.461,-0.231,0,0.0
sensor_flow_6,7,4.994,0.607,6.051,0.581,4.595,0.4,0,0.0
sensor_flow_6,11,1.624,0.642,3.045,0.571,1.34,0.284,0,0.0
sensor_flow_6,10,3.178,0.781,4.623,0.323,2.282,0.896,0,0.0
sensor_flow_6,14,6.378,0.387,7.313,0.917,2.216,4.162,1,1.0
sensor_flow_6,13,2.118,1.309,4.237,0.337,2.41,-0.291,0,0.0
sensor_flow_6,0,0.0,0.702,1.987,0.082,0.189,-0.189,0,0.0
sensor_flow_6,10,3.199,0.528,4.425,0.0,2.285,0.914,0,0.0
sensor_flow_6,6,9.538,0.424,10.718,0.875,8.894,0.644,0,0.0
sensor_flow_6,6,8.743,0.534,10.101,0.701,8.395,0.348,0,0.0
sensor_flow_6,15,11.644,0.122,11.913,0.911,1.962,9.682,1,1.0
sensor_flow_6,9,3.784,1.137,5.929,0.426,4.695,-0.912,0,0.0
sensor_flow_6,12,10.815,0.181,11.249,0.991,1.321,9.494,1,1.0
sensor_flow_6,7,6.428,0.947,8.185,0.715,6.173,0.254,0,0.0
sensor_flow_6,19,7.15,0.586,8.092,0.541,8.423,-1.273,0,0.0
sensor_flow_6,10,1.545,0.335,2.179,0.559,1.3,0.245,0,0.0
sensor_flow_6,15,2.396,1.373,5.011,0.227,1.682,0.714,0,0.0
sensor_flow_6,10,12.514,0.567,14.093,0.91,2.044,10.47,1,1.0
sensor_flow_6,10,2.659,0.868,4.318,0.219,2.353,0.307,0,0.0
sensor_flow_6,17,3.345,0.762,4.708,0.372,1.318,2.027,0,0.0
sensor_flow_6,17,2.709,1.315,4.9,0.407,2.722,-0.013,0,0.0
sensor_flow_6,22,0.0,0.31,0.601,0.0,0.153,-0.153,0,0.0
sensor_flow_6,13,12.426,0.372,13.413,0.882,2.068,10.358,1,1.0
sensor_flow_6,23,0.538,0.6,2.096,0.194,0.296,0.242,0,0.0
sensor_flow_6,0,4.336,0.54,5.392,0.88,0.353,3.983,1,1.0
sensor_flow_6,8,4.228,1.319,6.504,0.65,4.304,-0.075,0,0.0
sensor_flow_6,16,1.546,0.371,2.183,0.013,1.755,-0.209,0,0.0
sensor_flow_6,3,0.202,0.515,1.446,0.0,0.023,0.179,0,0.0
sensor_flow_6,1,0.0,0.893,2.174,0.104,0.143,-0.143,0,0.0
sensor_flow_6,10,1.408,1.21,4.649,0.215,1.697,-0.289,0,0.0
sensor_flow_6,18,10.02,1.052,12.558,1.0,8.873,1.147,0,0.0
sensor_flow_6,2,0.812,1.151,2.543,0.346,0.043,0.769,0,0.0
sensor_flow_6,4,0.0,0.603,1.724,0.0,0.458,-0.458,0,0.0
sensor_flow_6,21,8.964,0.313,9.606,1.0,8.703,0.261,0,0.0
sensor_flow_6,5,1.401,0.607,2.429,0.025,0.167,1.234,0,0.0
sensor_flow_6,23,0.519,0.486,1.472,0.0,0.213,0.306,0,0.0
sensor_flow_6,22,0.0,0.413,0.624,0.037,0.071,-0.071,0,0.0
sensor_flow_6,8,6.055,0.615,7.504,0.81,6.814,-0.759,0,0.0
sensor_flow_6,19,7.364,0.383,8.045,0.827,7.858,-0.495,0,0.0
sensor_flow_6,4,6.486,0.559,7.93,0.975,0.247,6.238,1,1.0
sensor_flow_6,20,7.593,1.077,10.549,0.648,5.899,1.693,0,0.0
sensor_flow_6,14,2.974,0.487,3.903,0.376,1.772,1.202,0,0.0
sensor_flow_6,16,0.858,0.849,3.265,0.0,1.453,-0.596,0,0.0
sensor_flow_6,17,2.769,0.754,4.778,0.074,1.921,0.848,0,0.0
sensor_flow_6,2,0.222,1.139,2.318,0.116,0.416,-0.194,0,0.0
sensor_flow_6,18,4.481,1.37,7.814,0.48,4.892,-0.411,0,0.0
sensor_flow_6,1,0.352,1.198,2.297,0.027,0.013,0.339,0,0.0
sensor_flow_6,18,8.862,0.618,10.032,0.914,8.073,0.789,0,0.0
sensor_flow_6,1,0.61,0.822,2.23,0.184,0.025,0.585,0,0.0
sensor_flow_6,20,13.44,0.145,13.668,0.851,7.289,6.151,1,1.0
sensor_flow_6,13,13.001,0.48,14.133,0.851,2.184,10.817,1,1.0
sensor_flow_6,2,0.0,0.333,0.957,0.168,0.055,-0.055,0,0.0
sensor_flow_6,0,0.607,1.182,3.855,0.247,0.274,0.333,0,0.0
sensor_flow_6,3,6.357,0.141,6.668,0.859,0.13,6.227,1,1.0
sensor_flow_6,12,8.351,0.515,9.71,0.91,2.887,5.464,1,1.0
sensor_flow_6,1,0.581,1.046,2.446,0.066,0.302,0.279,0,0.0
sensor_flow_6,13,1.65,1.162,3.447,0.316,1.773,-0.123,0,0.0
sensor_flow_6,8,6.954,0.67,8.343,0.871,8.121,-1.167,0,0.0
sensor_flow_6,21,7.386,0.465,8.639,0.663,5.98,1.406,0,0.0
sensor_flow_6,6,6.574,1.499,10.269,0.718,6.635,-0.061,0,0.0
sensor_flow_6,8,8.345,1.468,11.413,0.695,7.968,0.378,0,0.0
sensor_flow_6,21,11.4,0.377,12.329,0.874,4.832,6.568,1,1.0
sensor_flow_6,0,0.0,0.833,1.878,0.133,0.477,-0.477,0,0.0
sensor_flow_6,20,8.18,0.564,9.766,1.0,8.272,-0.092,0,0.0
sensor_flow_6,3,8.72,0.452,9.539,0.868,0.09,8.63,1,1.0
sensor_flow_6,1,0.67,0.683,2.266,0.159,0.465,0.205,0,0.0
sensor_flow_6,18,7.831,0.479,8.573,1.0,8.216,-0.385,0,0.0
sensor_flow_6,0,9.435,0.341,10.054,0.979,0.238,9.197,1,1.0
sensor_flow_6,16,0.778,1.083,2.594,0.0,1.005,-0.227,0,0.0
sensor_flow_6,22,0.049,1.083,3.25,0.08,0.054,-0.005,0,0.0
sensor_flow_6,23,3.306,0.571,4.857,0.892,0.251,3.055,1,1.0
sensor_flow_6,9,4.087,0.362,5.024,0.563,4.735,-0.647,0,0.0
sensor_flow_6,1,0.619,1.435,3.341,0.0,0.265,0.354,0,0.0
sensor_flow_6,15,2.238,1.029,3.962,0.0,1.277,0.961,0,0.0
sensor_flow_6,7,9.039,0.32,9.894,1.0,8.363,0.676,0,0.0
sensor_flow_6,1,1.573,0.554,2.829,0.034,0.394,1.179,0,0.0
sensor_flow_6,15,0.636,1.199,3.542,0.102,1.01,-0.374,0,0.0
sensor_flow_6,5,0.231,0.896,1.868,0.0,0.155,0.076,0,0.0
sensor_flow_6,10,1.921,1.491,5.172,0.27,1.721,0.2,0,0.0
sensor_flow_6,21,4.689,0.583,5.876,0.706,5.606,-0.917,0,0.0
sensor_flow_6,18,6.236,0.479,7.592,0.854,6.888,-0.653,0,0.0
sensor_flow_6,21,7.172,0.899,9.509,0.958,8.108,-0.936,0,0.0
sensor_flow_6,21,4.631,0.993,6.901,0.875,5.114,-0.484,0,0.0
sensor_flow_6,5,0.0,0.771,1.827,0.0,0.375,-0.375,0,0.0
sensor_flow_6,18,6.371,0.848,8.014,0.537,7.039,-0.667,0,0.0
sensor_flow_6,22,0.524,1.125,2.628,0.04,0.065,0.458,0,0.0
sensor_flow_6,6,14.637,0.553,16.184,0.965,4.309,10.327,1,1.0
sensor_flow_6,15,2.943,1.039,4.914,0.208,2.796,0.146,0,0.0
sensor_flow_6,2,1.088,1.48,4.617,0.133,0.059,1.029,0,0.0
sensor_flow_6,18,4.276,0.893,5.661,0.191,4.114,0.161,0,0.0
sensor_flow_6,12,0.913,0.517,2.404,0.131,1.588,-0.675,0,0.0
sensor_flow_6,0,4.616,0.507,5.788,0.972,0.064,4.552,1,1.0
sensor_flow_6,4,0.436,0.468,1.736,0.094,0.167,0.27,0,0.0
sensor_flow_6,19,7.277,0.762,9.467,0.702,7.123,0.154,0,0.0
sensor_flow_6,17,1.422,0.774,2.722,0.135,2.026,-0.605,0,0.0
sensor_flow_6,3,0.0,0.494,1.064,0.112,0.302,-0.302,0,0.0
sensor_flow_6,0,2.039,1.481,5.811,0.251,0.152,1.887,0,0.0
sensor_flow_6,16,2.337,0.968,4.142,0.0,1.054,1.283,0,0.0
sensor_flow_6,20,6.908,0.975,9.646,0.7,7.911,-1.003,0,0.0
sensor_flow_6,8,4.849,1.286,8.535,0.623,4.993,-0.145,0,0.0
sensor_flow_6,15,0.244,1.109,2.637,0.137,1.127,-0.883,0,0.0
sensor_flow_6,5,3.455,0.446,4.16,0.9,0.077,3.378,1,1.0
sensor_flow_6,7,5.217,0.79,7.554,0.476,4.561,0.656,0,0.0
sensor_flow_6,12,3.923,0.66,5.324,0.315,2.446,1.477,0,0.0
sensor_flow_6,16,0.721,1.336,4.218,0.097,1.311,-0.59,0,0.0
sensor_flow_6,2,1.015,0.818,3.076,0.265,0.469,0.545,0,0.0
sensor_flow_6,12,12.849,0.4,13.658,0.993,2.631,10.218,1,1.0
sensor_flow_6,18,8.306,0.36,9.112,1.0,7.833,0.473,0,0.0
sensor_flow_6,14,1.7,0.347,2.616,0.277,2.279,-0.579,0,0.0
sensor_flow_6,19,7.098,1.433,9.934,0.803,7.511,-0.413,0,0.0
sensor_flow_6,18,4.536,0.476,5.919,0.51,4.071,0.465,0,0.0
sensor_flow_6,9,8.835,0.374,9.761,1.0,7.937,0.898,0,0.0
sensor_flow_6,1,0.059,1.149,2.682,0.073,0.139,-0.08,0,0.0
sensor_flow_6,1,0.063,0.406,1.227,0.115,0.219,-0.156,0,0.0
sensor_flow_6,22,0.0,0.336,0.749,0.0,0.176,-0.176,0,0.0
sensor_flow_6,5,0.0,1.288,2.103,0.0,0.08,-0.08,0,0.0
sensor_flow_6,1,0.0,1.491,3.294,0.0,0.39,-0.39,0,0.0
sensor_flow_6,20,5.259,0.51,6.377,0.371,4.445,0.814,0,0.0
sensor_flow_6,15,2.407,0.759,4.446,0.466,2.281,0.126,0,0.0
sensor_flow_6,22,0.0,0.883,2.612,0.0,0.058,-0.058,0,0.0
sensor_flow_6,0,0.998,0.917,2.484,0.0,0.236,0.762,0,0.0
sensor_flow_6,4,0.0,1.118,2.922,0.36,0.247,-0.247,0,0.0
sensor_flow_6,16,3.431,0.82,5.141,0.35,2.349,1.082,0,0.0
sensor_flow_6,10,1.844,1.382,5.432,0.341,1.785,0.059,0,0.0
sensor_flow_6,14,2.798,1.413,6.929,0.275,2.227,0.571,0,0.0
sensor_flow_6,14,2.946,1.302,5.9,0.112,2.827,0.118,0,0.0
sensor_flow_6,10,1.851,0.69,3.408,0.447,2.105,-0.254,0,0.0
sensor_flow_6,13,1.413,0.744,2.897,0.281,1.294,0.119,0,0.0
sensor_flow_6,8,6.104,1.146,9.472,0.906,5.832,0.273,0,0.0
sensor_flow_6,5,8.676,0.108,8.933,0.881,0.156,8.52,1,1.0
sensor_flow_6,2,0.145,1.307,2.651,0.0,0.179,-0.035,0,0.0
sensor_flow_6,8,11.419,0.209,11.945,0.851,4.348,7.07,1,1.0
sensor_flow_6,12,1.876,1.481,5.72,0.264,2.632,-0.756,0,0.0
sensor_flow_6,10,8.517,0.588,9.586,0.951,2.864,5.653,1,1.0
sensor_flow_6,3,0.0,0.487,1.42,0.024,0.396,-0.396,0,0.0
sensor_flow_6,14,0.024,0.926,1.477,0.21,1.624,-1.6,0,0.0
sensor_flow_6,3,3.294,0.189,3.582,0.962,0.073,3.221,1,1.0
sensor_flow_6,3,0.486,1.486,2.716,0.004,0.282,0.204,0,0.0
sensor_flow_6,7,15.968,0.385,17.115,0.97,4.191,11.777,1,1.0
sensor_flow_6,15,1.447,0.437,2.702,0.239,1.815,-0.368,0,0.0
sensor_flow_6,20,9.601,0.857,11.314,1.0,7.923,1.678,0,0.0
sensor_flow_6,2,0.871,0.617,1.862,0.131,0.157,0.714,0,0.0
sensor_flow_6,4,0.0,0.354,1.017,0.0,0.377,-0.377,0,0.0
sensor_flow_6,16,0.538,0.377,1.509,0.074,1.438,-0.901,0,0.0
sensor_flow_6,13,1.787,0.684,3.7,0.281,1.528,0.259,0,0.0
sensor_flow_6,19,8.64,0.387,9.46,0.813,7.956,0.684,0,0.0
sensor_flow_6,5,0.714,0.316,1.476,0.249,0.385,0.328,0,0.0
sensor_flow_6,6,6.296,1.147,8.145,0.692,5.886,0.41,0,0.0
sensor_flow_6,1,0.544,0.711,2.163,0.045,0.188,0.356,0,0.0
sensor_flow_6,2,0.976,1.246,3.127,0.02,0.149,0.827,0,0.0
sensor_flow_6,0,0.0,1.201,3.506,0.011,0.426,-0.426,0,0.0
sensor_flow_6,19,8.722,0.443,9.994,0.665,7.472,1.25,0,0.0
sensor_flow_6,21,4.286,0.481,5.396,0.309,4.019,0.267,0,0.0
sensor_flow_6,18,5.708,1.094,8.488,0.738,6.499,-0.791,0,0.0
sensor_flow_6,10,2.371,1.225,4.852,0.329,2.682,-0.311,0,0.0
sensor_flow_6,6,8.549,0.869,10.459,0.907,7.727,0.822,0,0.0
sensor_flow_6,9,9.185,1.497,13.628,1.0,8.33,0.855,0,0.0
sensor_flow_6,14,10.631,0.211,11.122,0.885,1.476,9.155,1,1.0
sensor_flow_6,16,0.519,0.333,1.097,0.0,1.062,-0.543,0,0.0
sensor_flow_6,16,2.265,1.353,5.282,0.164,1.781,0.483,0,0.0
sensor_flow_6,20,3.779,1.028,6.152,0.455,4.187,-0.409,0,0.0
sensor_flow_6,4,0.0,0.905,2.396,0.06,0.298,-0.298,0,0.0
sensor_flow_6,10,2.561,1.114,4.25,0.331,2.593,-0.032,0,0.0
sensor_flow_6,13,1.812,1.234,5.223,0.071,1.615,0.197,0,0.0
sensor_flow_6,10,2.181,1.152,4.804,0.11,2.98,-0.8,0,0.0
sensor_flow_6,5,12.151,0.228,12.817,0.924,0.49,11.661,1,1.0
sensor_flow_6,2,0.0,0.651,1.549,0.022,0.338,-0.338,0,0.0
sensor_flow_6,15,2.083,1.318,5.997,0.094,1.449,0.634,0,0.0
sensor_flow_6,10,2.03,1.35,4.504,0.245,1.924,0.106,0,0.0
sensor_flow_6,11,4.233,1.119,7.178,0.202,2.469,1.764,0,0.0
sensor_flow_6,23,1.12,0.333,1.775,0.0,0.124,0.995,0,0.0
sensor_flow_6,18,15.449,0.467,16.313,0.947,8.89,6.559,1,1.0
sensor_flow_6,20,5.53,1.21,8.848,0.692,5.646,-0.116,0,0.0
sensor_flow_6,21,7.984,0.612,9.615,0.759,7.227,0.757,0,0.0
sensor_flow_6,16,2.509,0.564,3.565,0.499,2.698,-0.189,0,0.0
sensor_flow_6,1,0.947,0.312,1.462,0.0,0.272,0.675,0,0.0
sensor_flow_6,21,4.372,1.243,7.961,0.285,4.608,-0.236,0,0.0
sensor_flow_6,13,7.165,0.408,8.198,0.913,2.006,5.159,1,1.0
sensor_flow_6,4,11.867,0.121,12.165,0.997,0.42,11.448,1,1.0
sensor_flow_6,18,6.56,0.571,7.684,0.524,5.968,0.592,0,0.0
sensor_flow_6,1,0.0,1.26,2.034,0.344,0.495,-0.495,0,0.0
sensor_flow_6,8,7.494,1.347,11.088,0.919,7.385,0.109,0,0.0
sensor_flow_6,13,12.995,0.467,14.327,0.944,1.015,11.98,1,1.0
sensor_flow_6,18,8.307,1.233,10.288,0.553,7.787,0.52,0,0.0
sensor_flow_6,0,1.297,1.481,4.342,0.0,0.455,0.843,0,0.0
sensor_flow_6,21,7.214,0.944,9.829,0.838,7.341,-0.126,0,0.0
sensor_flow_6,23,0.574,0.312,1.329,0.0,0.251,0.323,0,0.0
sensor_flow_6,7,6.418,1.222,9.278,0.412,6.285,0.133,0,0.0
sensor_flow_6,19,6.762,1.36,9.078,1.0,7.511,-0.749,0,0.0
sensor_flow_6,14,1.462,1.472,4.306,0.475,2.452,-0.991,0,0.0
sensor_flow_6,1,0.0,0.929,1.973,0.0,0.128,-0.128,0,0.0
sensor_flow_6,0,0.812,0.669,2.12,0.0,0.317,0.495,0,0.0
sensor_flow_6,8,6.675,1.419,9.417,0.863,5.524,1.151,0,0.0
sensor_flow_6,22,0.592,0.902,2.326,0.0,0.403,0.189,0,0.0
sensor_flow_6,18,6.478,1.046,8.63,0.72,7.284,-0.806,0,0.0
sensor_flow_6,11,1.64,1.014,3.349,0.045,2.106,-0.466,0,0.0
sensor_flow_6,21,5.725,0.626,6.761,0.469,5.314,0.411,0,0.0
sensor_flow_6,15,3.562,0.353,4.516,0.685,2.576,0.986,0,0.0
sensor_flow_6,14,1.641,0.437,2.9,0.246,1.475,0.166,0,0.0
sensor_flow_6,3,0.0,1.463,4.204,0.213,0.462,-0.462,0,0.0
sensor_flow_6,7,4.152,0.447,5.141,0.785,4.492,-0.34,0,0.0
sensor_flow_6,16,3.203,0.517,4.578,0.185,2.163,1.04,0,0.0
sensor_flow_6,10,2.249,0.615,3.683,0.166,2.058,0.19,0,0.0
sensor_flow_6,1,1.408,0.804,3.761,0.409,0.437,0.971,0,0.0
sensor_flow_6,6,15.011,0.165,15.421,0.866,6.058,8.953,1,1.0
sensor_flow_6,11,0.871,1.396,3.806,0.213,1.258,-0.386,0,0.0
sensor_flow_6,2,1.71,1.057,3.776,0.311,0.354,1.356,0,0.0
sensor_flow_6,16,2.955,0.987,4.792,0.324,2.365,0.59,0,0.0
sensor_flow_6,2,0.363,0.681,2.394,0.133,0.223,0.14,0,0.0
sensor_flow_6,21,11.372,0.247,12.081,0.976,7.428,3.945,1,1.0
sensor_flow_6,15,0.408,1.355,2.966,0.357,1.382,-0.974,0,0.0
sensor_flow_6,7,4.689,0.939,6.902,0.42,5.383,-0.694,0,0.0
sensor_flow_6,22,0.0,1.387,3.345,0.114,0.472,-0.472,0,0.0
sensor_flow_6,16,2.472,0.903,4.358,0.141,2.11,0.362,0,0.0
sensor_flow_6,21,5.604,0.828,7.487,0.638,5.679,-0.075,0,0.0
sensor_flow_6,0,7.677,0.196,8.259,0.886,0.347,7.33,1,1.0
sensor_flow_6,0,0.128,0.534,1.09,0.128,0.057,0.071,0,0.0
sensor_flow_6,10,2.933,1.307,5.823,0.138,2.581,0.352,0,0.0
sensor_flow_6,12,1.41,0.864,3.598,0.164,2.305,-0.895,0,0.0
sensor_flow_6,5,0.0,0.975,1.663,0.0,0.003,-0.003,0,0.0
sensor_flow_6,3,8.469,0.246,9.071,0.957,0.123,8.346,1,1.0
sensor_flow_6,17,1.642,0.699,2.864,0.21,1.043,0.599,0,0.0
sensor_flow_6,8,5.685,0.862,7.046,0.5,5.35,0.334,0,0.0
sensor_flow_6,19,6.359,0.833,7.709,0.483,6.973,-0.613,0,0.0
sensor_flow_6,19,16.484,0.206,16.939,0.986,6.534,9.95,1,1.0
sensor_flow_6,16,2.372,0.732,3.849,0.0,1.721,0.651,0,0.0
sensor_flow_6,10,3.592,1.334,5.654,0.412,2.623,0.968,0,0.0
sensor_flow_6,19,8.598,0.686,9.699,0.854,8.166,0.432,0,0.0
sensor_flow_6,13,2.336,0.597,3.496,0.371,1.475,0.86,0,0.0
sensor_flow_6,17,1.09,0.38,2.159,0.0,1.399,-0.309,0,0.0
sensor_flow_6,3,0.964,1.315,4.139,0.09,0.159,0.805,0,0.0
sensor_flow_7,17,1.353,0.834,3.703,0.0,1.019,0.334,0,0.0
sensor_flow_7,1,1.084,0.547,2.456,0.027,0.192,0.892,0,0.0
sensor_flow_7,17,3.223,1.256,6.5,0.337,2.51,0.713,0,0.0
sensor_flow_7,23,0.0,1.421,3.681,0.128,0.236,-0.236,0,0.0
sensor_flow_7,11,2.16,0.825,4.582,0.373,2.062,0.098,0,0.0
sensor_flow_7,4,0.0,0.611,1.104,0.184,0.404,-0.404,0,0.0
sensor_flow_7,11,2.611,0.451,3.299,0.457,2.623,-0.012,0,0.0
sensor_flow_7,13,5.776,0.456,6.594,1.0,1.807,3.97,1,1.0
sensor_flow_7,15,1.539,0.985,4.4,0.193,1.593,-0.054,0,0.0
sensor_flow_7,5,0.073,0.886,2.588,0.074,0.017,0.055,0,0.0
sensor_flow_7,6,8.49,1.324,11.191,1.0,8.661,-0.171,0,0.0
sensor_flow_7,16,2.163,1.151,5.326,0.505,2.315,-0.151,0,0.0
sensor_flow_7,8,7.04,0.499,7.973,0.949,7.12,-0.081,0,0.0
sensor_flow_7,9,4.123,0.441,5.373,0.539,5.327,-1.203,0,0.0
sensor_flow_7,9,8.895,1.211,12.466,0.988,8.473,0.422,0,0.0
sensor_flow_7,10,0.895,1.311,4.107,0.037,1.524,-0.629,0,0.0
sensor_flow_7,22,0.857,1.087,3.758,0.121,0.403,0.454,0,0.0
sensor_flow_7,2,0.035,0.808,1.51,0.0,0.344,-0.309,0,0.0
sensor_flow_7,11,2.18,1.14,4.647,0.19,2.634,-0.454,0,0.0
sensor_flow_7,10,1.832,1.473,4.158,0.313,1.386,0.446,0,0.0
sensor_flow_7,0,8.034,0.585,9.269,0.89,0.101,7.933,1,1.0
sensor_flow_7,20,4.78,1.01,7.701,0.453,5.186,-0.406,0,0.0
sensor_flow_7,17,2.577,0.677,3.787,0.26,2.365,0.212,0,0.0
sensor_flow_7,16,1.217,0.577,2.766,0.058,1.265,-0.048,0,0.0
sensor_flow_7,6,19.932,0.358,20.819,0.921,7.958,11.973,1,1.0
sensor_flow_7,5,1.426,1.473,4.746,0.312,0.238,1.188,0,0.0
sensor_flow_7,16,0.08,0.69,1.976,0.109,1.298,-1.218,0,0.0
sensor_flow_7,20,8.544,1.208,11.902,1.0,8.535,0.008,0,0.0
sensor_flow_7,13,2.243,0.476,3.172,0.45,2.636,-0.393,0,0.0
sensor_flow_7,0,0.772,0.613,1.929,0.04,0.434,0.338,0,0.0
sensor_flow_7,17,2.576,0.588,3.896,0.21,2.431,0.145,0,0.0
sensor_flow_7,20,12.641,0.182,13.072,0.934,4.199,8.442,1,1.0
sensor_flow_7,22,1.684,0.417,2.314,0.0,0.192,1.492,0,0.0
sensor_flow_7,17,2.571,0.579,3.6,0.414,1.925,0.646,0,0.0
sensor_flow_7,21,5.112,1.247,7.147,0.711,5.561,-0.448,0,0.0
sensor_flow_7,23,0.0,1.462,3.323,0.22,0.236,-0.236,0,0.0
sensor_flow_7,18,8.273,0.907,10.342,0.959,8.057,0.216,0,0.0
sensor_flow_7,22,0.0,1.07,3.03,0.036,0.402,-0.402,0,0.0
sensor_flow_7,13,1.072,0.421,1.768,0.0,1.38,-0.308,0,0.0
sensor_flow_7,10,1.696,1.209,4.807,0.414,2.742,-1.046,0,0.0
sensor_flow_7,7,5.213,0.808,6.848,0.858,5.801,-0.588,0,0.0
sensor_flow_7,19,6.594,0.496,7.34,0.672,6.321,0.273,0,0.0
sensor_flow_7,13,3.466,0.84,5.583,0.331,2.811,0.655,0,0.0
sensor_flow_7,16,4.054,1.407,7.989,0.337,2.955,1.099,0,0.0
sensor_flow_7,23,0.0,1.363,3.965,0.285,0.483,-0.483,0,0.0
sensor_flow_7,17,1.592,1.232,4.84,0.196,2.051,-0.459,0,0.0
sensor_flow_7,21,7.877,0.846,10.133,1.0,7.981,-0.105,0,0.0
sensor_flow_7,10,1.347,1.126,3.53,0.113,1.939,-0.592,0,0.0
sensor_flow_7,21,8.226,0.865,10.474,0.908,8.685,-0.459,0,0.0
sensor_flow_7,21,15.698,0.359,16.495,0.89,4.229,11.469,1,1.0
sensor_flow_7,19,7.069,0.96,9.835,0.796,7.195,-0.126,0,0.0
sensor_flow_7,13,2.35,0.707,4.051,0.259,1.785,0.565,0,0.0
sensor_flow_7,2,0.0,1.272,2.601,0.0,0.027,-0.027,0,0.0
sensor_flow_7,21,5.37,0.871,7.379,0.386,5.194,0.177,0,0.0
sensor_flow_7,21,12.053,0.202,12.517,0.975,5.194,6.859,1,1.0
sensor_flow_7,21,5.207,0.903,7.911,0.701,5.443,-0.236,0,0.0
sensor_flow_7,19,8.299,0.312,8.814,0.991,8.274,0.025,0,0.0
sensor_flow_7,15,4.611,0.962,6.999,0.33,2.923,1.688,0,0.0
sensor_flow_7,10,1.795,0.941,3.605,0.451,2.515,-0.72,0,0.0
sensor_flow_7,18,14.876,0.444,15.628,0.892,5.23,9.646,1,1.0
sensor_flow_7,17,2.255,1.44,6.254,0.154,1.976,0.279,0,0.0
sensor_flow_7,1,1.016,1.272,3.749,0.165,0.495,0.521,0,0.0
sensor_flow_7,11,1.964,0.785,4.098,0.0,2.286,-0.322,0,0.0
sensor_flow_7,0,0.0,0.776,1.362,0.023,0.382,-0.382,0,0.0
sensor_flow_7,16,0.818,1.18,3.956,0.349,1.391,-0.573,0,0.0
sensor_flow_7,20,13.407,0.215,13.949,0.955,7.947,5.46,1,1.0
sensor_flow_7,8,6.531,0.779,7.712,0.668,7.968,-1.437,0,0.0
sensor_flow_7,7,7.625,0.585,9.268,0.88,8.532,-0.907,0,0.0
sensor_flow_7,4,0.385,0.667,1.728,0.182,0.146,0.239,0,0.0
sensor_flow_7,12,2.668,1.438,5.191,0.557,2.642,0.025,0,0.0
sensor_flow_7,7,7.435,1.155,9.634,0.883,6.483,0.952,0,0.0
sensor_flow_7,13,2.115,0.579,3.833,0.006,1.478,0.637,0,0.0
sensor_flow_7,1,0.402,0.343,1.091,0.143,0.111,0.291,0,0.0
sensor_flow_7,7,7.098,1.183,10.502,0.808,8.055,-0.957,0,0.0
sensor_flow_7,0,4.734,0.515,5.614,0.936,0.052,4.682,1,1.0
sensor_flow_7,11,1.119,0.506,2.426,0.123,1.265,-0.146,0,0.0
sensor_flow_7,21,7.639,1.5,11.331,0.644,6.325,1.314,0,0.0
sensor_flow_7,11,2.408,0.327,3.002,0.227,2.375,0.033,0,0.0
sensor_flow_7,5,0.0,1.232,2.141,0.061,0.252,-0.252,0,0.0
sensor_flow_7,16,10.657,0.596,12.091,0.962,1.884,8.774,1,1.0
sensor_flow_7,17,3.394,0.576,4.412,0.063,2.976,0.418,0,0.0
sensor_flow_7,9,16.289,0.193,16.835,0.884,5.293,10.996,1,1.0
sensor_flow_7,21,4.661,1.464,7.829,0.626,5.109,-0.448,0,0.0
sensor_flow_7,22,0.0,0.822,2.104,0.0,0.337,-0.337,0,0.0
sensor_flow_7,4,0.545,0.713,2.677,0.201,0.378,0.168,0,0.0
sensor_flow_7,3,0.0,1.357,3.991,0.239,0.092,-0.092,0,0.0
sensor_flow_7,11,2.084,1.084,4.417,0.029,1.827,0.257,0,0.0
sensor_flow_7,20,5.34,0.704,6.958,0.274,4.399,0.942,0,0.0
sensor_flow_7,15,1.451,0.459,2.245,0.343,2.317,-0.866,0,0.0
sensor_flow_7,21,8.102,1.213,10.466,0.809,8.171,-0.069,0,0.0
sensor_flow_7,18,8.0,1.147,10.153,0.956,7.234,0.766,0,0.0
sensor_flow_7,10,3.859,1.431,7.166,0.074,2.264,1.595,0,0.0
sensor_flow_7,17,7.216,0.486,8.442,0.903,2.634,4.582,1,1.0
sensor_flow_7,6,8.85,1.47,11.49,0.794,8.993,-0.143,0,0.0
sensor_flow_7,2,0.0,0.573,0.861,0.129,0.258,-0.258,0,0.0
sensor_flow_7,19,7.84,0.343,8.441,0.987,8.44,-0.6,0,0.0
sensor_flow_7,7,6.384,1.459,9.488,0.724,5.799,0.585,0,0.0
sensor_flow_7,8,6.02,1.15,8.911,0.7,7.503,-1.483,0,0.0
sensor_flow_7,17,10.464,0.507,11.638,0.85,2.99,7.474,1,1.0
sensor_flow_7,19,7.521,1.247,9.644,0.968,7.299,0.222,0,0.0
sensor_flow_7,13,2.286,0.427,3.081,0.385,2.618,-0.332,0,0.0
sensor_flow_7,19,7.383,1.063,10.378,1.0,8.566,-1.183,0,0.0
sensor_flow_7,3,0.566,1.006,3.435,0.0,0.086,0.48,0,0.0
sensor_flow_7,14,2.078,0.637,3.254,0.087,2.005,0.072,0,0.0
sensor_flow_7,18,5.643,0.729,7.178,0.564,4.96,0.683,0,0.0
sensor_flow_7,12,2.735,0.34,3.29,0.093,2.45,0.285,0,0.0
sensor_flow_7,4,0.809,0.755,3.027,0.0,0.308,0.502,0,0.0
sensor_flow_7,11,5.529,0.599,6.715,0.986,1.397,4.133,1,1.0
sensor_flow_7,20,7.944,0.848,9.676,0.744,7.836,0.108,0,0.0
sensor_flow_7,0,0.69,0.317,1.584,0.0,0.327,0.363,0,0.0
sensor_flow_7,5,5.263,0.343,6.116,0.885,0.199,5.064,1,1.0
sensor_flow_7,4,0.871,0.605,2.624,0.166,0.184,0.687,0,0.0
sensor_flow_7,8,7.013,0.337,7.668,0.877,7.348,-0.336,0,0.0
sensor_flow_7,2,1.482,0.725,2.861,0.029,0.04,1.442,0,0.0
sensor_flow_7,2,0.183,0.776,2.484,0.0,0.399,-0.215,0,0.0
sensor_flow_7,10,1.129,0.397,2.278,0.379,1.622,-0.493,0,0.0
sensor_flow_7,11,2.013,1.446,6.176,0.07,1.481,0.532,0,0.0
sensor_flow_7,1,1.001,0.911,3.327,0.131,0.429,0.573,0,0.0
sensor_flow_7,13,1.543,0.962,3.758,0.173,1.898,-0.355,0,0.0
sensor_flow_7,14,2.097,0.695,3.157,0.079,2.022,0.075,0,0.0
sensor_flow_7,3,0.88,0.598,2.113,0.0,0.131,0.748,0,0.0
sensor_flow_7,2,1.605,0.728,2.974,0.0,0.399,1.206,0,0.0
sensor_flow_7,11,3.015,0.317,3.888,0.3,2.836,0.179,0,0.0
sensor_flow_7,16,1.355,0.51,2.678,0.381,1.825,-0.47,0,0.0
sensor_flow_7,17,2.526,0.992,5.326,0.0,1.217,1.309,0,0.0
sensor_flow_7,19,5.528,0.486,6.755,0.656,5.113,0.414,0,0.0
sensor_flow_7,9,5.707,1.315,8.827,0.814,6.226,-0.519,0,0.0
sensor_flow_7,23,11.758,0.587,13.278,0.92,0.293,11.465,1,1.0
sensor_flow_7,5,9.262,0.38,10.158,0.952,0.058,9.204,1,1.0
sensor_flow_7,20,7.095,0.584,8.637,0.903,7.632,-0.537,0,0.0
sensor_flow_7,17,2.159,0.871,3.817,0.067,1.803,0.356,0,0.0
sensor_flow_7,19,14.047,0.429,15.072,0.966,7.94,6.107,1,1.0
sensor_flow_7,11,3.047,0.736,4.877,0.434,2.642,0.405,0,0.0
sensor_flow_7,20,6.45,0.3,7.275,0.552,5.973,0.477,0,0.0
sensor_flow_7,15,1.286,1.113,4.025,0.505,2.988,-1.702,0,0.0
sensor_flow_7,18,6.744,0.618,8.055,0.66,6.409,0.336,0,0.0
sensor_flow_7,7,14.932,0.534,16.035,0.93,4.94,9.992,1,1.0
sensor_flow_7,21,7.663,0.527,8.974,0.749,6.153,1.511,0,0.0
sensor_flow_7,16,1.397,0.735,2.822,0.166,1.174,0.223,0,0.0
sensor_flow_7,17,6.706,0.348,7.611,0.95,1.326,5.38,1,1.0
sensor_flow_7,23,0.418,1.192,3.865,0.0,0.058,0.36,0,0.0
sensor_flow_7,14,2.128,0.797,4.4,0.374,2.591,-0.463,0,0.0
sensor_flow_7,8,9.648,0.54,10.958,0.882,8.456,1.192,0,0.0
sensor_flow_7,19,7.812,1.495,10.346,0.751,7.867,-0.055,0,0.0
sensor_flow_7,1,0.128,1.445,3.103,0.0,0.181,-0.054,0,0.0
sensor_flow_7,17,1.906,1.141,4.159,0.378,1.931,-0.025,0,0.0
sensor_flow_7,1,0.887,0.726,2.003,0.0,0.397,0.49,0,0.0
sensor_flow_7,14,0.641,1.252,3.234,0.116,1.066,-0.426,0,0.0
sensor_flow_7,5,0.025,1.284,2.593,0.003,0.439,-0.414,0,0.0
sensor_flow_7,22,0.698,1.394,4.814,0.26,0.494,0.203,0,0.0
sensor_flow_7,0,0.73,0.732,1.896,0.0,0.372,0.357,0,0.0
sensor_flow_7,12,1.361,0.35,2.197,0.133,1.619,-0.258,0,0.0
sensor_flow_7,7,6.12,0.877,8.249,0.813,7.041,-0.921,0,0.0
sensor_flow_7,16,0.93,0.489,2.265,0.25,2.154,-1.224,0,0.0
sensor_flow_7,10,0.616,0.467,1.61,0.257,1.468,-0.851,0,0.0
sensor_flow_7,20,7.81,1.16,10.091,1.0,8.317,-0.508,0,0.0
sensor_flow_7,4,1.66,0.676,3.397,0.0,0.412,1.248,0,0.0
sensor_flow_7,6,4.945,1.187,8.282,0.903,5.666,-0.722,0,0.0
sensor_flow_7,7,6.181,0.974,9.064,0.849,8.198,-2.017,0,0.0
sensor_flow_7,6,3.936,0.924,5.398,0.415,4.263,-0.327,0,0.0
sensor_flow_7,17,1.92,1.482,6.343,0.376,1.866,0.054,0,0.0
sensor_flow_7,18,6.665,0.884,8.626,0.653,7.159,-0.494,0,0.0
sensor_flow_7,16,3.994,0.818,5.402,0.332,2.465,1.53,0,0.0
sensor_flow_7,20,4.239,0.416,5.165,0.474,4.331,-0.092,0,0.0
sensor_flow_7,4,0.446,0.326,0.963,0.385,0.038,0.408,0,0.0
sensor_flow_7,17,1.481,0.308,2.271,0.185,1.334,0.147,0,0.0
sensor_flow_7,11,2.107,0.976,4.242,0.167,1.309,0.798,0,0.0
sensor_flow_7,21,5.655,0.53,7.166,0.558,4.991,0.664,0,0.0
sensor_flow_7,17,1.32,1.053,3.403,0.183,2.102,-0.782,0,0.0
sensor_flow_7,11,1.159,0.489,2.477,0.202,1.618,-0.459,0,0.0
sensor_flow_7,8,4.914,1.172,7.238,0.345,5.353,-0.438,0,0.0
sensor_flow_7,10,2.309,0.99,4.769,0.245,2.417,-0.108,0,0.0
sensor_flow_7,9,7.675,0.527,8.603,0.966,7.058,0.617,0,0.0
sensor_flow_7,14,6.913,0.599,8.121,0.927,1.489,5.424,1,1.0
sensor_flow_7,3,8.161,0.252,8.605,0.936,0.235,7.927,1,1.0
sensor_flow_7,17,2.248,1.125,4.639,0.412,1.965,0.283,0,0.0
sensor_flow_7,13,1.748,0.942,3.502,0.485,2.374,-0.627,0,0.0
sensor_flow_7,1,0.361,1.178,3.463,0.0,0.371,-0.01,0,0.0
sensor_flow_7,18,8.525,0.783,9.725,0.527,6.549,1.976,0,0.0
sensor_flow_7,7,14.59,0.195,14.94,0.924,8.627,5.964,1,1.0
sensor_flow_7,7,5.569,0.657,6.761,0.496,5.124,0.444,0,0.0
sensor_flow_7,17,2.932,0.588,4.148,0.231,2.394,0.538,0,0.0
sensor_flow_7,7,14.605,0.308,15.271,0.888,8.063,6.542,1,1.0
sensor_flow_7,12,2.432,0.392,3.466,0.456,2.133,0.299,0,0.0
sensor_flow_7,5,1.079,0.395,1.988,0.027,0.328,0.751,0,0.0
sensor_flow_7,10,1.375,0.984,4.095,0.084,1.011,0.364,0,0.0
sensor_flow_7,4,1.595,1.369,4.263,0.0,0.488,1.107,0,0.0
sensor_flow_7,22,1.47,1.463,4.773,0.335,0.417,1.053,0,0.0
sensor_flow_7,19,6.855,0.806,8.711,0.638,7.098,-0.243,0,0.0
sensor_flow_7,3,0.325,0.985,2.557,0.0,0.472,-0.147,0,0.0
sensor_flow_7,19,7.091,1.382,10.849,1.0,7.563,-0.472,0,0.0
sensor_flow_7,1,0.0,1.422,2.455,0.335,0.464,-0.464,0,0.0
sensor_flow_7,21,6.38,1.26,8.654,0.669,6.362,0.018,0,0.0
sensor_flow_7,3,0.0,1.418,3.361,0.0,0.066,-0.066,0,0.0
sensor_flow_7,0,0.0,0.925,2.169,0.229,0.436,-0.436,0,0.0
sensor_flow_7,20,7.256,0.829,9.595,1.0,7.885,-0.629,0,0.0
sensor_flow_7,1,0.0,1.374,2.328,0.163,0.116,-0.116,0,0.0
sensor_flow_7,17,1.917,0.524,2.943,0.282,2.921,-1.004,0,0.0
sensor_flow_7,13,2.768,1.333,5.919,0.494,2.988,-0.22,0,0.0
sensor_flow_7,1,0.0,1.129,2.023,0.273,0.492,-0.492,0,0.0
sensor_flow_7,3,5.989,0.555,7.007,0.895,0.185,5.804,1,1.0
sensor_flow_7,13,2.615,1.356,5.433,0.153,2.882,-0.266,0,0.0
sensor_flow_7,2,0.0,0.747,1.452,0.134,0.095,-0.095,0,0.0
sensor_flow_7,3,0.378,1.24,2.985,0.0,0.212,0.166,0,0.0
sensor_flow_7,11,2.159,1.167,4.669,0.364,1.917,0.243,0,0.0
sensor_flow_7,13,10.345,0.387,11.507,0.874,2.059,8.287,1,1.0
sensor_flow_7,9,8.933,0.435,10.079,1.0,8.477,0.457,0,0.0
sensor_flow_7,2,0.055,1.247,2.659,0.26,0.337,-0.282,0,0.0
sensor_flow_7,6,5.906,0.429,7.018,0.797,7.178,-1.272,0,0.0
sensor_flow_7,20,8.198,0.382,9.147,0.601,8.85,-0.652,0,0.0
sensor_flow_7,7,3.994,0.826,5.388,0.875,4.165,-0.171,0,0.0
sensor_flow_7,3,6.349,0.556,7.203,0.953,0.221,6.128,1,1.0
sensor_flow_7,7,6.699,1.041,9.711,0.581,5.469,1.23,0,0.0
sensor_flow_7,3,0.494,0.814,2.173,0.149,0.404,0.09,0,0.0
sensor_flow_7,20,8.637,0.884,10.567,0.883,7.335,1.302,0,0.0
sensor_flow_7,5,0.573,1.16,3.11,0.123,0.4,0.173,0,0.0
sensor_flow_7,9,8.242,1.041,10.014,1.0,8.561,-0.319,0,0.0
sensor_flow_7,4,0.001,1.295,2.815,0.004,0.199,-0.197,0,0.0
sensor_flow_7,16,3.279,0.93,4.706,0.406,1.702,1.577,0,0.0
sensor_flow_7,0,0.602,1.147,3.422,0.443,0.479,0.123,0,0.0
sensor_flow_7,5,0.468,0.377,1.185,0.112,0.106,0.362,0,0.0
sensor_flow_7,7,6.799,1.497,9.506,0.623,7.091,-0.292,0,0.0
sensor_flow_7,9,12.717,0.368,13.442,0.954,7.015,5.701,1,1.0
sensor_flow_7,10,2.401,1.125,4.56,0.397,1.808,0.593,0,0.0
sensor_flow_7,7,7.568,1.059,9.177,0.8,7.063,0.504,0,0.0
sensor_flow_7,7,5.21,0.631,6.664,0.796,5.695,-0.486,0,0.0
sensor_flow_7,19,7.372,1.03,10.451,0.663,8.055,-0.683,0,0.0
sensor_flow_7,13,2.196,1.484,4.79,0.224,2.237,-0.041,0,0.0
sensor_flow_7,18,8.162,1.08,11.386,1.0,6.802,1.36,0,0.0
sensor_flow_7,11,3.282,1.374,7.31,0.248,2.897,0.384,0,0.0
sensor_flow_7,14,3.042,1.161,5.187,0.301,2.448,0.594,0,0.0
sensor_flow_7,4,3.436,0.276,3.906,0.883,0.131,3.306,1,1.0
sensor_flow_7,9,17.655,0.127,17.93,0.856,8.131,9.524,1,1.0
sensor_flow_7,3,0.315,0.672,2.151,0.0,0.191,0.124,0,0.0
sensor_flow_7,2,0.865,0.677,2.481,0.35,0.399,0.466,0,0.0
sensor_flow_7,3,0.146,0.546,1.401,0.0,0.49,-0.344,0,0.0
sensor_flow_7,20,7.031,1.32,10.37,0.541,6.424,0.607,0,0.0
sensor_flow_7,23,0.461,0.969,3.197,0.18,0.308,0.154,0,0.0
sensor_flow_7,13,3.02,0.805,5.26,0.349,2.116,0.903,0,0.0
sensor_flow_7,15,1.823,1.495,4.857,0.402,2.331,-0.509,0,0.0
sensor_flow_7,17,3.474,0.596,5.136,0.207,2.31,1.164,0,0.0
sensor_flow_7,23,0.539,0.78,2.809,0.0,0.245,0.295,0,0.0
sensor_flow_7,1,4.233,0.518,5.236,0.918,0.086,4.146,1,1.0
sensor_flow_7,7,6.623,1.382,9.237,0.646,7.878,-1.255,0,0.0
sensor_flow_7,17,0.258,1.398,3.172,0.207,1.306,-1.048,0,0.0
sensor_flow_7,21,9.447,0.637,10.773,0.703,8.366,1.08,0,0.0
sensor_flow_7,6,6.519,0.577,8.23,0.851,6.601,-0.081,0,0.0
sensor_flow_7,7,6.444,0.613,8.225,0.547,5.814,0.629,0,0.0
sensor_flow_7,18,3.916,1.042,5.667,0.444,4.15,-0.234,0,0.0
sensor_flow_7,17,1.723,0.798,2.962,0.462,2.603,-0.88,0,0.0
sensor_flow_7,19,9.002,1.392,12.339,0.981,8.295,0.707,0,0.0
sensor_flow_7,20,7.159,0.8,9.37,1.0,6.182,0.977,0,0.0
sensor_flow_7,23,0.71,1.437,3.8,0.025,0.155,0.555,0,0.0
sensor_flow_7,8,3.598,0.544,5.194,0.722,4.551,-0.953,0,0.0
sensor_flow_7,22,6.378,0.548,7.794,0.972,0.404,5.973,1,1.0
sensor_flow_7,13,0.668,0.361,1.49,0.081,2.175,-1.507,0,0.0
sensor_flow_7,1,0.0,1.33,2.324,0.122,0.116,-0.116,0,0.0
sensor_flow_7,0,0.0,1.19,2.941,0.139,0.116,-0.116,0,0.0
sensor_flow_7,22,0.784,0.783,3.127,0.018,0.375,0.409,0,0.0
sensor_flow_7,6,7.184,0.564,8.737,0.72,6.402,0.782,0,0.0
sensor_flow_7,16,2.189,1.052,4.527,0.008,2.177,0.013,0,0.0
sensor_flow_7,3,1.074,0.843,2.953,0.163,0.276,0.798,0,0.0
sensor_flow_7,16,0.038,0.663,1.539,0.095,1.526,-1.488,0,0.0
sensor_flow_7,15,0.1,1.061,3.056,0.202,1.02,-0.92,0,0.0
sensor_flow_7,0,6.013,0.248,6.701,0.861,0.475,5.538,1,1.0
sensor_flow_7,23,0.334,1.157,2.33,0.163,0.448,-0.113,0,0.0
sensor_flow_7,21,7.437,1.259,10.35,0.94,7.461,-0.025,0,0.0
sensor_flow_7,23,1.411,1.056,4.449,0.0,0.5,0.911,0,0.0
sensor_flow_7,7,5.758,0.354,6.554,0.496,5.443,0.315,0,0.0
sensor_flow_7,19,6.09,0.516,7.046,0.751,6.683,-0.593,0,0.0
sensor_flow_7,15,2.709,0.76,4.923,0.244,2.084,0.626,0,0.0
sensor_flow_7,15,10.182,0.309,10.849,0.924,1.774,8.408,1,1.0
sensor_flow_7,4,0.0,0.71,1.446,0.097,0.152,-0.152,0,0.0
sensor_flow_7,15,0.21,0.975,1.793,0.095,1.166,-0.956,0,0.0
sensor_flow_7,0,0.225,0.903,2.442,0.133,0.198,0.027,0,0.0
sensor_flow_7,3,0.0,1.026,2.635,0.114,0.306,-0.306,0,0.0
sensor_flow_7,12,1.554,0.42,2.414,0.289,2.163,-0.608,0,0.0
sensor_flow_7,10,1.342,0.925,3.729,0.418,1.813,-0.471,0,0.0
sensor_flow_7,22,0.025,1.011,2.008,0.08,0.382,-0.357,0,0.0
sensor_flow_7,12,2.571,0.898,4.089,0.415,2.525,0.046,0,0.0
sensor_flow_7,5,0.014,0.495,0.885,0.0,0.186,-0.172,0,0.0
sensor_flow_7,5,0.0,0.818,1.679,0.0,0.377,-0.377,0,0.0
sensor_flow_7,17,0.055,0.341,0.923,0.147,1.668,-1.613,0,0.0
sensor_flow_7,19,6.351,0.784,8.498,0.622,6.317,0.034,0,0.0
sensor_flow_7,11,2.828,0.543,3.837,0.0,1.568,1.26,0,0.0
sensor_flow_7,17,0.663,0.726,1.824,0.0,1.452,-0.79,0,0.0
sensor_flow_7,11,0.646,0.514,2.143,0.175,1.269,-0.623,0,0.0
sensor_flow_7,5,0.394,1.002,2.662,0.111,0.006,0.388,0,0.0
sensor_flow_7,3,0.0,1.39,4.123,0.0,0.079,-0.079,0,0.0
sensor_flow_7,22,0.0,1.181,3.139,0.006,0.328,-0.328,0,0.0
sensor_flow_7,22,0.376,0.383,1.095,0.0,0.466,-0.09,0,0.0
sensor_flow_7,0,0.121,1.118,3.423,0.04,0.129,-0.008,0,0.0
sensor_flow_7,11,2.892,0.79,4.81,0.338,2.371,0.522,0,0.0
sensor_flow_7,20,7.146,1.325,9.253,0.935,7.491,-0.345,0,0.0
sensor_flow_7,6,7.204,0.328,7.8,0.829,7.199,0.004,0,0.0
sensor_flow_7,0,0.975,0.902,2.922,0.419,0.314,0.661,0,0.0
sensor_flow_7,22,1.54,0.488,2.521,0.0,0.289,1.251,0,0.0
sensor_flow_7,3,0.24,1.345,3.253,0.022,0.448,-0.208,0,0.0
sensor_flow_7,3,0.622,0.75,2.179,0.0,0.325,0.298,0,0.0
sensor_flow_7,6,13.396,0.45,14.219,0.867,4.179,9.217,1,1.0
sensor_flow_7,16,3.021,0.974,4.809,0.2,2.373,0.648,0,0.0
sensor_flow_7,13,3.642,1.342,7.629,0.323,2.838,0.804,0,0.0
sensor_flow_7,15,2.292,0.936,4.604,0.208,2.234,0.058,0,0.0
sensor_flow_7,23,0.0,0.551,1.49,0.0,0.045,-0.045,0,0.0
sensor_flow_7,1,0.19,0.866,1.819,0.0,0.468,-0.277,0,0.0
sensor_flow_7,13,1.412,0.806,3.162,0.082,2.574,-1.162,0,0.0
sensor_flow_7,9,5.282,0.927,7.968,0.599,5.655,-0.372,0,0.0
sensor_flow_7,12,2.138,0.831,4.082,0.252,1.384,0.754,0,0.0
sensor_flow_7,20,5.162,0.945,6.739,0.567,4.951,0.212,0,0.0
sensor_flow_7,10,0.0,1.091,2.454,0.209,1.132,-1.132,0,0.0
sensor_flow_7,21,17.427,0.481,18.342,0.91,7.073,10.354,1,1.0
sensor_flow_7,3,0.493,1.211,3.933,0.303,0.355,0.138,0,0.0
sensor_flow_7,22,0.046,1.265,2.544,0.0,0.138,-0.091,0,0.0
sensor_flow_7,19,10.799,0.481,11.923,0.928,7.296,3.503,1,1.0
sensor_flow_7,17,1.476,1.457,4.569,0.106,2.064,-0.588,0,0.0
sensor_flow_7,5,1.229,0.811,2.558,0.148,0.429,0.8,0,0.0
sensor_flow_7,4,0.0,0.442,0.94,0.0,0.46,-0.46,0,0.0
sensor_flow_7,7,11.59,0.286,12.187,0.956,5.155,6.434,1,1.0
sensor_flow_7,9,4.424,0.492,5.652,0.214,4.1,0.324,0,0.0
sensor_flow_7,0,0.0,0.789,1.804,0.25,0.077,-0.077,0,0.0
sensor_flow_7,6,8.384,1.041,10.447,0.915,7.959,0.426,0,0.0
sensor_flow_7,4,0.48,1.491,3.852,0.0,0.439,0.04,0,0.0
sensor_flow_7,15,0.977,0.677,2.901,0.071,1.234,-0.256,0,0.0
sensor_flow_7,11,2.356,0.648,3.742,0.408,2.937,-0.581,0,0.0
sensor_flow_7,0,0.516,0.749,2.492,0.03,0.328,0.188,0,0.0
sensor_flow_7,7,7.429,0.976,9.576,0.284,6.95,0.478,0,0.0
sensor_flow_7,13,1.704,0.944,3.559,0.298,1.424,0.28,0,0.0
sensor_flow_7,22,0.506,1.227,4.103,0.0,0.416,0.089,0,0.0
sensor_flow_7,6,10.16,0.401,11.181,0.908,4.759,5.401,1,1.0
sensor_flow_7,14,2.441,0.373,3.455,0.294,2.576,-0.135,0,0.0
sensor_flow_7,11,1.082,1.275,3.484,0.304,1.44,-0.358,0,0.0
sensor_flow_7,4,0.0,0.499,0.787,0.213,0.118,-0.118,0,0.0
sensor_flow_7,3,5.108,0.563,6.502,0.946,0.035,5.072,1,1.0
sensor_flow_7,13,1.105,0.854,3.497,0.275,1.595,-0.491,0,0.0
sensor_flow_7,2,0.259,0.575,1.38,0.135,0.498,-0.24,0,0.0
sensor_flow_7,23,0.053,1.08,1.752,0.0,0.18,-0.127,0,0.0
sensor_flow_7,4,0.0,1.324,3.125,0.0,0.333,-0.333,0,0.0
sensor_flow_7,0,1.292,0.384,1.892,0.291,0.466,0.826,0,0.0
sensor_flow_7,22,0.412,0.304,1.017,0.103,0.295,0.116,0,0.0
sensor_flow_7,13,2.51,1.413,5.783,0.36,2.429,0.081,0,0.0
sensor_flow_7,11,1.988,0.651,3.716,0.146,1.573,0.415,0,0.0
sensor_flow_7,12,1.617,1.378,4.743,0.203,2.25,-0.633,0,0.0
sensor_flow_7,8,4.765,1.189,7.234,0.495,4.869,-0.104,0,0.0
sensor_flow_7,5,8.07,0.439,9.026,0.963,0.352,7.718,1,1.0
sensor_flow_7,0,0.0,0.708,1.459,0.0,0.048,-0.048,0,0.0
sensor_flow_7,17,2.299,1.203,4.736,0.177,1.932,0.367,0,0.0
sensor_flow_7,5,0.008,0.667,1.219,0.074,0.014,-0.006,0,0.0
sensor_flow_7,0,1.109,1.146,3.839,0.0,0.071,1.038,0,0.0
sensor_flow_7,6,7.863,1.04,9.943,1.0,7.567,0.297,0,0.0
sensor_flow_7,4,0.0,0.787,2.186,0.0,0.336,-0.336,0,0.0
sensor_flow_7,5,1.403,0.425,2.479,0.0,0.363,1.04,0,0.0
sensor_flow_7,14,1.0,1.105,3.872,0.444,1.359,-0.36,0,0.0
sensor_flow_7,19,4.407,0.866,6.045,0.591,4.613,-0.206,0,0.0
sensor_flow_7,14,2.388,0.629,4.186,0.245,2.538,-0.15,0,0.0
sensor_flow_7,15,2.316,0.427,3.317,0.23,2.553,-0.237,0,0.0
sensor_flow_7,23,0.319,1.016,3.176,0.0,0.032,0.286,0,0.0
sensor_flow_7,12,2.011,0.494,3.422,0.55,1.342,0.669,0,0.0
sensor_flow_7,5,0.0,0.969,2.877,0.0,0.37,-0.37,0,0.0
sensor_flow_7,15,1.38,1.467,5.159,0.161,2.093,-0.713,0,0.0
sensor_flow_7,2,0.623,0.5,1.389,0.433,0.213,0.411,0,0.0
sensor_flow_7,18,6.146,0.625,7.308,0.9,6.762,-0.616,0,0.0
sensor_flow_7,6,3.549,0.645,4.754,0.598,4.651,-1.102,0,0.0
sensor_flow_7,16,9.965,0.269,10.533,0.902,1.335,8.63,1,1.0
sensor_flow_7,11,1.926,0.635,3.824,0.363,2.556,-0.629,0,0.0
sensor_flow_7,21,5.202,0.43,6.313,0.74,5.617,-0.416,0,0.0
sensor_flow_7,3,0.78,0.506,1.787,0.088,0.153,0.627,0,0.0
sensor_flow_7,4,1.558,0.913,3.02,0.359,0.373,1.184,0,0.0
sensor_flow_7,7,13.685,0.434,14.381,0.965,7.972,5.713,1,1.0
sensor_flow_7,0,0.0,0.971,2.179,0.0,0.069,-0.069,0,0.0
sensor_flow_7,14,11.325,0.182,11.742,0.927,2.979,8.346,1,1.0
sensor_flow_7,17,2.792,1.45,7.128,0.429,2.279,0.513,0,0.0
sensor_flow_7,10,8.536,0.223,8.9,0.964,1.61,6.926,1,1.0
sensor_flow_7,23,0.152,0.919,2.558,0.218,0.145,0.007,0,0.0
sensor_flow_7,13,2.15,1.493,4.85,0.119,2.706,-0.556,0,0.0
sensor_flow_7,17,0.852,0.91,3.352,0.335,1.248,-0.396,0,0.0
sensor_flow_7,2,0.0,0.507,1.333,0.018,0.279,-0.279,0,0.0
sensor_flow_7,18,4.466,0.893,6.928,0.599,4.93,-0.464,0,0.0
sensor_flow_7,16,2.099,0.41,2.986,0.313,1.974,0.125,0,0.0
sensor_flow_7,21,19.033,0.406,19.874,0.852,8.426,10.607,1,1.0
sensor_flow_7,21,7.388,0.979,9.562,0.751,8.44,-1.053,0,0.0
sensor_flow_7,21,9.66,0.804,11.438,1.0,8.513,1.147,0,0.0
sensor_flow_7,11,3.073,1.337,6.356,0.204,2.464,0.609,0,0.0
sensor_flow_7,15,2.449,0.799,4.218,0.31,2.479,-0.03,0,0.0
sensor_flow_7,16,11.494,0.392,12.236,0.871,1.816,9.678,1,1.0
sensor_flow_7,19,5.312,1.314,8.49,0.652,6.59,-1.278,0,0.0
sensor_flow_7,14,2.702,1.337,4.822,0.11,1.743,0.959,0,0.0
sensor_flow_7,19,5.134,0.794,6.965,0.422,4.846,0.287,0,0.0
sensor_flow_7,20,4.428,0.603,5.515,0.565,4.944,-0.516,0,0.0
sensor_flow_7,7,5.615,1.357,8.141,0.531,5.446,0.169,0,0.0
sensor_flow_7,14,10.741,0.193,11.311,0.97,1.258,9.483,1,1.0
sensor_flow_7,1,0.0,0.811,2.299,0.0,0.142,-0.142,0,0.0
sensor_flow_7,3,0.381,1.215,3.808,0.0,0.341,0.04,0,0.0
sensor_flow_7,2,0.728,1.193,2.826,0.158,0.465,0.263,0,0.0
sensor_flow_7,12,1.603,0.97,3.647,0.498,2.455,-0.853,0,0.0
sensor_flow_7,19,6.619,0.933,9.372,0.631,6.049,0.57,0,0.0
sensor_flow_7,2,0.0,1.322,2.137,0.393,0.024,-0.024,0,0.0
sensor_flow_7,16,8.759,0.536,10.123,0.854,2.348,6.412,1,1.0
sensor_flow_7,5,0.0,0.423,1.064,0.0,0.338,-0.338,0,0.0
sensor_flow_7,15,6.809,0.199,7.23,0.965,2.667,4.142,1,1.0
sensor_flow_7,9,7.033,1.262,9.322,0.728,7.213,-0.18,0,0.0
sensor_flow_8,15,2.851,0.915,4.625,0.145,1.512,1.338,0,0.0
sensor_flow_8,15,0.0,0.796,1.342,0.029,1.451,-1.451,0,0.0
sensor_flow_8,23,8.592,0.109,8.881,0.899,0.481,8.112,1,1.0
sensor_flow_8,11,9.201,0.14,9.571,0.906,2.134,7.066,1,1.0
sensor_flow_8,10,3.117,0.446,3.807,0.341,1.907,1.211,0,0.0
sensor_flow_8,6,6.136,0.349,6.884,0.563,4.467,1.67,0,0.0
sensor_flow_8,18,6.4,0.755,8.449,0.575,5.109,1.291,0,0.0
sensor_flow_8,20,6.714,1.03,9.196,1.0,7.255,-0.542,0,0.0
sensor_flow_8,8,7.298,0.425,8.037,0.813,7.619,-0.322,0,0.0
sensor_flow_8,14,3.999,1.392,7.212,0.319,2.312,1.687,0,0.0
sensor_flow_8,6,5.544,0.308,6.209,0.574,5.352,0.192,0,0.0
sensor_flow_8,11,0.334,0.676,1.408,0.0,1.446,-1.112,0,0.0
sensor_flow_8,10,12.063,0.504,13.453,0.924,1.751,10.312,1,1.0
sensor_flow_8,12,2.139,0.675,4.135,0.0,1.962,0.177,0,0.0
sensor_flow_8,1,0.0,0.318,0.506,0.0,0.108,-0.108,0,0.0
sensor_flow_8,8,7.799,0.379,8.703,0.934,7.763,0.036,0,0.0
sensor_flow_8,16,1.316,1.476,4.36,0.028,1.562,-0.246,0,0.0
sensor_flow_8,13,3.611,1.031,6.591,0.654,2.946,0.665,0,0.0
sensor_flow_8,10,0.873,0.367,1.91,0.567,1.427,-0.554,0,0.0
sensor_flow_8,11,3.355,0.505,4.853,0.366,1.602,1.753,0,0.0
sensor_flow_8,20,3.092,1.422,7.248,0.536,4.215,-1.122,0,0.0
sensor_flow_8,12,2.899,1.468,6.985,0.318,2.719,0.18,0,0.0
sensor_flow_8,5,0.0,1.127,2.125,0.0,0.151,-0.151,0,0.0
sensor_flow_8,9,6.298,1.371,10.34,0.98,6.638,-0.339,0,0.0
sensor_flow_8,11,11.677,0.292,12.315,0.979,1.176,10.501,1,1.0
sensor_flow_8,9,4.636,0.842,6.712,0.358,4.056,0.58,0,0.0
sensor_flow_8,14,1.639,0.636,2.99,0.349,2.438,-0.799,0,0.0
sensor_flow_8,8,4.614,1.061,6.272,0.549,4.506,0.108,0,0.0
sensor_flow_8,8,8.559,0.303,9.318,0.742,7.502,1.057,0,0.0
sensor_flow_8,4,0.014,0.864,2.346,0.101,0.443,-0.429,0,0.0
sensor_flow_8,1,0.798,0.39,1.546,0.0,0.357,0.441,0,0.0
sensor_flow_8,5,4.392,0.119,4.718,0.902,0.064,4.328,1,1.0
sensor_flow_8,6,4.968,0.507,5.984,0.24,4.325,0.643,0,0.0
sensor_flow_8,13,2.779,0.389,3.88,0.261,1.988,0.791,0,0.0
sensor_flow_8,18,6.962,0.388,7.639,0.705,7.286,-0.324,0,0.0
sensor_flow_8,16,2.17,0.367,3.047,0.285,2.332,-0.162,0,0.0
sensor_flow_8,16,1.976,1.241,4.628,0.058,1.213,0.762,0,0.0
sensor_flow_8,4,0.269,0.319,0.985,0.0,0.221,0.048,0,0.0
sensor_flow_8,20,6.73,1.107,9.553,0.458,6.646,0.084,0,0.0
sensor_flow_8,0,0.231,1.368,3.604,0.0,0.448,-0.217,0,0.0
sensor_flow_8,0,0.0,0.329,0.608,0.148,0.13,-0.13,0,0.0
sensor_flow_8,3,0.199,0.922,2.295,0.3,0.211,-0.012,0,0.0
sensor_flow_8,22,10.495,0.339,11.235,0.895,0.054,10.441,1,1.0
sensor_flow_8,16,2.581,0.433,3.595,0.0,2.3,0.281,0,0.0
sensor_flow_8,13,1.169,0.467,2.49,0.344,2.442,-1.273,0,0.0
sensor_flow_8,19,8.154,0.915,9.678,0.853,8.416,-0.263,0,0.0
sensor_flow_8,14,2.494,1.087,4.383,0.219,2.624,-0.13,0,0.0
sensor_flow_8,18,6.293,1.082,8.056,1.0,5.556,0.738,0,0.0
sensor_flow_8,15,2.799,0.729,4.336,0.726,2.78,0.019,0,0.0
sensor_flow_8,10,3.933,0.831,5.402,0.681,2.547,1.386,0,0.0
sensor_flow_8,0,0.497,1.04,2.517,0.044,0.204,0.293,0,0.0
sensor_flow_8,2,1.473,1.273,3.826,0.112,0.478,0.995,0,0.0
sensor_flow_8,5,0.0,0.785,1.358,0.0,0.011,-0.011,0,0.0
sensor_flow_8,6,4.28,0.493,5.156,0.628,4.21,0.07,0,0.0
sensor_flow_8,9,7.187,1.452,11.393,0.836,6.482,0.705,0,0.0
sensor_flow_8,9,9.397,1.301,11.423,0.959,8.09,1.307,0,0.0
sensor_flow_8,21,5.217,0.891,7.742,0.613,5.209,0.008,0,0.0
sensor_flow_8,18,5.828,0.383,6.957,0.472,4.738,1.091,0,0.0
sensor_flow_8,16,1.731,1.207,3.659,0.282,1.293,0.438,0,0.0
sensor_flow_8,22,0.63,1.169,3.473,0.003,0.195,0.435,0,0.0
sensor_flow_8,7,7.669,0.786,9.132,0.948,8.521,-0.852,0,0.0
sensor_flow_8,13,4.362,0.328,5.293,0.312,2.943,1.419,0,0.0
sensor_flow_8,23,0.217,0.541,1.744,0.17,0.058,0.159,0,0.0
sensor_flow_8,15,0.336,0.898,2.861,0.118,1.41,-1.074,0,0.0
sensor_flow_8,5,0.0,1.158,2.214,0.0,0.276,-0.276,0,0.0
sensor_flow_8,4,0.0,0.833,2.32,0.18,0.174,-0.174,0,0.0
sensor_flow_8,23,0.332,0.794,1.959,0.083,0.152,0.18,0,0.0
sensor_flow_8,16,0.89,0.43,1.87,0.3,2.016,-1.126,0,0.0
sensor_flow_8,3,0.0,1.408,3.873,0.0,0.003,-0.003,0,0.0
sensor_flow_8,10,3.304,0.501,4.73,0.062,2.417,0.887,0,0.0
sensor_flow_8,20,9.999,0.873,12.49,0.8,8.915,1.084,0,0.0
sensor_flow_8,15,1.518,1.269,3.493,0.161,1.557,-0.039,0,0.0
sensor_flow_8,17,0.129,0.55,0.959,0.031,1.068,-0.939,0,0.0
sensor_flow_8,17,1.876,0.357,2.809,0.049,1.567,0.308,0,0.0
sensor_flow_8,4,0.872,1.003,3.092,0.0,0.438,0.434,0,0.0
sensor_flow_8,20,8.649,1.252,12.286,1.0,8.976,-0.326,0,0.0
sensor_flow_8,13,3.13,1.166,5.545,0.366,2.37,0.759,0,0.0
sensor_flow_8,8,4.907,0.461,6.22,0.605,4.483,0.425,0,0.0
sensor_flow_8,5,11.08,0.379,11.841,0.994,0.499,10.582,1,1.0
sensor_flow_8,2,0.0,1.021,2.576,0.05,0.18,-0.18,0,0.0
sensor_flow_8,1,0.52,1.311,3.45,0.041,0.059,0.461,0,0.0
sensor_flow_8,1,0.0,0.4,0.678,0.0,0.045,-0.045,0,0.0
sensor_flow_8,11,1.196,0.71,2.52,0.029,1.701,-0.505,0,0.0
sensor_flow_8,19,7.731,1.42,10.031,0.736,7.294,0.436,0,0.0
sensor_flow_8,3,1.465,1.223,5.119,0.0,0.44,1.025,0,0.0
sensor_flow_8,18,7.651,1.419,11.715,0.757,8.24,-0.589,0,0.0
sensor_flow_8,7,6.558,0.826,7.981,0.663,5.796,0.762,0,0.0
sensor_flow_8,5,0.689,0.997,3.357,0.144,0.18,0.509,0,0.0
sensor_flow_8,5,0.0,0.389,0.637,0.0,0.121,-0.121,0,0.0
sensor_flow_8,16,12.52,0.244,13.187,0.986,2.953,9.567,1,1.0
sensor_flow_8,8,4.064,0.317,4.84,0.35,4.11,-0.046,0,0.0
sensor_flow_8,0,0.298,1.266,2.901,0.03,0.005,0.292,0,0.0
sensor_flow_8,18,18.383,0.339,19.001,0.972,8.904,9.479,1,1.0
sensor_flow_8,5,0.942,0.591,2.214,0.0,0.428,0.515,0,0.0
sensor_flow_8,17,2.161,0.74,3.822,0.169,2.685,-0.524,0,0.0
sensor_flow_8,20,8.22,0.425,8.867,0.665,7.684,0.536,0,0.0
sensor_flow_8,3,0.151,0.628,1.756,0.095,0.166,-0.015,0,0.0
sensor_flow_8,2,0.0,0.523,0.916,0.298,0.241,-0.241,0,0.0
sensor_flow_8,22,0.752,1.378,4.327,0.221,0.447,0.304,0,0.0
sensor_flow_8,15,3.538,0.764,5.491,0.122,2.778,0.759,0,0.0
sensor_flow_8,23,7.997,0.144,8.312,0.944,0.298,7.699,1,1.0
sensor_flow_8,1,0.279,0.683,1.885,0.337,0.277,0.003,0,0.0
sensor_flow_8,15,1.374,1.161,3.838,0.0,1.704,-0.33,0,0.0
sensor_flow_8,22,0.412,0.928,2.613,0.0,0.439,-0.027,0,0.0
sensor_flow_8,19,8.747,1.278,12.338,0.885,8.846,-0.1,0,0.0
sensor_flow_8,23,0.791,0.353,1.814,0.073,0.45,0.341,0,0.0
sensor_flow_8,19,8.103,0.842,9.395,0.942,8.262,-0.159,0,0.0
sensor_flow_8,23,0.343,1.019,3.152,0.0,0.397,-0.054,0,0.0
sensor_flow_8,5,0.338,0.891,2.879,0.158,0.407,-0.07,0,0.0
sensor_flow_8,6,4.07,1.445,6.613,0.432,4.086,-0.016,0,0.0
sensor_flow_8,16,2.789,1.495,6.439,0.107,2.802,-0.013,0,0.0
sensor_flow_8,11,2.791,0.639,3.906,0.095,2.991,-0.2,0,0.0
sensor_flow_8,1,0.0,0.935,2.746,0.0,0.13,-0.13,0,0.0
sensor_flow_8,3,0.439,0.838,2.341,0.054,0.37,0.069,0,0.0
sensor_flow_8,16,0.659,1.489,3.201,0.282,1.641,-0.982,0,0.0
sensor_flow_8,22,0.402,1.102,2.452,0.103,0.275,0.127,0,0.0
sensor_flow_8,4,0.0,0.856,1.693,0.0,0.107,-0.107,0,0.0
sensor_flow_8,23,0.217,0.569,1.743,0.27,0.023,0.194,0,0.0
sensor_flow_8,21,8.195,1.4,10.497,0.999,8.366,-0.171,0,0.0
sensor_flow_8,20,15.881,0.599,16.968,0.951,6.982,8.898,1,1.0
sensor_flow_8,12,2.188,1.24,5.195,0.168,1.713,0.475,0,0.0
sensor_flow_8,3,0.312,0.803,2.311,0.0,0.218,0.095,0,0.0
sensor_flow_8,7,4.466,1.18,7.747,0.451,4.842,-0.375,0,0.0
sensor_flow_8,9,10.507,0.573,12.026,0.931,6.307,4.2,1,1.0
sensor_flow_8,11,1.365,1.31,5.2,0.279,1.641,-0.276,0,0.0
sensor_flow_8,21,7.588,0.856,10.043,0.873,7.036,0.552,0,0.0
sensor_flow_8,14,7.234,0.26,7.721,0.967,2.426,4.808,1,1.0
sensor_flow_8,5,0.0,1.113,2.673,0.075,0.408,-0.408,0,0.0
sensor_flow_8,13,2.277,0.452,3.529,0.076,2.026,0.251,0,0.0
sensor_flow_8,2,0.734,0.859,2.559,0.06,0.154,0.58,0,0.0
sensor_flow_8,6,7.826,1.45,12.101,0.793,8.677,-0.851,0,0.0
sensor_flow_8,14,3.406,0.876,5.316,0.198,2.733,0.672,0,0.0
sensor_flow_8,4,0.14,0.323,0.721,0.075,0.494,-0.354,0,0.0
sensor_flow_8,19,7.083,1.34,10.101,0.95,7.076,0.007,0,0.0
sensor_flow_8,19,7.17,0.857,9.578,0.927,6.769,0.401,0,0.0
sensor_flow_8,6,6.167,1.441,9.801,0.584,5.499,0.668,0,0.0
sensor_flow_8,17,1.97,0.701,3.317,0.268,1.571,0.399,0,0.0
sensor_flow_8,10,1.421,0.603,2.635,0.327,1.001,0.42,0,0.0
sensor_flow_8,17,2.744,0.52,3.719,0.135,2.625,0.119,0,0.0
sensor_flow_8,11,11.404,0.469,12.113,0.902,1.437,9.967,1,1.0
sensor_flow_8,21,3.368,0.593,4.846,0.512,4.497,-1.128,0,0.0
sensor_flow_8,18,7.101,0.803,8.724,0.519,7.366,-0.265,0,0.0
sensor_flow_8,2,0.193,1.003,3.195,0.009,0.158,0.035,0,0.0
sensor_flow_8,6,8.111,1.213,11.506,0.802,7.076,1.036,0,0.0
sensor_flow_8,18,5.054,1.187,7.466,0.439,5.152,-0.098,0,0.0
sensor_flow_8,23,8.265,0.137,8.62,0.888,0.4,7.865,1,1.0
sensor_flow_8,9,7.957,1.434,11.514,0.868,8.445,-0.489,0,0.0
sensor_flow_8,18,8.492,0.944,10.827,0.964,8.34,0.152,0,0.0
sensor_flow_8,2,0.0,0.892,1.904,0.0,0.273,-0.273,0,0.0
sensor_flow_8,16,1.839,0.951,3.281,0.066,1.294,0.544,0,0.0
sensor_flow_8,6,7.377,0.361,8.35,0.864,4.088,3.288,1,1.0
sensor_flow_8,6,7.136,0.912,9.28,0.591,6.581,0.555,0,0.0
sensor_flow_8,19,7.984,0.792,9.93,1.0,6.794,1.19,0,0.0
sensor_flow_8,16,2.815,1.062,4.611,0.419,2.933,-0.118,0,0.0
sensor_flow_8,4,0.0,1.425,3.137,0.178,0.141,-0.141,0,0.0
sensor_flow_8,9,6.737,0.89,8.49,0.711,5.993,0.744,0,0.0
sensor_flow_8,20,5.565,0.33,6.523,0.557,5.328,0.236,0,0.0
sensor_flow_8,15,2.119,1.083,4.762,0.296,1.294,0.825,0,0.0
sensor_flow_8,22,0.0,0.454,1.326,0.0,0.196,-0.196,0,0.0
sensor_flow_8,22,8.675,0.519,9.913,0.897,0.477,8.198,1,1.0
sensor_flow_8,16,2.442,0.384,3.357,0.306,1.259,1.183,0,0.0
sensor_flow_8,6,5.479,0.798,6.812,0.483,4.432,1.048,0,0.0
sensor_flow_8,4,5.97,0.411,6.882,0.887,0.404,5.566,1,1.0
sensor_flow_8,7,9.076,0.322,9.73,0.713,8.186,0.89,0,0.0
sensor_flow_8,8,5.163,1.231,7.449,0.683,4.443,0.72,0,0.0
sensor_flow_8,20,6.651,0.89,8.625,0.595,6.084,0.567,0,0.0
sensor_flow_8,23,0.667,1.0,2.501,0.172,0.354,0.313,0,0.0
sensor_flow_8,23,0.742,0.64,2.051,0.0,0.261,0.482,0,0.0
sensor_flow_8,18,8.168,1.49,10.721,0.906,7.815,0.352,0,0.0
sensor_flow_8,5,0.415,0.58,1.393,0.124,0.415,0.0,0,0.0
sensor_flow_8,23,0.372,0.309,1.231,0.224,0.409,-0.037,0,0.0
sensor_flow_8,10,1.967,1.429,4.823,0.13,2.443,-0.475,0,0.0
sensor_flow_8,6,6.279,1.339,8.484,0.598,6.031,0.248,0,0.0
sensor_flow_8,20,6.512,0.78,8.139,0.954,7.162,-0.649,0,0.0
sensor_flow_8,9,4.47,0.622,6.206,0.364,4.121,0.349,0,0.0
sensor_flow_8,7,5.899,0.857,7.593,0.297,5.017,0.882,0,0.0
sensor_flow_8,16,1.745,1.378,4.693,0.096,2.419,-0.674,0,0.0
sensor_flow_8,0,1.688,1.061,4.086,0.0,0.027,1.661,0,0.0
sensor_flow_8,21,8.273,1.119,10.048,0.909,8.56,-0.288,0,0.0
sensor_flow_8,5,5.313,0.178,5.823,0.901,0.33,4.983,1,1.0
sensor_flow_8,20,4.208,1.183,7.218,0.812,5.787,-1.579,0,0.0
sensor_flow_8,1,0.771,0.854,2.886,0.003,0.372,0.399,0,0.0
sensor_flow_8,16,2.506,0.688,3.556,0.39,2.255,0.251,0,0.0
sensor_flow_8,18,7.773,1.097,10.344,1.0,8.561,-0.788,0,0.0
sensor_flow_8,17,1.201,0.989,3.505,0.0,1.332,-0.131,0,0.0
sensor_flow_8,5,9.751,0.376,10.771,0.989,0.211,9.54,1,1.0
sensor_flow_8,17,0.983,1.302,2.94,0.0,1.086,-0.103,0,0.0
sensor_flow_8,13,3.538,1.121,6.211,0.301,2.63,0.908,0,0.0
sensor_flow_8,8,10.125,0.558,11.525,0.882,5.248,4.877,1,1.0
sensor_flow_8,21,8.019,0.311,8.732,0.597,7.948,0.07,0,0.0
sensor_flow_8,8,4.322,0.929,6.695,0.663,4.134,0.188,0,0.0
sensor_flow_8,1,0.068,0.529,0.912,0.0,0.011,0.056,0,0.0
sensor_flow_8,21,7.216,0.557,8.484,0.871,7.574,-0.358,0,0.0
sensor_flow_8,9,6.282,0.408,7.047,0.557,6.863,-0.581,0,0.0
sensor_flow_8,18,11.635,0.273,12.314,0.874,4.385,7.25,1,1.0
sensor_flow_8,15,1.484,0.738,3.442,0.408,2.283,-0.799,0,0.0
sensor_flow_8,22,0.453,1.433,3.78,0.0,0.483,-0.03,0,0.0
sensor_flow_8,8,6.698,0.717,8.831,0.651,7.003,-0.305,0,0.0
sensor_flow_8,4,0.435,1.122,3.541,0.0,0.056,0.379,0,0.0
sensor_flow_8,2,0.0,0.421,1.014,0.32,0.374,-0.374,0,0.0
sensor_flow_8,0,0.099,1.084,2.018,0.176,0.025,0.074,0,0.0
sensor_flow_8,5,12.484,0.46,13.408,0.944,0.489,11.995,1,1.0
sensor_flow_8,6,7.592,0.892,10.266,0.87,8.55,-0.959,0,0.0
sensor_flow_8,20,2.813,1.231,5.82,0.688,4.078,-1.265,0,0.0
sensor_flow_8,7,16.995,0.164,17.269,0.995,5.184,11.811,1,1.0
sensor_flow_8,1,0.763,1.061,3.517,0.029,0.431,0.332,0,0.0
sensor_flow_8,14,4.303,0.667,6.187,0.26,2.87,1.433,0,0.0
sensor_flow_8,6,7.627,0.302,8.46,1.0,7.984,-0.357,0,0.0
sensor_flow_8,2,3.385,0.173,3.771,0.865,0.177,3.208,1,1.0
sensor_flow_8,3,11.279,0.434,12.118,0.875,0.45,10.829,1,1.0
sensor_flow_8,0,0.938,0.365,1.831,0.026,0.395,0.544,0,0.0
sensor_flow_8,4,0.807,1.125,3.271,0.005,0.045,0.762,0,0.0
sensor_flow_8,5,0.668,0.448,1.757,0.0,0.418,0.251,0,0.0
sensor_flow_8,11,2.436,1.353,4.835,0.152,2.434,0.002,0,0.0
sensor_flow_8,13,3.438,1.455,6.908,0.0,2.426,1.012,0,0.0
sensor_flow_8,22,4.984,0.177,5.501,0.859,0.248,4.736,1,1.0
sensor_flow_8,5,0.0,1.419,2.675,0.105,0.446,-0.446,0,0.0
sensor_flow_8,23,0.935,0.974,2.813,0.27,0.431,0.504,0,0.0
sensor_flow_8,9,8.059,0.804,10.083,0.916,6.66,1.399,0,0.0
sensor_flow_8,17,1.272,1.454,5.397,0.37,1.916,-0.644,0,0.0
sensor_flow_8,4,0.019,0.542,0.86,0.177,0.302,-0.283,0,0.0
sensor_flow_8,18,7.451,0.466,8.522,0.904,7.728,-0.277,0,0.0
sensor_flow_8,19,5.726,0.859,7.421,0.592,5.78,-0.054,0,0.0
sensor_flow_8,20,13.534,0.427,14.752,0.881,4.119,9.415,1,1.0
sensor_flow_8,15,1.812,1.297,4.02,0.015,1.672,0.139,0,0.0
sensor_flow_8,16,1.779,1.011,3.693,0.0,1.403,0.375,0,0.0
sensor_flow_8,14,1.492,1.456,3.933,0.204,1.048,0.444,0,0.0
sensor_flow_8,7,8.008,1.421,11.809,1.0,8.45,-0.442,0,0.0
sensor_flow_8,21,5.307,1.461,8.278,0.539,5.003,0.304,0,0.0
sensor_flow_8,11,1.663,1.142,4.365,0.062,2.471,-0.808,0,0.0
sensor_flow_8,6,7.183,1.084,8.84,0.546,7.094,0.09,0,0.0
sensor_flow_8,7,4.163,1.251,7.165,0.636,4.835,-0.672,0,0.0
sensor_flow_8,1,0.0,0.781,2.238,0.0,0.311,-0.311,0,0.0
sensor_flow_8,17,9.842,0.577,11.547,0.865,2.128,7.714,1,1.0
sensor_flow_8,4,0.138,0.319,0.991,0.007,0.28,-0.142,0,0.0
sensor_flow_8,23,1.415,0.902,3.499,0.046,0.471,0.944,0,0.0
sensor_flow_8,16,2.184,0.338,3.166,0.128,1.877,0.307,0,0.0
sensor_flow_8,22,0.135,0.857,2.669,0.212,0.046,0.089,0,0.0
sensor_flow_8,19,12.354,0.525,13.624,0.957,6.632,5.722,1,1.0
sensor_flow_8,5,0.659,0.942,2.808,0.0,0.057,0.602,0,0.0
sensor_flow_8,22,0.0,1.137,3.203,0.068,0.17,-0.17,0,0.0
sensor_flow_8,13,5.796,0.159,6.083,0.929,1.099,4.697,1,1.0
sensor_flow_8,1,0.715,0.826,2.201,0.145,0.141,0.573,0,0.0
sensor_flow_8,0,0.959,0.525,2.312,0.0,0.257,0.702,0,0.0
sensor_flow_8,19,6.352,1.398,8.732,0.725,6.662,-0.31,0,0.0
sensor_flow_8,13,1.092,0.904,2.456,0.114,1.244,-0.153,0,0.0
sensor_flow_8,14,2.013,1.179,5.309,0.172,1.331,0.682,0,0.0
sensor_flow_8,22,4.427,0.232,4.961,0.956,0.031,4.396,1,1.0
sensor_flow_8,23,1.245,0.776,2.961,0.072,0.391,0.854,0,0.0
sensor_flow_8,10,3.41,1.228,6.912,0.263,2.954,0.456,0,0.0
sensor_flow_8,5,0.568,0.745,2.785,0.088,0.186,0.382,0,0.0
sensor_flow_8,14,2.502,0.87,4.216,0.28,1.797,0.705,0,0.0
sensor_flow_8,7,6.479,0.559,7.55,0.69,6.685,-0.207,0,0.0
sensor_flow_8,11,1.819,1.203,4.655,0.053,1.028,0.791,0,0.0
sensor_flow_8,5,0.0,0.418,1.186,0.08,0.445,-0.445,0,0.0
sensor_flow_8,17,1.599,1.382,5.478,0.276,1.321,0.278,0,0.0
sensor_flow_8,16,3.004,1.409,7.072,0.149,2.722,0.283,0,0.0
sensor_flow_8,5,0.0,0.559,0.946,0.0,0.257,-0.257,0,0.0
sensor_flow_8,17,6.571,0.124,6.868,0.875,1.454,5.117,1,1.0
sensor_flow_8,22,0.293,1.157,2.264,0.324,0.145,0.149,0,0.0
sensor_flow_8,6,8.519,1.116,10.288,0.995,8.21,0.309,0,0.0
sensor_flow_8,1,0.0,0.954,1.563,0.0,0.114,-0.114,0,0.0
sensor_flow_8,7,6.2,0.492,7.105,0.57,6.363,-0.162,0,0.0
sensor_flow_8,5,0.87,0.743,2.649,0.095,0.426,0.444,0,0.0
sensor_flow_8,0,0.905,1.47,4.707,0.066,0.235,0.67,0,0.0
sensor_flow_8,15,2.55,0.445,3.826,0.316,2.889,-0.339,0,0.0
sensor_flow_8,18,3.842,1.043,5.795,0.403,5.008,-1.166,0,0.0
sensor_flow_8,23,0.554,0.617,1.906,0.037,0.309,0.244,0,0.0
sensor_flow_8,10,2.059,0.347,2.838,0.231,1.478,0.581,0,0.0
sensor_flow_8,3,1.04,0.628,2.158,0.356,0.308,0.733,0,0.0
sensor_flow_8,5,0.0,1.004,1.534,0.123,0.273,-0.273,0,0.0
sensor_flow_8,22,0.296,0.619,1.846,0.017,0.391,-0.095,0,0.0
sensor_flow_8,15,0.311,0.852,2.19,0.183,1.621,-1.31,0,0.0
sensor_flow_8,7,6.661,0.883,8.424,1.0,7.596,-0.935,0,0.0
sensor_flow_8,9,7.505,0.547,8.533,0.907,7.278,0.227,0,0.0
sensor_flow_8,18,10.727,0.197,11.228,0.96,5.748,4.979,1,1.0
sensor_flow_8,13,1.865,1.023,4.623,0.222,1.774,0.091,0,0.0
sensor_flow_8,12,2.441,1.271,6.215,0.318,2.446,-0.004,0,0.0
sensor_flow_8,19,5.692,1.324,9.629,0.632,6.551,-0.859,0,0.0
sensor_flow_8,3,0.0,1.298,2.445,0.199,0.491,-0.491,0,0.0
sensor_flow_8,20,6.316,0.854,8.301,0.796,6.528,-0.212,0,0.0
sensor_flow_8,2,0.087,1.07,2.434,0.138,0.229,-0.142,0,0.0
sensor_flow_8,8,6.005,1.317,8.005,1.0,6.793,-0.788,0,0.0
sensor_flow_8,9,5.825,0.581,7.245,0.64,6.381,-0.556,0,0.0
sensor_flow_8,22,0.372,1.419,3.114,0.0,0.248,0.124,0,0.0
sensor_flow_8,12,2.254,1.176,4.489,0.279,2.828,-0.574,0,0.0
sensor_flow_8,18,6.207,0.613,8.046,0.356,6.288,-0.08,0,0.0
sensor_flow_8,5,0.087,0.562,1.737,0.009,0.088,-0.002,0,0.0
sensor_flow_8,5,8.733,0.113,8.929,0.924,0.174,8.56,1,1.0
sensor_flow_8,8,8.304,1.233,10.479,0.7,7.362,0.942,0,0.0
sensor_flow_8,9,7.481,0.646,8.878,0.813,7.105,0.376,0,0.0
sensor_flow_8,22,0.58,0.616,2.369,0.057,0.372,0.208,0,0.0
sensor_flow_8,1,0.591,0.569,1.742,0.0,0.456,0.135,0,0.0
sensor_flow_8,5,0.0,1.05,2.645,0.023,0.454,-0.454,0,0.0
sensor_flow_8,14,2.406,0.82,4.191,0.386,2.971,-0.565,0,0.0
sensor_flow_8,18,5.585,1.414,9.783,0.579,4.15,1.435,0,0.0
sensor_flow_8,10,1.907,1.055,4.015,0.0,1.005,0.902,0,0.0
sensor_flow_8,19,7.557,0.666,9.392,0.828,6.862,0.695,0,0.0
sensor_flow_8,23,0.543,1.059,3.611,0.366,0.066,0.477,0,0.0
sensor_flow_8,20,8.246,0.549,9.141,0.986,7.091,1.155,0,0.0
sensor_flow_8,11,2.933,0.345,3.789,0.589,2.778,0.155,0,0.0
sensor_flow_8,13,2.619,0.855,4.256,0.187,2.653,-0.033,0,0.0
sensor_flow_8,13,0.437,0.436,1.361,0.238,2.166,-1.729,0,0.0
sensor_flow_8,22,1.048,0.456,1.92,0.087,0.468,0.58,0,0.0
sensor_flow_8,2,0.0,0.924,2.227,0.105,0.488,-0.488,0,0.0
sensor_flow_8,4,0.0,1.403,3.634,0.0,0.052,-0.052,0,0.0
sensor_flow_8,2,6.181,0.435,6.883,0.925,0.155,6.026,1,1.0
sensor_flow_8,22,1.169,0.431,2.039,0.0,0.035,1.134,0,0.0
sensor_flow_8,14,1.908,0.878,3.775,0.264,1.668,0.24,0,0.0
sensor_flow_8,1,1.173,0.846,2.81,0.0,0.191,0.982,0,0.0
sensor_flow_8,10,2.089,0.405,2.807,0.0,2.204,-0.115,0,0.0
sensor_flow_8,3,0.067,0.51,1.056,0.196,0.046,0.021,0,0.0
sensor_flow_8,19,8.383,0.898,10.357,1.0,8.943,-0.56,0,0.0
sensor_flow_8,22,0.085,0.722,2.119,0.263,0.01,0.075,0,0.0
sensor_flow_8,3,0.525,1.08,3.634,0.331,0.386,0.139,0,0.0
sensor_flow_8,5,5.219,0.205,5.551,0.987,0.467,4.752,1,1.0
sensor_flow_8,9,5.096,1.268,7.038,0.514,5.439,-0.342,0,0.0
sensor_flow_8,18,4.912,1.293,8.648,0.604,5.186,-0.274,0,0.0
sensor_flow_8,18,8.306,1.461,12.03,0.986,8.289,0.018,0,0.0
sensor_flow_8,4,0.0,1.351,3.201,0.115,0.005,-0.005,0,0.0
sensor_flow_8,22,1.295,0.874,3.639,0.0,0.4,0.895,0,0.0
sensor_flow_8,20,6.378,0.966,8.638,0.726,6.931,-0.552,0,0.0
sensor_flow_8,18,7.176,1.202,9.855,0.643,6.38,0.796,0,0.0
sensor_flow_8,15,3.305,1.181,5.244,0.11,2.726,0.58,0,0.0
sensor_flow_8,4,0.298,1.421,2.703,0.0,0.173,0.125,0,0.0
sensor_flow_8,18,6.716,1.142,8.57,0.939,7.005,-0.289,0,0.0
sensor_flow_8,6,8.996,1.207,12.548,1.0,8.917,0.079,0,0.0
sensor_flow_8,20,8.95,0.477,10.185,0.948,4.318,4.632,1,1.0
sensor_flow_8,3,0.338,1.221,3.257,0.127,0.44,-0.102,0,0.0
sensor_flow_8,8,6.052,0.889,8.382,0.607,5.926,0.126,0,0.0
sensor_flow_8,18,4.149,0.552,5.252,0.712,5.169,-1.019,0,0.0
sensor_flow_8,6,6.092,1.141,9.1,0.632,6.108,-0.016,0,0.0
sensor_flow_8,5,0.781,1.348,3.238,0.0,0.184,0.598,0,0.0
sensor_flow_8,12,2.611,0.335,3.478,0.27,2.33,0.281,0,0.0
sensor_flow_8,17,1.909,1.245,4.199,0.131,1.757,0.152,0,0.0
sensor_flow_8,18,4.903,0.811,7.205,0.866,5.383,-0.48,0,0.0
sensor_flow_8,21,11.098,0.227,11.561,0.912,6.677,4.421,1,1.0
sensor_flow_8,18,7.153,0.363,8.156,0.942,6.572,0.581,0,0.0
sensor_flow_8,0,0.0,0.772,2.301,0.0,0.198,-0.198,0,0.0
sensor_flow_8,8,7.096,1.282,9.924,0.9,7.269,-0.173,0,0.0
sensor_flow_8,19,5.538,1.068,8.04,0.887,5.859,-0.322,0,0.0
sensor_flow_8,17,1.801,0.443,2.726,0.0,1.642,0.159,0,0.0
sensor_flow_8,12,0.984,1.029,3.923,0.192,1.385,-0.401,0,0.0
sensor_flow_8,8,7.754,1.355,10.402,0.666,6.632,1.122,0,0.0
sensor_flow_8,4,1.005,0.437,2.079,0.068,0.269,0.736,0,0.0
sensor_flow_8,16,2.002,0.549,3.148,0.387,2.251,-0.249,0,0.0
sensor_flow_8,23,1.278,0.905,3.32,0.024,0.384,0.895,0,0.0
sensor_flow_8,8,12.575,0.307,13.367,0.855,5.078,7.497,1,1.0
sensor_flow_8,22,0.0,0.921,2.071,0.148,0.037,-0.037,0,0.0
sensor_flow_8,15,3.573,0.884,5.099,0.053,2.495,1.078,0,0.0
sensor_flow_8,12,0.199,1.239,3.298,0.0,1.403,-1.204,0,0.0
sensor_flow_8,11,2.088,1.224,5.306,0.197,2.787,-0.699,0,0.0
sensor_flow_8,7,6.48,0.384,7.378,0.777,6.364,0.115,0,0.0
sensor_flow_8,21,5.806,1.049,8.284,0.527,4.073,1.733,0,0.0
sensor_flow_8,5,0.382,1.497,3.466,0.013,0.382,0.0,0,0.0
sensor_flow_8,15,2.023,1.286,5.823,0.134,1.058,0.964,0,0.0
sensor_flow_8,0,4.444,0.201,4.881,0.859,0.081,4.363,1,1.0
sensor_flow_8,17,12.8,0.563,13.662,0.873,2.568,10.233,1,1.0
sensor_flow_8,4,0.144,1.108,2.256,0.0,0.434,-0.29,0,0.0
sensor_flow_8,11,1.822,1.382,5.637,0.038,2.307,-0.485,0,0.0
sensor_flow_8,6,5.019,0.584,6.673,0.494,5.105,-0.085,0,0.0
sensor_flow_8,16,3.511,1.478,5.882,0.365,2.831,0.68,0,0.0
sensor_flow_8,10,2.044,1.183,4.443,0.369,1.843,0.202,0,0.0
sensor_flow_8,9,7.894,0.437,8.779,0.846,7.683,0.211,0,0.0
sensor_flow_8,13,1.799,1.145,4.824,0.2,2.114,-0.315,0,0.0
sensor_flow_8,16,2.369,1.316,5.657,0.104,2.703,-0.334,0,0.0
sensor_flow_8,13,1.869,1.481,5.831,0.034,1.589,0.28,0,0.0
sensor_flow_8,23,0.237,1.279,3.926,0.278,0.025,0.213,0,0.0
sensor_flow_8,22,0.332,0.333,1.127,0.198,0.455,-0.123,0,0.0
sensor_flow_8,15,1.215,0.621,2.61,0.336,1.201,0.014,0,0.0
sensor_flow_8,16,1.998,0.439,2.978,0.067,2.974,-0.976,0,0.0
sensor_flow_8,5,0.798,0.32,1.379,0.114,0.402,0.395,0,0.0
sensor_flow_8,18,8.609,0.156,8.936,0.93,4.078,4.532,1,1.0
sensor_flow_8,13,9.482,0.314,9.999,0.885,2.603,6.88,1,1.0
sensor_flow_8,20,3.404,0.773,5.08,0.593,4.094,-0.691,0,0.0
sensor_flow_8,0,0.213,1.487,2.565,0.0,0.096,0.117,0,0.0
sensor_flow_8,21,6.15,1.039,8.115,0.607,5.33,0.82,0,0.0
sensor_flow_8,19,5.274,0.993,8.23,0.775,5.296,-0.022,0,0.0
sensor_flow_8,10,1.748,1.404,5.307,0.365,2.112,-0.364,0,0.0
sensor_flow_8,3,1.397,1.136,3.798,0.215,0.027,1.37,0,0.0
sensor_flow_8,23,0.776,1.029,2.959,0.287,0.484,0.292,0,0.0
sensor_flow_8,11,3.21,1.393,6.028,0.246,2.074,1.135,0,0.0
sensor_flow_8,0,1.671,0.423,2.725,0.0,0.053,1.619,0,0.0
sensor_flow_8,0,0.0,1.357,3.45,0.037,0.41,-0.41,0,0.0
sensor_flow_8,20,6.62,0.905,8.318,0.997,8.681,-2.061,0,0.0
sensor_flow_8,21,6.609,0.427,7.813,0.477,6.259,0.35,0,0.0
sensor_flow_8,9,7.859,0.855,9.468,0.896,6.769,1.091,0,0.0
sensor_flow_8,20,8.431,0.506,9.457,0.886,7.068,1.363,0,0.0
sensor_flow_8,17,2.086,1.071,4.028,0.385,2.984,-0.898,0,0.0
sensor_flow_8,5,0.31,1.28,3.423,0.043,0.197,0.113,0,0.0
sensor_flow_8,8,4.586,0.747,6.039,0.568,5.85,-1.264,0,0.0
sensor_flow_8,17,1.83,1.435,4.949,0.342,1.977,-0.147,0,0.0
sensor_flow_8,10,1.442,0.753,3.245,0.0,2.087,-0.645,0,0.0
sensor_flow_8,14,2.479,1.217,5.373,0.457,2.575,-0.096,0,0.0
sensor_flow_8,15,2.926,0.666,4.842,0.102,2.814,0.112,0,0.0
sensor_flow_8,7,6.38,0.774,7.6,0.64,6.453,-0.072,0,0.0
sensor_flow_8,1,1.032,0.407,1.795,0.0,0.364,0.668,0,0.0
sensor_flow_8,3,0.314,1.132,2.339,0.04,0.171,0.144,0,0.0
sensor_flow_8,10,1.99,0.993,4.707,0.253,2.269,-0.279,0,0.0
sensor_flow_8,21,5.621,1.066,7.876,0.541,5.669,-0.048,0,0.0
sensor_flow_9,8,4.235,1.413,7.23,0.644,5.288,-1.053,0,0.0
sensor_flow_9,23,0.041,0.562,1.435,0.189,0.415,-0.374,0,0.0
sensor_flow_9,6,6.176,0.59,7.193,0.934,7.326,-1.151,0,0.0
sensor_flow_9,16,2.428,0.401,3.388,0.324,2.257,0.171,0,0.0
sensor_flow_9,2,0.343,1.053,2.246,0.056,0.363,-0.02,0,0.0
sensor_flow_9,7,14.26,0.173,14.745,0.951,4.746,9.514,1,1.0
sensor_flow_9,5,0.686,0.518,1.904,0.0,0.149,0.537,0,0.0
sensor_flow_9,20,7.828,1.339,11.127,0.957,7.222,0.606,0,0.0
sensor_flow_9,2,0.0,0.55,1.009,0.0,0.329,-0.329,0,0.0
sensor_flow_9,13,3.989,0.814,5.941,0.356,2.412,1.577,0,0.0
sensor_flow_9,0,0.0,0.504,0.868,0.091,0.25,-0.25,0,0.0
sensor_flow_9,17,2.837,0.406,3.548,0.168,2.45,0.387,0,0.0
sensor_flow_9,11,0.0,1.257,3.006,0.221,1.25,-1.25,0,0.0
sensor_flow_9,20,4.027,0.961,6.9,0.543,4.851,-0.824,0,0.0
sensor_flow_9,9,7.164,1.315,10.407,0.81,7.147,0.017,0,0.0
sensor_flow_9,9,7.065,0.846,9.268,1.0,7.762,-0.696,0,0.0
sensor_flow_9,11,1.808,0.812,3.44,0.523,2.139,-0.33,0,0.0
sensor_flow_9,6,6.131,0.945,7.692,0.808,5.59,0.541,0,0.0
sensor_flow_9,10,1.149,0.541,2.515,0.198,1.175,-0.026,0,0.0
sensor_flow_9,5,0.0,1.484,4.246,0.275,0.32,-0.32,0,0.0
sensor_flow_9,22,8.193,0.291,8.875,0.865,0.43,7.763,1,1.0
sensor_flow_9,22,0.597,0.773,2.644,0.0,0.106,0.491,0,0.0
sensor_flow_9,5,0.419,1.313,2.708,0.063,0.056,0.363,0,0.0
sensor_flow_9,19,5.502,1.1,7.629,0.846,5.577,-0.075,0,0.0
sensor_flow_9,16,1.535,0.741,3.401,0.48,1.815,-0.28,0,0.0
sensor_flow_9,23,0.177,1.46,3.545,0.0,0.47,-0.293,0,0.0
sensor_flow_9,23,0.0,1.148,3.163,0.0,0.109,-0.109,0,0.0
sensor_flow_9,14,1.834,1.27,4.843,0.203,2.023,-0.189,0,0.0
sensor_flow_9,0,0.02,0.98,1.987,0.065,0.24,-0.22,0,0.0
sensor_flow_9,20,6.568,0.931,8.786,0.423,5.174,1.394,0,0.0
sensor_flow_9,0,0.008,0.969,2.535,0.0,0.45,-0.442,0,0.0
sensor_flow_9,8,6.19,0.425,7.282,0.469,4.885,1.306,0,0.0
sensor_flow_9,3,1.482,0.491,2.674,0.356,0.131,1.351,0,0.0
sensor_flow_9,1,0.0,0.372,0.689,0.261,0.279,-0.279,0,0.0
sensor_flow_9,16,1.761,0.496,3.185,0.17,1.242,0.519,0,0.0
sensor_flow_9,10,2.998,0.728,4.218,0.148,2.026,0.972,0,0.0
sensor_flow_9,7,8.105,1.096,9.86,0.792,8.15,-0.045,0,0.0
sensor_flow_9,11,1.212,0.955,3.521,0.191,1.661,-0.449,0,0.0
sensor_flow_9,4,0.0,0.306,0.533,0.238,0.03,-0.03,0,0.0
sensor_flow_9,12,0.929,0.984,2.679,0.176,1.001,-0.071,0,0.0
sensor_flow_9,7,6.009,1.304,8.215,0.358,5.664,0.345,0,0.0
sensor_flow_9,23,1.654,0.994,3.249,0.0,0.441,1.213,0,0.0
sensor_flow_9,1,10.034,0.189,10.486,0.903,0.15,9.884,1,1.0
sensor_flow_9,23,1.086,0.806,3.176,0.176,0.034,1.051,0,0.0
sensor_flow_9,1,0.0,0.361,0.635,0.0,0.202,-0.202,0,0.0
sensor_flow_9,8,11.12,0.242,11.736,0.916,7.581,3.539,1,1.0
sensor_flow_9,23,0.0,1.334,2.137,0.289,0.487,-0.487,0,0.0
sensor_flow_9,16,2.063,1.016,5.048,0.0,1.167,0.896,0,0.0
sensor_flow_9,22,0.0,1.338,3.091,0.081,0.375,-0.375,0,0.0
sensor_flow_9,12,2.209,1.128,4.26,0.164,1.494,0.716,0,0.0
sensor_flow_9,1,11.071,0.128,11.423,0.854,0.307,10.764,1,1.0
sensor_flow_9,19,7.218,0.54,8.33,0.857,4.065,3.153,1,1.0
sensor_flow_9,8,5.795,1.222,8.949,0.612,5.708,0.087,0,0.0
sensor_flow_9,5,0.0,0.728,1.135,0.058,0.165,-0.165,0,0.0
sensor_flow_9,12,0.0,0.559,1.014,0.267,1.599,-1.599,0,0.0
sensor_flow_9,17,2.138,1.344,5.606,0.332,1.703,0.435,0,0.0
sensor_flow_9,19,9.214,1.44,11.711,0.939,8.64,0.574,0,0.0
sensor_flow_9,6,8.353,0.621,9.557,1.0,7.676,0.677,0,0.0
sensor_flow_9,0,0.086,0.851,1.677,0.0,0.194,-0.107,0,0.0
sensor_flow_9,0,1.235,0.562,2.079,0.171,0.141,1.094,0,0.0
sensor_flow_9,10,2.658,0.354,3.702,0.154,1.651,1.007,0,0.0
sensor_flow_9,14,1.234,0.613,2.156,0.085,1.55,-0.317,0,0.0
sensor_flow_9,21,7.113,1.021,9.599,0.769,6.963,0.151,0,0.0
sensor_flow_9,5,0.517,1.119,3.869,0.0,0.206,0.311,0,0.0
sensor_flow_9,23,1.185,0.779,3.084,0.0,0.343,0.842,0,0.0
sensor_flow_9,6,6.145,0.569,7.161,0.701,6.182,-0.037,0,0.0
sensor_flow_9,2,0.0,1.362,2.236,0.0,0.17,-0.17,0,0.0
sensor_flow_9,19,5.166,1.061,7.36,0.558,5.69,-0.524,0,0.0
sensor_flow_9,6,9.358,0.409,10.121,0.926,6.161,3.197,1,1.0
sensor_flow_9,11,3.071,1.246,6.509,0.094,2.786,0.285,0,0.0
sensor_flow_9,22,0.0,0.804,1.399,0.0,0.229,-0.229,0,0.0
sensor_flow_9,19,6.359,0.752,7.894,0.883,6.823,-0.465,0,0.0
sensor_flow_9,8,13.051,0.453,13.947,0.935,8.54,4.511,1,1.0
sensor_flow_9,16,2.275,0.883,4.852,0.196,2.304,-0.029,0,0.0
sensor_flow_9,2,0.0,1.193,3.276,0.05,0.253,-0.253,0,0.0
sensor_flow_9,19,7.02,0.516,8.106,1.0,7.425,-0.406,0,0.0
sensor_flow_9,0,0.0,0.941,1.519,0.001,0.013,-0.013,0,0.0
sensor_flow_9,13,1.652,1.072,4.146,0.17,1.088,0.564,0,0.0
sensor_flow_9,18,7.025,1.361,9.484,0.881,6.615,0.41,0,0.0
sensor_flow_9,14,11.412,0.45,12.2,0.896,2.656,8.756,1,1.0
sensor_flow_9,17,2.106,0.431,3.153,0.153,2.51,-0.404,0,0.0
sensor_flow_9,10,6.703,0.147,7.074,0.901,2.42,4.283,1,1.0
sensor_flow_9,10,0.084,0.778,1.587,0.344,1.179,-1.095,0,0.0
sensor_flow_9,22,0.253,1.064,2.395,0.05,0.126,0.127,0,0.0
sensor_flow_9,7,3.698,1.471,7.598,0.318,4.056,-0.358,0,0.0
sensor_flow_9,5,0.0,1.076,3.191,0.243,0.305,-0.305,0,0.0
sensor_flow_9,22,0.0,1.393,3.101,0.021,0.117,-0.117,0,0.0
sensor_flow_9,18,5.298,0.336,6.039,0.702,5.549,-0.252,0,0.0
sensor_flow_9,15,1.562,1.255,4.49,0.416,2.045,-0.484,0,0.0
sensor_flow_9,18,16.232,0.234,16.623,0.902,4.865,11.367,1,1.0
sensor_flow_9,16,1.259,0.644,3.158,0.093,2.474,-1.215,0,0.0
sensor_flow_9,12,3.481,0.517,4.509,0.0,1.913,1.568,0,0.0
sensor_flow_9,5,0.0,0.613,1.049,0.213,0.127,-0.127,0,0.0
sensor_flow_9,15,11.031,0.331,11.874,0.934,1.886,9.145,1,1.0
sensor_flow_9,21,9.763,1.173,11.762,0.896,8.829,0.934,0,0.0
sensor_flow_9,18,6.278,0.87,8.829,0.73,6.298,-0.02,0,0.0
sensor_flow_9,22,4.979,0.594,6.059,0.856,0.179,4.8,1,1.0
sensor_flow_9,4,0.52,1.489,3.659,0.283,0.213,0.307,0,0.0
sensor_flow_9,0,0.135,1.037,1.821,0.231,0.436,-0.301,0,0.0
sensor_flow_9,16,2.996,0.537,4.396,0.161,2.466,0.53,0,0.0
sensor_flow_9,23,0.0,1.224,2.795,0.363,0.492,-0.492,0,0.0
sensor_flow_9,15,3.75,0.451,4.87,0.228,2.492,1.258,0,0.0
sensor_flow_9,10,3.098,0.933,5.276,0.036,2.767,0.331,0,0.0
sensor_flow_9,6,9.024,0.944,11.103,1.0,8.774,0.25,0,0.0
sensor_flow_9,12,2.996,1.491,5.533,0.129,2.859,0.137,0,0.0
sensor_flow_9,7,7.704,0.536,8.642,0.968,7.998,-0.293,0,0.0
sensor_flow_9,11,2.54,1.493,6.57,0.028,1.546,0.994,0,0.0
sensor_flow_9,19,8.111,0.372,8.918,1.0,8.724,-0.613,0,0.0
sensor_flow_9,16,9.628,0.276,10.294,0.889,1.658,7.969,1,1.0
sensor_flow_9,6,6.828,1.117,8.64,0.461,5.384,1.444,0,0.0
sensor_flow_9,22,1.125,0.963,2.677,0.0,0.426,0.699,0,0.0
sensor_flow_9,19,4.59,0.51,6.12,0.574,4.984,-0.393,0,0.0
sensor_flow_9,20,3.177,0.898,5.311,0.567,4.235,-1.058,0,0.0
sensor_flow_9,0,0.0,0.842,2.272,0.082,0.074,-0.074,0,0.0
sensor_flow_9,22,0.281,1.292,2.46,0.0,0.104,0.177,0,0.0
sensor_flow_9,15,0.263,0.953,2.25,0.07,1.98,-1.717,0,0.0
sensor_flow_9,15,0.961,0.769,2.715,0.132,1.294,-0.333,0,0.0
sensor_flow_9,20,7.592,1.215,9.961,0.986,7.352,0.24,0,0.0
sensor_flow_9,17,1.523,0.45,2.304,0.0,1.48,0.043,0,0.0
sensor_flow_9,10,1.721,1.234,3.945,0.261,1.267,0.454,0,0.0
sensor_flow_9,14,1.998,1.411,4.701,0.068,2.252,-0.254,0,0.0
sensor_flow_9,13,1.453,1.448,5.264,0.238,1.463,-0.01,0,0.0
sensor_flow_9,22,0.0,1.354,3.333,0.0,0.172,-0.172,0,0.0
sensor_flow_9,4,0.74,0.486,1.534,0.0,0.241,0.498,0,0.0
sensor_flow_9,19,4.172,0.971,6.245,0.412,5.559,-1.387,0,0.0
sensor_flow_9,2,0.0,0.998,1.892,0.025,0.221,-0.221,0,0.0
sensor_flow_9,14,0.602,0.991,2.251,0.434,1.532,-0.93,0,0.0
sensor_flow_9,20,6.763,0.449,7.557,0.635,7.497,-0.733,0,0.0
sensor_flow_9,7,4.665,1.051,7.101,0.584,5.379,-0.714,0,0.0
sensor_flow_9,21,6.166,0.569,7.858,0.659,5.896,0.27,0,0.0
sensor_flow_9,23,0.0,0.767,1.556,0.082,0.098,-0.098,0,0.0
sensor_flow_9,0,0.549,1.1,2.631,0.167,0.246,0.303,0,0.0
sensor_flow_9,23,0.697,1.016,2.87,0.162,0.459,0.238,0,0.0
sensor_flow_9,21,6.619,0.527,7.909,0.723,6.396,0.223,0,0.0
sensor_flow_9,11,2.088,0.873,4.481,0.445,1.388,0.7,0,0.0
sensor_flow_9,5,9.328,0.326,10.058,0.967,0.272,9.056,1,1.0
sensor_flow_9,22,0.3,0.749,1.603,0.0,0.1,0.2,0,0.0
sensor_flow_9,16,2.04,0.433,2.775,0.035,1.04,1.0,0,0.0
sensor_flow_9,14,9.597,0.403,10.773,0.959,1.923,7.674,1,1.0
sensor_flow_9,4,4.293,0.269,4.698,0.929,0.041,4.252,1,1.0
sensor_flow_9,23,0.543,1.204,2.427,0.08,0.478,0.064,0,0.0
sensor_flow_9,16,2.271,1.172,4.487,0.471,2.235,0.037,0,0.0
sensor_flow_9,21,6.983,1.26,10.131,0.946,6.911,0.072,0,0.0
sensor_flow_9,14,0.87,0.379,1.467,0.219,1.384,-0.514,0,0.0
sensor_flow_9,14,1.697,1.141,4.229,0.288,2.378,-0.68,0,0.0
sensor_flow_9,22,1.329,0.892,3.304,0.109,0.373,0.956,0,0.0
sensor_flow_9,2,4.959,0.465,6.285,0.876,0.149,4.81,1,1.0
sensor_flow_9,9,11.723,0.211,12.059,0.865,4.393,7.33,1,1.0
sensor_flow_9,7,4.914,0.329,5.464,0.539,5.297,-0.383,0,0.0
sensor_flow_9,12,1.702,1.346,5.192,0.539,2.592,-0.89,0,0.0
sensor_flow_9,3,0.886,1.097,2.741,0.253,0.063,0.823,0,0.0
sensor_flow_9,20,8.215,0.454,8.997,0.709,8.867,-0.652,0,0.0
sensor_flow_9,13,7.586,0.436,8.358,0.883,2.904,4.681,1,1.0
sensor_flow_9,4,0.975,1.238,3.988,0.0,0.278,0.696,0,0.0
sensor_flow_9,6,15.677,0.164,16.158,0.883,8.082,7.596,1,1.0
sensor_flow_9,13,0.763,0.985,2.817,0.04,1.007,-0.245,0,0.0
sensor_flow_9,19,5.323,0.515,6.243,0.708,6.201,-0.878,0,0.0
sensor_flow_9,20,6.526,1.483,9.982,0.743,6.452,0.074,0,0.0
sensor_flow_9,7,4.644,0.315,5.126,0.769,5.799,-1.154,0,0.0
sensor_flow_9,22,0.286,0.592,1.177,0.205,0.142,0.144,0,0.0
sensor_flow_9,13,2.307,0.634,3.697,0.006,1.914,0.393,0,0.0
sensor_flow_9,18,4.625,0.83,6.255,0.639,4.505,0.12,0,0.0
sensor_flow_9,22,0.0,0.742,1.72,0.0,0.188,-0.188,0,0.0
sensor_flow_9,1,11.42,0.207,11.893,0.899,0.359,11.062,1,1.0
sensor_flow_9,7,4.79,1.27,7.476,0.588,5.728,-0.938,0,0.0
sensor_flow_9,23,0.857,1.209,4.426,0.172,0.21,0.646,0,0.0
sensor_flow_9,15,2.508,1.389,5.313,0.247,1.561,0.947,0,0.0
sensor_flow_9,13,2.47,0.47,3.301,0.445,2.51,-0.04,0,0.0
sensor_flow_9,3,0.0,1.029,2.707,0.0,0.484,-0.484,0,0.0
sensor_flow_9,7,20.239,0.129,20.607,0.96,8.42,11.819,1,1.0
sensor_flow_9,18,5.069,0.457,5.792,0.553,4.754,0.315,0,0.0
sensor_flow_9,18,13.636,0.455,14.754,0.852,6.811,6.826,1,1.0
sensor_flow_9,1,0.927,0.936,3.456,0.044,0.268,0.658,0,0.0
sensor_flow_9,18,8.347,1.261,11.537,0.983,8.188,0.159,0,0.0
sensor_flow_9,21,4.884,0.68,6.679,0.207,4.477,0.407,0,0.0
sensor_flow_9,1,0.443,0.696,1.885,0.295,0.391,0.052,0,0.0
sensor_flow_9,3,0.034,0.888,2.355,0.154,0.376,-0.341,0,0.0
sensor_flow_9,0,1.227,1.325,4.775,0.172,0.485,0.742,0,0.0
sensor_flow_9,1,0.312,0.437,1.526,0.0,0.232,0.079,0,0.0
sensor_flow_9,3,1.157,1.222,4.471,0.0,0.397,0.76,0,0.0
sensor_flow_9,12,3.243,1.255,5.522,0.0,2.275,0.968,0,0.0
sensor_flow_9,23,0.236,1.39,3.503,0.0,0.485,-0.249,0,0.0
sensor_flow_9,13,1.457,0.763,2.791,0.276,2.685,-1.228,0,0.0
sensor_flow_9,22,0.933,0.632,2.016,0.095,0.037,0.896,0,0.0
sensor_flow_9,12,10.533,0.547,11.914,0.957,1.448,9.085,1,1.0
sensor_flow_9,7,8.611,0.562,9.992,1.0,8.915,-0.305,0,0.0
sensor_flow_9,10,1.235,1.404,3.735,0.113,1.318,-0.083,0,0.0
sensor_flow_9,19,5.67,1.368,8.097,0.634,5.755,-0.086,0,0.0
sensor_flow_9,15,1.429,1.347,5.34,0.51,2.235,-0.806,0,0.0
sensor_flow_9,8,4.53,0.487,5.544,0.593,4.236,0.295,0,0.0
sensor_flow_9,10,2.872,1.121,4.612,0.357,2.755,0.117,0,0.0
sensor_flow_9,9,4.001,0.908,6.405,0.345,4.748,-0.746,0,0.0
sensor_flow_9,4,0.0,0.301,0.636,0.0,0.104,-0.104,0,0.0
sensor_flow_9,3,0.327,1.463,3.302,0.267,0.262,0.066,0,0.0
sensor_flow_9,15,1.223,0.6,2.562,0.251,1.432,-0.209,0,0.0
sensor_flow_9,12,9.013,0.571,10.136,0.919,2.993,6.019,1,1.0
sensor_flow_9,6,12.657,0.254,13.185,0.887,7.322,5.334,1,1.0
sensor_flow_9,14,2.675,0.815,4.412,0.323,1.669,1.005,0,0.0
sensor_flow_9,3,0.0,1.039,2.942,0.126,0.476,-0.476,0,0.0
sensor_flow_9,4,0.548,1.092,2.804,0.053,0.402,0.146,0,0.0
sensor_flow_9,19,7.129,0.318,7.969,0.774,6.903,0.226,0,0.0
sensor_flow_9,20,16.293,0.134,16.578,0.996,4.732,11.561,1,1.0
sensor_flow_9,2,0.42,1.068,2.077,0.184,0.325,0.095,0,0.0
sensor_flow_9,8,7.427,0.99,9.237,1.0,8.123,-0.697,0,0.0
sensor_flow_9,2,0.0,1.164,1.786,0.204,0.224,-0.224,0,0.0
sensor_flow_9,22,0.0,0.419,0.726,0.03,0.158,-0.158,0,0.0
sensor_flow_9,20,10.522,0.205,11.117,0.939,6.51,4.013,1,1.0
sensor_flow_9,7,5.916,1.063,8.857,0.604,5.195,0.72,0,0.0
sensor_flow_9,1,10.868,0.175,11.336,0.93,0.34,10.528,1,1.0
sensor_flow_9,17,2.664,1.207,5.162,0.201,2.263,0.401,0,0.0
sensor_flow_9,15,1.524,1.153,3.935,0.282,2.172,-0.648,0,0.0
sensor_flow_9,12,3.085,1.194,5.695,0.495,2.827,0.259,0,0.0
sensor_flow_9,21,6.373,0.904,8.124,0.533,6.424,-0.051,0,0.0
sensor_flow_9,17,0.465,0.601,1.578,0.434,1.468,-1.002,0,0.0
sensor_flow_9,1,1.762,0.915,3.178,0.182,0.184,1.579,0,0.0
sensor_flow_9,5,0.0,0.727,2.007,0.064,0.231,-0.231,0,0.0
sensor_flow_9,3,0.0,1.057,2.277,0.0,0.451,-0.451,0,0.0
sensor_flow_9,1,0.891,0.798,2.653,0.182,0.281,0.61,0,0.0
sensor_flow_9,19,6.837,0.817,9.119,0.671,5.216,1.621,0,0.0
sensor_flow_9,10,1.349,0.391,2.383,0.308,1.396,-0.047,0,0.0
sensor_flow_9,11,1.277,0.792,3.286,0.302,2.622,-1.345,0,0.0
sensor_flow_9,6,6.046,1.231,9.523,0.673,6.411,-0.365,0,0.0
sensor_flow_9,19,17.137,0.546,18.53,0.933,7.154,9.984,1,1.0
sensor_flow_9,22,0.0,1.351,2.062,0.235,0.178,-0.178,0,0.0
sensor_flow_9,8,5.941,1.217,9.04,0.71,5.955,-0.014,0,0.0
sensor_flow_9,8,7.267,0.715,8.816,0.751,6.546,0.721,0,0.0
sensor_flow_9,18,9.227,1.188,11.778,0.947,8.568,0.66,0,0.0
sensor_flow_9,7,11.679,0.378,12.287,0.895,5.087,6.592,1,1.0
sensor_flow_9,7,5.489,0.941,7.276,0.285,5.228,0.261,0,0.0
sensor_flow_9,5,0.0,0.82,1.957,0.0,0.371,-0.371,0,0.0
sensor_flow_9,19,5.485,1.419,8.59,0.726,6.17,-0.684,0,0.0
sensor_flow_9,23,1.632,1.187,4.25,0.0,0.247,1.386,0,0.0
sensor_flow_9,21,9.373,0.455,10.345,0.76,8.352,1.021,0,0.0
sensor_flow_9,3,0.0,0.656,1.739,0.07,0.332,-0.332,0,0.0
sensor_flow_9,23,0.883,0.843,2.49,0.0,0.011,0.872,0,0.0
sensor_flow_9,20,8.831,0.334,9.695,0.855,7.293,1.538,0,0.0
sensor_flow_9,2,1.501,0.49,2.827,0.044,0.243,1.258,0,0.0
sensor_flow_9,16,2.588,0.831,4.585,0.143,2.526,0.063,0,0.0
sensor_flow_9,10,2.346,0.867,4.941,0.155,2.048,0.299,0,0.0
sensor_flow_9,9,4.397,1.331,6.786,0.383,4.189,0.208,0,0.0
sensor_flow_9,20,6.03,0.591,7.46,0.521,5.758,0.271,0,0.0
sensor_flow_9,5,8.237,0.215,8.647,0.942,0.21,8.026,1,1.0
sensor_flow_9,9,7.647,1.492,11.213,0.874,6.953,0.694,0,0.0
sensor_flow_9,23,0.635,1.116,3.76,0.241,0.432,0.203,0,0.0
sensor_flow_9,8,7.079,0.607,8.456,0.709,7.584,-0.505,0,0.0
sensor_flow_9,17,1.853,0.65,3.556,0.119,1.47,0.383,0,0.0
sensor_flow_9,17,1.305,1.216,4.753,0.091,1.397,-0.093,0,0.0
sensor_flow_9,23,1.011,0.459,2.214,0.189,0.118,0.893,0,0.0
sensor_flow_9,15,3.447,1.082,6.268,0.141,2.815,0.632,0,0.0
sensor_flow_9,19,4.179,0.788,5.546,0.732,4.608,-0.429,0,0.0
sensor_flow_9,20,6.677,0.396,7.646,0.57,6.046,0.631,0,0.0
sensor_flow_9,2,1.457,0.927,3.566,0.0,0.077,1.38,0,0.0
sensor_flow_9,11,2.261,0.3,2.732,0.201,1.892,0.369,0,0.0
sensor_flow_9,5,0.463,0.336,1.436,0.074,0.13,0.332,0,0.0
sensor_flow_9,15,3.391,0.524,4.857,0.307,2.654,0.737,0,0.0
sensor_flow_9,13,2.977,0.322,3.939,0.0,1.935,1.042,0,0.0
sensor_flow_9,22,0.549,1.479,4.708,0.0,0.174,0.374,0,0.0
sensor_flow_9,1,0.416,1.346,3.027,0.059,0.067,0.349,0,0.0
sensor_flow_9,3,0.0,1.111,2.69,0.123,0.047,-0.047,0,0.0
sensor_flow_9,9,13.309,0.428,14.182,0.977,6.759,6.55,1,1.0
sensor_flow_9,8,8.682,0.35,9.614,0.708,7.785,0.898,0,0.0
sensor_flow_9,19,16.575,0.549,17.685,0.884,8.116,8.459,1,1.0
sensor_flow_9,14,1.28,1.235,4.639,0.019,1.789,-0.509,0,0.0
sensor_flow_9,9,3.025,1.087,5.531,0.26,4.085,-1.061,0,0.0
sensor_flow_9,1,0.0,1.428,2.145,0.119,0.002,-0.002,0,0.0
sensor_flow_9,7,8.352,0.695,10.266,0.993,8.725,-0.373,0,0.0
sensor_flow_9,17,1.822,0.493,2.677,0.283,2.36,-0.538,0,0.0
sensor_flow_9,1,0.0,1.195,3.359,0.0,0.313,-0.313,0,0.0
sensor_flow_9,13,1.395,1.299,3.862,0.147,1.457,-0.063,0,0.0
sensor_flow_9,12,14.46,0.575,15.938,0.941,2.687,11.773,1,1.0
sensor_flow_9,13,1.725,0.649,3.355,0.05,1.874,-0.149,0,0.0
sensor_flow_9,0,5.31,0.513,6.3,0.879,0.352,4.958,1,1.0
sensor_flow_9,15,8.226,0.366,9.299,0.851,2.509,5.717,1,1.0
sensor_flow_9,3,1.152,0.486,2.056,0.182,0.435,0.718,0,0.0
sensor_flow_9,1,0.639,0.902,2.34,0.051,0.073,0.567,0,0.0
sensor_flow_9,15,2.856,0.401,3.652,0.242,1.9,0.956,0,0.0
sensor_flow_9,16,1.302,0.526,2.479,0.116,1.421,-0.119,0,0.0
sensor_flow_9,21,7.132,1.16,10.368,0.736,6.609,0.523,0,0.0
sensor_flow_9,0,0.182,0.651,1.904,0.068,0.208,-0.026,0,0.0
sensor_flow_9,11,2.581,0.49,3.661,0.382,1.435,1.146,0,0.0
sensor_flow_9,23,0.343,0.799,1.987,0.0,0.056,0.287,0,0.0
sensor_flow_9,4,0.0,0.927,2.547,0.093,0.092,-0.092,0,0.0
sensor_flow_9,19,5.887,0.873,7.908,0.708,5.149,0.738,0,0.0
sensor_flow_9,0,0.0,0.501,1.22,0.0,0.002,-0.002,0,0.0
sensor_flow_9,15,12.686,0.177,13.105,0.888,1.133,11.553,1,1.0
sensor_flow_9,9,4.104,1.477,7.494,0.348,4.936,-0.831,0,0.0
sensor_flow_9,12,2.841,0.873,5.138,0.2,2.189,0.652,0,0.0
sensor_flow_9,21,5.897,0.385,6.762,0.349,4.548,1.349,0,0.0
sensor_flow_9,16,2.51,0.877,4.132,0.412,2.216,0.294,0,0.0
sensor_flow_9,1,0.884,1.369,3.197,0.19,0.299,0.585,0,0.0
sensor_flow_9,5,0.758,1.332,2.871,0.0,0.338,0.42,0,0.0
sensor_flow_9,19,6.453,0.633,7.981,0.606,4.885,1.568,0,0.0
sensor_flow_9,17,1.969,1.191,4.269,0.313,2.191,-0.222,0,0.0
sensor_flow_9,1,0.041,0.949,1.631,0.144,0.206,-0.165,0,0.0
sensor_flow_9,7,7.831,0.655,9.735,0.824,6.753,1.078,0,0.0
sensor_flow_9,22,6.329,0.346,7.25,0.978,0.378,5.951,1,1.0
sensor_flow_9,10,1.064,0.408,2.285,0.188,1.101,-0.037,0,0.0
sensor_flow_9,5,0.459,0.933,2.515,0.15,0.378,0.081,0,0.0
sensor_flow_9,10,2.654,0.706,3.977,0.104,2.536,0.118,0,0.0
sensor_flow_9,21,7.735,1.235,9.952,1.0,8.188,-0.453,0,0.0
sensor_flow_9,17,2.715,1.128,4.435,0.132,2.389,0.326,0,0.0
sensor_flow_9,12,0.0,1.455,3.816,0.255,1.468,-1.468,0,0.0
sensor_flow_9,7,7.254,1.046,10.35,0.352,5.733,1.521,0,0.0
sensor_flow_9,23,0.0,0.693,1.208,0.0,0.206,-0.206,0,0.0
sensor_flow_9,18,8.216,1.435,11.441,0.84,8.321,-0.105,0,0.0
sensor_flow_9,23,0.861,0.602,2.492,0.149,0.243,0.617,0,0.0
sensor_flow_9,7,6.522,1.113,8.596,0.492,6.548,-0.026,0,0.0
sensor_flow_9,20,8.375,1.472,10.672,0.96,8.754,-0.379,0,0.0
sensor_flow_9,12,1.342,0.898,3.29,0.298,2.415,-1.073,0,0.0
sensor_flow_9,1,0.0,0.388,0.95,0.279,0.035,-0.035,0,0.0
sensor_flow_9,19,9.168,0.35,9.942,1.0,8.937,0.23,0,0.0
sensor_flow_9,22,5.936,0.294,6.787,0.937,0.02,5.916,1,1.0
sensor_flow_9,8,3.228,1.381,5.967,0.349,4.24,-1.012,0,0.0
sensor_flow_9,9,7.16,0.482,7.918,0.846,7.619,-0.459,0,0.0
sensor_flow_9,14,0.659,0.995,3.589,0.081,1.491,-0.832,0,0.0
sensor_flow_9,18,6.471,0.962,8.511,0.713,7.178,-0.707,0,0.0
sensor_flow_9,15,2.223,0.426,2.927,0.187,1.439,0.783,0,0.0
sensor_flow_9,1,0.406,0.307,1.275,0.104,0.319,0.087,0,0.0
sensor_flow_9,12,2.263,0.641,3.524,0.456,2.735,-0.472,0,0.0
sensor_flow_9,1,0.158,1.032,2.48,0.162,0.467,-0.309,0,0.0
sensor_flow_9,8,5.337,0.701,6.576,0.42,5.914,-0.577,0,0.0
sensor_flow_9,21,8.43,0.377,9.367,0.764,7.959,0.472,0,0.0
sensor_flow_9,12,0.55,0.446,1.83,0.122,1.542,-0.992,0,0.0
sensor_flow_9,8,6.121,1.107,8.114,0.693,6.706,-0.584,0,0.0
sensor_flow_9,10,3.345,1.225,5.942,0.196,2.229,1.116,0,0.0
sensor_flow_9,13,1.151,0.335,1.667,0.196,1.291,-0.141,0,0.0
sensor_flow_9,14,2.24,0.601,3.803,0.221,2.766,-0.526,0,0.0
sensor_flow_9,22,1.577,1.271,4.648,0.0,0.287,1.29,0,0.0
sensor_flow_9,9,7.5,0.602,8.777,0.831,7.12,0.38,0,0.0
sensor_flow_9,10,3.17,0.663,4.356,0.504,2.453,0.717,0,0.0
sensor_flow_9,15,1.985,1.05,3.694,0.331,1.328,0.657,0,0.0
sensor_flow_9,7,5.577,0.487,6.823,0.609,5.332,0.245,0,0.0
sensor_flow_9,2,1.414,1.174,3.776,0.089,0.264,1.151,0,0.0
sensor_flow_9,11,1.439,1.129,3.412,0.263,2.358,-0.918,0,0.0
sensor_flow_9,2,0.0,1.101,2.609,0.0,0.132,-0.132,0,0.0
sensor_flow_9,7,8.252,0.558,9.171,0.767,7.165,1.087,0,0.0
sensor_flow_9,1,0.398,1.354,3.527,0.149,0.14,0.258,0,0.0
sensor_flow_9,7,5.515,0.881,8.083,0.655,4.186,1.329,0,0.0
sensor_flow_9,2,0.331,1.19,3.715,0.133,0.475,-0.144,0,0.0
sensor_flow_9,0,0.0,1.44,3.459,0.123,0.271,-0.271,0,0.0
sensor_flow_9,3,0.048,1.263,2.796,0.174,0.051,-0.003,0,0.0
sensor_flow_9,18,7.888,1.151,11.064,0.862,7.849,0.039,0,0.0
sensor_flow_9,22,4.852,0.471,6.053,0.981,0.085,4.767,1,1.0
sensor_flow_9,19,8.151,1.464,11.273,0.754,8.103,0.048,0,0.0
sensor_flow_9,21,4.576,0.856,6.36,0.531,4.61,-0.034,0,0.0
sensor_flow_9,6,5.221,1.259,7.191,0.358,5.001,0.22,0,0.0
sensor_flow_9,13,0.766,1.236,3.0,0.048,1.096,-0.329,0,0.0
sensor_flow_9,16,2.204,1.428,4.96,0.185,2.327,-0.124,0,0.0
sensor_flow_9,18,7.107,1.425,10.823,0.691,6.634,0.474,0,0.0
sensor_flow_9,19,6.447,1.085,8.331,0.381,5.733,0.715,0,0.0
sensor_flow_9,15,1.469,1.174,3.392,0.157,2.147,-0.678,0,0.0
sensor_flow_9,4,0.0,1.372,2.232,0.0,0.024,-0.024,0,0.0
sensor_flow_9,20,4.224,1.391,6.311,0.62,4.624,-0.401,0,0.0
sensor_flow_9,20,5.631,0.779,7.732,0.605,5.864,-0.233,0,0.0
sensor_flow_9,23,0.0,0.923,2.372,0.0,0.221,-0.221,0,0.0
sensor_flow_9,2,0.344,0.365,0.978,0.159,0.255,0.089,0,0.0
sensor_flow_9,1,0.0,1.301,3.168,0.008,0.075,-0.075,0,0.0
sensor_flow_9,5,9.307,0.173,9.745,0.954,0.107,9.2,1,1.0
sensor_flow_9,3,0.904,1.418,4.085,0.142,0.296,0.608,0,0.0
sensor_flow_9,16,3.826,1.012,5.417,0.475,2.846,0.979,0,0.0
sensor_flow_9,20,14.144,0.475,15.374,0.96,4.943,9.201,1,1.0
sensor_flow_9,13,1.461,1.225,3.667,0.22,2.6,-1.138,0,0.0
sensor_flow_9,12,2.083,1.047,5.211,0.0,1.364,0.719,0,0.0
sensor_flow_9,10,2.156,0.31,2.804,0.229,1.866,0.29,0,0.0
sensor_flow_9,4,10.737,0.281,11.412,0.877,0.219,10.518,1,1.0
sensor_flow_9,2,0.339,1.358,3.406,0.169,0.429,-0.09,0,0.0
sensor_flow_9,5,8.45,0.223,8.899,0.978,0.461,7.989,1,1.0
sensor_flow_9,8,8.553,1.205,11.09,1.0,8.318,0.235,0,0.0
sensor_flow_9,7,8.354,1.234,10.214,0.755,7.083,1.271,0,0.0
sensor_flow_9,6,3.31,0.773,5.553,0.583,4.33,-1.021,0,0.0
sensor_flow_9,2,1.646,0.435,2.888,0.055,0.281,1.365,0,0.0
sensor_flow_9,8,7.89,1.035,10.857,1.0,7.844,0.046,0,0.0
sensor_flow_9,2,1.022,1.266,3.227,0.106,0.414,0.608,0,0.0
sensor_flow_9,3,1.416,0.916,4.14,0.334,0.305,1.111,0,0.0
sensor_flow_9,18,8.999,1.148,11.998,0.83,7.861,1.138,0,0.0
sensor_flow_9,13,1.28,1.243,3.946,0.0,1.209,0.071,0,0.0
sensor_flow_9,14,1.703,0.643,3.611,0.014,1.001,0.702,0,0.0
sensor_flow_9,13,0.823,1.018,2.403,0.0,1.236,-0.414,0,0.0
sensor_flow_9,10,1.944,0.795,3.398,0.089,1.977,-0.033,0,0.0
sensor_flow_9,21,4.489,0.407,5.531,0.775,5.441,-0.951,0,0.0
sensor_flow_9,12,1.743,1.381,4.774,0.06,1.024,0.719,0,0.0
sensor_flow_9,23,0.108,1.372,3.346,0.011,0.393,-0.285,0,0.0
sensor_flow_9,4,0.241,0.375,0.992,0.0,0.345,-0.104,0,0.0
sensor_flow_9,10,2.278,0.848,3.756,0.032,1.492,0.786,0,0.0
sensor_flow_9,14,1.559,0.381,2.472,0.049,1.349,0.209,0,0.0
sensor_flow_9,0,0.0,0.471,1.41,0.114,0.274,-0.274,0,0.0
sensor_flow_9,8,3.749,0.44,4.624,0.377,4.739,-0.99,0,0.0
sensor_flow_9,9,4.288,0.848,6.794,0.486,5.14,-0.852,0,0.0
sensor_flow_9,12,0.0,1.178,2.029,0.296,1.15,-1.15,0,0.0
sensor_flow_9,14,2.85,0.715,4.302,0.229,2.072,0.778,0,0.0
sensor_flow_9,12,1.377,1.11,3.869,0.3,1.241,0.136,0,0.0
sensor_flow_9,0,1.047,0.759,2.209,0.0,0.238,0.809,0,0.0
sensor_flow_9,2,0.416,1.12,2.15,0.0,0.159,0.257,0,0.0
sensor_flow_9,0,11.987,0.171,12.388,0.855,0.465,11.522,1,1.0
sensor_flow_9,21,3.608,0.652,5.159,0.584,4.144,-0.536,0,0.0
sensor_flow_9,2,0.172,1.363,3.646,0.0,0.08,0.092,0,0.0
sensor_flow_9,21,7.818,0.373,8.715,0.836,7.535,0.283,0,0.0
sensor_flow_9,12,1.944,0.883,3.778,0.17,2.201,-0.257,0,0.0
sensor_flow_9,7,7.111,0.356,7.685,0.851,7.811,-0.7,0,0.0
sensor_flow_9,3,0.0,1.467,3.132,0.0,0.367,-0.367,0,0.0
sensor_flow_10,17,2.741,1.135,4.8,0.188,2.05,0.691,0,0.0
sensor_flow_10,17,10.322,0.553,11.248,0.966,2.74,7.583,1,1.0
sensor_flow_10,19,5.273,0.959,7.07,0.677,5.91,-0.637,0,0.0
sensor_flow_10,17,1.919,1.323,4.545,0.147,1.826,0.094,0,0.0
sensor_flow_10,17,2.055,0.386,3.157,0.393,2.318,-0.262,0,0.0
sensor_flow_10,14,2.584,1.226,4.436,0.326,2.618,-0.034,0,0.0
sensor_flow_10,1,0.0,0.671,1.239,0.211,0.434,-0.434,0,0.0
sensor_flow_10,8,5.715,0.722,7.565,0.303,5.12,0.595,0,0.0
sensor_flow_10,13,2.095,1.361,5.3,0.159,1.577,0.518,0,0.0
sensor_flow_10,4,0.165,0.813,1.424,0.0,0.4,-0.235,0,0.0
sensor_flow_10,16,2.505,0.824,3.774,0.113,1.615,0.89,0,0.0
sensor_flow_10,7,4.442,0.456,5.401,0.607,5.505,-1.063,0,0.0
sensor_flow_10,2,1.902,0.412,2.691,0.068,0.427,1.475,0,0.0
sensor_flow_10,6,6.237,0.694,7.678,0.579,6.172,0.066,0,0.0
sensor_flow_10,16,2.26,0.551,3.558,0.024,1.73,0.53,0,0.0
sensor_flow_10,1,0.967,0.891,2.571,0.0,0.01,0.958,0,0.0
sensor_flow_10,20,7.001,1.415,9.366,0.834,7.076,-0.075,0,0.0
sensor_flow_10,0,10.675,0.307,11.444,0.928,0.448,10.227,1,1.0
sensor_flow_10,23,1.163,0.41,1.813,0.0,0.454,0.71,0,0.0
sensor_flow_10,2,0.198,1.294,3.13,0.083,0.199,-0.001,0,0.0
sensor_flow_10,10,3.459,0.728,4.799,0.374,2.302,1.157,0,0.0
sensor_flow_10,7,17.347,0.169,17.617,0.876,6.834,10.513,1,1.0
sensor_flow_10,12,1.796,0.582,3.27,0.49,2.515,-0.719,0,0.0
sensor_flow_10,9,7.118,0.374,8.2,0.823,7.408,-0.29,0,0.0
sensor_flow_10,14,1.694,1.409,4.842,0.176,1.603,0.09,0,0.0
sensor_flow_10,1,4.397,0.271,4.877,0.872,0.42,3.977,1,1.0
sensor_flow_10,0,0.0,0.575,0.873,0.187,0.085,-0.085,0,0.0
sensor_flow_10,14,0.0,0.519,0.888,0.272,1.029,-1.029,0,0.0
sensor_flow_10,18,5.389,0.753,6.526,0.667,5.965,-0.576,0,0.0
sensor_flow_10,16,2.304,0.928,4.674,0.144,2.381,-0.077,0,0.0
sensor_flow_10,21,11.552,0.195,12.021,0.94,6.445,5.107,1,1.0
sensor_flow_10,2,0.0,1.367,3.529,0.038,0.415,-0.415,0,0.0
sensor_flow_10,23,0.593,1.397,4.531,0.288,0.139,0.454,0,0.0
sensor_flow_10,7,7.366,0.781,8.992,0.99,6.93,0.436,0,0.0
sensor_flow_10,23,1.079,0.633,2.591,0.016,0.498,0.58,0,0.0
sensor_flow_10,11,1.945,0.385,2.8,0.336,1.959,-0.013,0,0.0
sensor_flow_10,12,1.854,0.92,4.591,0.042,1.45,0.404,0,0.0
sensor_flow_10,12,2.799,0.828,4.886,0.136,2.785,0.014,0,0.0
sensor_flow_10,6,6.201,1.333,10.124,0.571,6.737,-0.536,0,0.0
sensor_flow_10,16,1.893,0.412,2.961,0.107,1.41,0.483,0,0.0
sensor_flow_10,10,2.701,0.764,4.317,0.441,2.6,0.101,0,0.0
sensor_flow_10,7,6.121,1.04,8.263,0.447,5.934,0.187,0,0.0
sensor_flow_10,6,8.079,0.561,9.274,1.0,8.457,-0.378,0,0.0
sensor_flow_10,5,0.0,0.639,0.978,0.0,0.266,-0.266,0,0.0
sensor_flow_10,12,2.376,1.222,4.608,0.276,2.483,-0.107,0,0.0
sensor_flow_10,13,1.655,1.058,4.719,0.163,1.794,-0.139,0,0.0
sensor_flow_10,17,1.802,0.417,2.714,0.085,1.937,-0.135,0,0.0
sensor_flow_10,14,0.887,0.47,1.776,0.48,1.681,-0.794,0,0.0
sensor_flow_10,23,0.886,1.305,4.601,0.257,0.255,0.631,0,0.0
sensor_flow_10,1,0.114,0.491,1.256,0.0,0.492,-0.378,0,0.0
sensor_flow_10,8,3.954,1.231,7.413,0.387,4.524,-0.57,0,0.0
sensor_flow_10,16,1.449,0.946,3.795,0.262,1.623,-0.174,0,0.0
sensor_flow_10,2,0.447,1.008,3.08,0.063,0.155,0.292,0,0.0
sensor_flow_10,21,4.586,0.717,6.335,0.655,5.986,-1.399,0,0.0
sensor_flow_10,7,7.717,1.436,9.88,0.874,8.687,-0.97,0,0.0
sensor_flow_10,0,0.0,0.762,1.983,0.0,0.052,-0.052,0,0.0
sensor_flow_10,11,1.658,0.925,3.819,0.0,1.47,0.188,0,0.0
sensor_flow_10,2,0.0,1.488,3.16,0.215,0.098,-0.098,0,0.0
sensor_flow_10,0,0.0,1.051,2.937,0.0,0.152,-0.152,0,0.0
sensor_flow_10,10,2.638,1.251,6.322,0.222,2.639,-0.001,0,0.0
sensor_flow_10,5,0.0,1.399,3.261,0.168,0.225,-0.225,0,0.0
sensor_flow_10,17,1.322,0.673,2.412,0.0,1.258,0.063,0,0.0
sensor_flow_10,7,6.061,0.699,7.856,0.84,6.907,-0.846,0,0.0
sensor_flow_10,14,1.119,0.691,3.144,0.233,1.899,-0.78,0,0.0
sensor_flow_10,21,5.178,1.293,8.053,0.586,5.185,-0.008,0,0.0
sensor_flow_10,19,8.586,1.147,11.236,1.0,8.64,-0.055,0,0.0
sensor_flow_10,1,0.0,0.923,1.523,0.0,0.117,-0.117,0,0.0
sensor_flow_10,6,5.088,1.378,7.623,0.517,4.406,0.681,0,0.0
sensor_flow_10,17,7.736,0.459,8.833,0.928,2.792,4.944,1,1.0
sensor_flow_10,12,0.336,1.301,3.717,0.249,1.034,-0.698,0,0.0
sensor_flow_10,18,8.058,0.625,9.862,0.694,7.558,0.501,0,0.0
sensor_flow_10,0,0.241,1.021,2.123,0.315,0.398,-0.157,0,0.0
sensor_flow_10,10,3.349,1.472,6.07,0.274,2.183,1.166,0,0.0
sensor_flow_10,6,5.316,0.916,7.351,0.469,5.153,0.163,0,0.0
sensor_flow_10,16,1.339,0.967,3.09,0.323,1.481,-0.141,0,0.0
sensor_flow_10,19,8.247,1.374,11.382,0.8,7.698,0.549,0,0.0
sensor_flow_10,7,6.305,1.072,8.149,0.542,6.203,0.102,0,0.0
sensor_flow_10,1,0.142,1.314,3.256,0.04,0.371,-0.228,0,0.0
sensor_flow_10,2,0.053,0.598,1.057,0.0,0.142,-0.089,0,0.0
sensor_flow_10,6,10.312,0.434,11.579,0.948,5.923,4.389,1,1.0
sensor_flow_10,1,0.392,0.514,1.902,0.0,0.437,-0.045,0,0.0
sensor_flow_10,22,0.188,0.478,1.036,0.0,0.252,-0.064,0,0.0
sensor_flow_10,1,1.353,0.583,2.776,0.0,0.397,0.956,0,0.0
sensor_flow_10,11,1.867,0.386,2.745,0.226,2.162,-0.295,0,0.0
sensor_flow_10,4,0.475,1.127,3.629,0.086,0.16,0.316,0,0.0
sensor_flow_10,9,10.417,0.126,10.727,0.864,7.206,3.212,1,1.0
sensor_flow_10,18,3.315,0.907,5.319,0.415,4.667,-1.352,0,0.0
sensor_flow_10,22,0.0,1.072,3.131,0.0,0.051,-0.051,0,0.0
sensor_flow_10,3,0.0,1.203,2.316,0.033,0.07,-0.07,0,0.0
sensor_flow_10,9,9.392,1.225,12.858,0.954,8.727,0.665,0,0.0
sensor_flow_10,23,0.749,0.667,2.653,0.037,0.433,0.316,0,0.0
sensor_flow_10,22,9.68,0.575,10.583,0.941,0.491,9.19,1,1.0
sensor_flow_10,16,1.727,0.72,3.674,0.186,2.008,-0.281,0,0.0
sensor_flow_10,0,0.964,1.427,4.391,0.306,0.472,0.493,0,0.0
sensor_flow_10,10,13.0,0.105,13.315,0.896,1.911,11.089,1,1.0
sensor_flow_10,0,1.214,0.361,2.19,0.117,0.398,0.817,0,0.0
sensor_flow_10,21,5.042,0.958,6.509,0.731,5.75,-0.708,0,0.0
sensor_flow_10,21,5.917,0.712,7.288,0.555,5.954,-0.036,0,0.0
sensor_flow_10,2,0.0,1.249,3.063,0.0,0.142,-0.142,0,0.0
sensor_flow_10,14,2.323,0.453,3.621,0.239,2.398,-0.075,0,0.0
sensor_flow_10,7,6.41,1.189,8.411,0.818,7.508,-1.098,0,0.0
sensor_flow_10,14,0.284,0.49,1.12,0.097,1.449,-1.165,0,0.0
sensor_flow_10,6,6.244,0.464,7.302,0.712,5.844,0.4,0,0.0
sensor_flow_10,4,0.0,1.479,3.191,0.185,0.373,-0.373,0,0.0
sensor_flow_10,11,1.315,0.685,2.745,0.207,1.015,0.301,0,0.0
sensor_flow_10,7,5.542,0.636,7.189,0.915,6.321,-0.779,0,0.0
sensor_flow_10,20,8.51,1.262,10.449,1.0,8.538,-0.028,0,0.0
sensor_flow_10,5,0.959,1.312,4.382,0.0,0.481,0.478,0,0.0
sensor_flow_10,10,3.62,1.371,7.604,0.196,2.637,0.983,0,0.0
sensor_flow_10,22,0.0,0.923,1.911,0.032,0.16,-0.16,0,0.0
sensor_flow_10,6,4.535,1.077,7.567,0.811,4.469,0.066,0,0.0
sensor_flow_10,21,6.079,0.888,8.188,0.501,6.012,0.066,0,0.0
sensor_flow_10,11,2.517,0.371,3.606,0.358,2.567,-0.049,0,0.0
sensor_flow_10,10,10.328,0.173,10.596,0.92,1.896,8.433,1,1.0
sensor_flow_10,10,1.828,0.605,3.318,0.271,2.749,-0.921,0,0.0
sensor_flow_10,10,2.686,0.385,3.601,0.153,2.497,0.189,0,0.0
sensor_flow_10,3,0.656,1.477,2.95,0.0,0.378,0.277,0,0.0
sensor_flow_10,17,0.588,0.306,1.312,0.349,1.627,-1.039,0,0.0
sensor_flow_10,9,7.564,1.258,10.429,0.693,8.146,-0.582,0,0.0
sensor_flow_10,21,8.891,0.479,10.098,0.868,8.583,0.308,0,0.0
sensor_flow_10,18,5.899,0.771,7.087,0.717,5.647,0.252,0,0.0
sensor_flow_10,7,5.07,0.822,7.386,0.401,5.083,-0.013,0,0.0
sensor_flow_10,14,2.195,0.666,3.631,0.346,2.278,-0.083,0,0.0
sensor_flow_10,11,3.37,0.942,5.432,0.0,2.142,1.227,0,0.0
sensor_flow_10,11,3.298,0.466,4.63,0.341,1.66,1.638,0,0.0
sensor_flow_10,18,5.975,0.365,6.936,0.114,5.392,0.583,0,0.0
sensor_flow_10,4,0.698,1.07,3.877,0.0,0.014,0.684,0,0.0
sensor_flow_10,15,2.565,1.009,5.283,0.202,2.657,-0.091,0,0.0
sensor_flow_10,7,8.658,0.78,10.651,1.0,8.995,-0.337,0,0.0
sensor_flow_10,21,8.621,0.783,10.544,1.0,8.67,-0.049,0,0.0
sensor_flow_10,7,4.338,1.144,7.304,0.699,4.758,-0.42,0,0.0
sensor_flow_10,12,0.468,1.171,3.148,0.24,1.519,-1.051,0,0.0
sensor_flow_10,7,4.192,1.255,7.548,0.617,4.138,0.054,0,0.0
sensor_flow_10,20,6.903,0.322,7.519,0.748,6.59,0.313,0,0.0
sensor_flow_10,19,13.59,0.443,14.599,0.855,8.035,5.555,1,1.0
sensor_flow_10,7,4.344,1.03,7.01,0.699,4.427,-0.083,0,0.0
sensor_flow_10,0,4.15,0.197,4.483,0.882,0.285,3.865,1,1.0
sensor_flow_10,7,4.333,1.047,5.99,0.431,4.591,-0.258,0,0.0
sensor_flow_10,11,0.81,0.789,2.899,0.0,1.108,-0.298,0,0.0
sensor_flow_10,23,1.696,0.987,3.734,0.209,0.439,1.257,0,0.0
sensor_flow_10,11,2.067,0.391,2.931,0.0,1.504,0.563,0,0.0
sensor_flow_10,14,12.182,0.123,12.444,0.887,1.076,11.106,1,1.0
sensor_flow_10,4,0.581,0.542,1.946,0.059,0.405,0.176,0,0.0
sensor_flow_10,0,0.45,0.599,1.966,0.0,0.262,0.188,0,0.0
sensor_flow_10,8,7.393,0.983,9.901,1.0,7.425,-0.032,0,0.0
sensor_flow_10,9,19.16,0.571,20.111,0.95,8.096,11.064,1,1.0
sensor_flow_10,23,0.0,1.17,2.546,0.107,0.178,-0.178,0,0.0
sensor_flow_10,15,0.723,0.873,2.53,0.0,1.777,-1.054,0,0.0
sensor_flow_10,11,3.243,0.815,4.832,0.235,2.552,0.691,0,0.0
sensor_flow_10,1,0.0,0.44,0.721,0.032,0.117,-0.117,0,0.0
sensor_flow_10,3,3.891,0.465,4.834,0.911,0.291,3.6,1,1.0
sensor_flow_10,9,18.169,0.488,19.243,0.908,7.432,10.737,1,1.0
sensor_flow_10,9,16.969,0.251,17.716,0.967,7.926,9.042,1,1.0
sensor_flow_10,9,4.956,0.961,7.239,0.511,5.395,-0.439,0,0.0
sensor_flow_10,13,3.975,0.58,5.396,0.159,2.888,1.087,0,0.0
sensor_flow_10,17,2.738,0.506,3.86,0.056,2.25,0.488,0,0.0
sensor_flow_10,14,8.072,0.269,8.82,0.995,1.361,6.711,1,1.0
sensor_flow_10,7,5.379,1.411,7.927,0.778,4.917,0.461,0,0.0
sensor_flow_10,14,2.117,0.977,4.7,0.176,2.935,-0.818,0,0.0
sensor_flow_10,4,1.012,0.982,3.683,0.217,0.237,0.775,0,0.0
sensor_flow_10,2,0.0,1.004,2.126,0.024,0.121,-0.121,0,0.0
sensor_flow_10,22,1.162,0.343,1.927,0.241,0.498,0.664,0,0.0
sensor_flow_10,11,2.904,0.638,4.0,0.315,2.714,0.19,0,0.0
sensor_flow_10,15,1.539,1.331,3.687,0.344,1.611,-0.072,0,0.0
sensor_flow_10,5,5.525,0.151,5.913,0.949,0.043,5.482,1,1.0
sensor_flow_10,17,1.639,1.227,4.756,0.0,2.279,-0.639,0,0.0
sensor_flow_10,17,1.167,1.274,4.959,0.143,2.049,-0.883,0,0.0
sensor_flow_10,8,9.239,0.502,10.562,0.945,5.24,3.999,1,1.0
sensor_flow_10,10,1.087,0.611,2.41,0.148,1.453,-0.366,0,0.0
sensor_flow_10,21,7.535,0.882,9.318,0.965,6.977,0.559,0,0.0
sensor_flow_10,21,9.312,0.391,10.104,0.879,8.646,0.666,0,0.0
sensor_flow_10,17,1.208,0.658,2.321,0.005,1.252,-0.044,0,0.0
sensor_flow_10,22,0.0,1.224,3.162,0.08,0.159,-0.159,0,0.0
sensor_flow_10,16,2.849,1.026,5.494,0.21,1.851,0.998,0,0.0
sensor_flow_10,14,1.399,0.783,2.942,0.2,1.495,-0.096,0,0.0
sensor_flow_10,16,2.718,1.19,5.976,0.089,2.266,0.452,0,0.0
sensor_flow_10,5,0.969,0.741,2.725,0.0,0.409,0.56,0,0.0
sensor_flow_10,16,0.0,0.615,1.699,0.189,1.108,-1.108,0,0.0
sensor_flow_10,3,0.301,0.623,1.783,0.032,0.289,0.012,0,0.0
sensor_flow_10,1,1.39,0.842,3.4,0.265,0.397,0.993,0,0.0
sensor_flow_10,1,4.179,0.494,5.22,0.865,0.498,3.681,1,1.0
sensor_flow_10,3,0.0,0.601,1.341,0.0,0.464,-0.464,0,0.0
sensor_flow_10,2,1.842,1.259,4.862,0.0,0.079,1.762,0,0.0
sensor_flow_10,2,1.815,0.449,2.99,0.132,0.253,1.562,0,0.0
sensor_flow_10,19,6.514,0.736,7.619,0.877,6.901,-0.387,0,0.0
sensor_flow_10,6,7.577,0.825,9.898,0.86,7.432,0.145,0,0.0
sensor_flow_10,0,0.0,0.342,1.01,0.0,0.157,-0.157,0,0.0
sensor_flow_10,13,0.614,0.393,1.465,0.085,1.444,-0.83,0,0.0
sensor_flow_10,11,6.408,0.276,7.209,0.922,2.271,4.137,1,1.0
sensor_flow_10,19,8.465,0.411,9.136,1.0,8.11,0.355,0,0.0
sensor_flow_10,17,2.934,1.403,6.308,0.105,1.51,1.424,0,0.0
sensor_flow_10,2,0.0,1.068,2.046,0.0,0.063,-0.063,0,0.0
sensor_flow_10,3,0.268,1.171,3.342,0.175,0.259,0.009,0,0.0
sensor_flow_10,7,4.975,1.222,7.049,0.673,6.208,-1.233,0,0.0
sensor_flow_10,3,0.084,1.166,2.75,0.0,0.016,0.068,0,0.0
sensor_flow_10,2,0.0,1.392,2.286,0.192,0.03,-0.03,0,0.0
sensor_flow_10,9,7.944,0.646,9.67,0.891,7.058,0.887,0,0.0
sensor_flow_10,0,0.067,0.99,2.965,0.058,0.152,-0.085,0,0.0
sensor_flow_10,9,4.429,0.789,6.767,0.578,4.107,0.321,0,0.0
sensor_flow_10,6,7.228,0.663,8.722,0.892,7.502,-0.273,0,0.0
sensor_flow_10,22,0.0,1.188,2.721,0.11,0.054,-0.054,0,0.0
sensor_flow_10,7,6.665,1.012,8.657,0.778,7.374,-0.709,0,0.0
sensor_flow_10,1,0.055,0.506,1.327,0.103,0.023,0.032,0,0.0
sensor_flow_10,9,16.341,0.414,16.981,0.88,8.014,8.327,1,1.0
sensor_flow_10,13,10.082,0.288,10.639,0.862,1.88,8.202,1,1.0
sensor_flow_10,20,5.292,0.428,6.403,0.619,5.634,-0.342,0,0.0
sensor_flow_10,23,11.533,0.195,12.026,0.896,0.032,11.502,1,1.0
sensor_flow_10,12,2.641,1.491,6.726,0.366,2.584,0.058,0,0.0
sensor_flow_10,16,3.028,1.024,5.274,0.121,2.874,0.154,0,0.0
sensor_flow_10,6,3.383,0.61,5.019,0.226,4.174,-0.79,0,0.0
sensor_flow_10,15,2.993,0.914,5.311,0.424,2.069,0.924,0,0.0
sensor_flow_10,9,5.699,0.775,7.892,0.545,6.246,-0.547,0,0.0
sensor_flow_10,5,0.0,0.605,1.39,0.0,0.062,-0.062,0,0.0
sensor_flow_10,11,0.993,1.485,5.411,0.1,1.352,-0.359,0,0.0
sensor_flow_10,17,0.0,1.175,3.022,0.177,1.306,-1.306,0,0.0
sensor_flow_10,18,8.493,1.374,10.824,0.918,8.297,0.196,0,0.0
sensor_flow_10,10,2.018,1.443,4.749,0.349,2.071,-0.053,0,0.0
sensor_flow_10,7,3.318,0.532,4.485,0.423,4.733,-1.415,0,0.0
sensor_flow_10,19,7.532,0.798,9.185,0.573,6.893,0.638,0,0.0
sensor_flow_10,9,8.156,1.109,9.884,1.0,8.988,-0.833,0,0.0
sensor_flow_10,5,2.182,0.326,2.761,0.0,0.483,1.699,0,0.0
sensor_flow_10,12,1.676,0.749,3.155,0.483,2.669,-0.993,0,0.0
sensor_flow_10,12,1.973,1.319,5.785,0.327,2.118,-0.146,0,0.0
sensor_flow_10,3,0.319,0.387,1.222,0.0,0.164,0.155,0,0.0
sensor_flow_10,8,8.114,0.389,9.24,1.0,7.927,0.187,0,0.0
sensor_flow_10,10,1.612,0.317,2.401,0.279,2.106,-0.494,0,0.0
sensor_flow_10,13,7.455,0.593,8.955,0.991,1.818,5.637,1,1.0
sensor_flow_10,0,0.0,0.706,1.609,0.091,0.183,-0.183,0,0.0
sensor_flow_10,21,4.71,0.759,6.224,0.591,4.455,0.255,0,0.0
sensor_flow_10,11,3.529,0.382,4.512,0.137,2.199,1.331,0,0.0
sensor_flow_10,4,0.0,0.901,1.693,0.042,0.08,-0.08,0,0.0
sensor_flow_10,21,7.624,1.177,10.064,1.0,8.194,-0.57,0,0.0
sensor_flow_10,6,6.176,0.581,7.745,0.729,5.461,0.715,0,0.0
sensor_flow_10,21,6.078,1.125,8.117,1.0,7.074,-0.996,0,0.0
sensor_flow_10,5,6.985,0.385,7.595,0.94,0.161,6.824,1,1.0
sensor_flow_10,17,1.789,0.35,2.652,0.104,1.907,-0.118,0,0.0
sensor_flow_10,11,4.791,1.117,6.747,0.308,2.918,1.873,0,0.0
sensor_flow_10,3,0.161,0.99,1.896,0.0,0.194,-0.033,0,0.0
sensor_flow_10,18,13.295,0.228,13.834,0.963,8.587,4.708,1,1.0
sensor_flow_10,12,3.927,0.535,5.027,0.155,2.007,1.92,0,0.0
sensor_flow_10,13,1.338,0.874,2.693,0.0,1.513,-0.175,0,0.0
sensor_flow_10,3,0.0,0.888,1.385,0.12,0.032,-0.032,0,0.0
sensor_flow_10,23,0.532,1.425,4.325,0.12,0.003,0.529,0,0.0
sensor_flow_10,23,1.525,1.338,5.449,0.089,0.166,1.359,0,0.0
sensor_flow_10,14,2.922,0.414,3.798,0.483,2.775,0.147,0,0.0
sensor_flow_10,12,1.861,0.99,4.12,0.441,2.2,-0.339,0,0.0
sensor_flow_10,14,1.679,0.921,3.576,0.159,1.888,-0.209,0,0.0
sensor_flow_10,14,2.849,1.429,6.963,0.334,2.68,0.169,0,0.0
sensor_flow_10,20,6.23,0.755,7.485,0.578,6.524,-0.294,0,0.0
sensor_flow_10,22,0.62,1.151,3.899,0.0,0.108,0.512,0,0.0
sensor_flow_10,18,7.175,1.17,9.15,0.716,7.41,-0.235,0,0.0
sensor_flow_10,21,16.822,0.333,17.559,0.986,5.131,11.691,1,1.0
sensor_flow_10,2,0.0,1.137,3.049,0.0,0.161,-0.161,0,0.0
sensor_flow_10,16,2.018,0.463,2.719,0.296,2.655,-0.638,0,0.0
sensor_flow_10,18,9.455,0.916,11.82,1.0,8.765,0.69,0,0.0
sensor_flow_10,18,5.415,0.748,6.572,0.689,5.496,-0.082,0,0.0
sensor_flow_10,20,4.078,1.245,6.386,0.546,5.076,-0.998,0,0.0
sensor_flow_10,16,2.494,0.814,4.92,0.374,2.585,-0.091,0,0.0
sensor_flow_10,11,3.475,1.025,6.233,0.577,2.78,0.695,0,0.0
sensor_flow_10,19,7.505,0.429,8.758,0.94,8.269,-0.764,0,0.0
sensor_flow_10,20,5.816,0.305,6.718,0.466,4.919,0.896,0,0.0
sensor_flow_10,16,2.454,0.895,5.061,0.137,2.839,-0.385,0,0.0
sensor_flow_10,20,14.942,0.399,16.076,0.949,8.234,6.708,1,1.0
sensor_flow_10,18,15.874,0.353,16.875,0.931,4.835,11.039,1,1.0
sensor_flow_10,6,7.1,0.84,9.086,0.684,7.654,-0.554,0,0.0
sensor_flow_10,17,1.671,0.9,4.235,0.35,1.053,0.619,0,0.0
sensor_flow_10,16,1.326,0.754,2.691,0.212,1.979,-0.653,0,0.0
sensor_flow_10,8,3.858,0.943,6.236,0.579,4.825,-0.967,0,0.0
sensor_flow_10,22,1.766,0.643,3.142,0.028,0.455,1.311,0,0.0
sensor_flow_10,1,7.604,0.496,8.768,0.932,0.475,7.129,1,1.0
sensor_flow_10,13,13.082,0.117,13.282,0.97,1.751,11.331,1,1.0
sensor_flow_10,21,5.524,0.344,6.184,0.483,4.103,1.42,0,0.0
sensor_flow_10,13,0.689,0.673,1.743,0.0,1.185,-0.496,0,0.0
sensor_flow_10,2,0.611,0.565,2.035,0.103,0.179,0.431,0,0.0
sensor_flow_10,23,0.187,1.327,2.368,0.0,0.391,-0.204,0,0.0
sensor_flow_10,7,8.143,0.725,9.958,0.884,7.492,0.652,0,0.0
sensor_flow_10,4,0.662,0.383,1.538,0.0,0.252,0.41,0,0.0
sensor_flow_10,12,1.37,1.004,4.133,0.361,2.461,-1.091,0,0.0
sensor_flow_10,20,8.487,0.542,9.735,0.884,8.232,0.255,0,0.0
sensor_flow_10,21,6.985,0.494,7.831,0.753,6.427,0.558,0,0.0
sensor_flow_10,8,11.643,0.401,12.299,0.941,4.584,7.059,1,1.0
sensor_flow_10,9,8.414,1.366,11.513,1.0,8.858,-0.444,0,0.0
sensor_flow_10,15,2.518,0.78,4.775,0.197,2.656,-0.138,0,0.0
sensor_flow_10,6,6.906,0.533,8.229,0.804,7.687,-0.781,0,0.0
sensor_flow_10,2,0.025,1.204,2.132,0.066,0.13,-0.105,0,0.0
sensor_flow_10,11,2.639,1.415,4.952,0.404,2.641,-0.002,0,0.0
sensor_flow_10,17,1.826,0.308,2.671,0.0,1.318,0.509,0,0.0
sensor_flow_10,23,0.648,0.69,2.711,0.0,0.259,0.389,0,0.0
sensor_flow_10,20,5.981,1.021,8.152,0.898,6.77,-0.789,0,0.0
sensor_flow_10,18,5.133,0.778,7.36,0.362,4.917,0.217,0,0.0
sensor_flow_10,6,7.634,0.748,9.122,0.842,7.782,-0.148,0,0.0
sensor_flow_10,8,16.852,0.355,17.499,0.982,8.72,8.132,1,1.0
sensor_flow_10,8,7.171,0.426,8.215,1.0,8.232,-1.061,0,0.0
sensor_flow_10,2,0.0,0.842,2.113,0.0,0.346,-0.346,0,0.0
sensor_flow_10,14,1.91,0.815,4.246,0.146,1.094,0.816,0,0.0
sensor_flow_10,15,1.328,1.49,4.454,0.332,1.341,-0.013,0,0.0
sensor_flow_10,11,2.746,1.073,4.371,0.306,2.323,0.423,0,0.0
sensor_flow_10,22,0.0,0.97,1.944,0.177,0.224,-0.224,0,0.0
sensor_flow_10,23,0.007,0.41,0.762,0.313,0.33,-0.322,0,0.0
sensor_flow_10,23,0.911,1.33,3.055,0.0,0.448,0.463,0,0.0
sensor_flow_10,1,1.318,1.166,4.153,0.003,0.428,0.889,0,0.0
sensor_flow_10,20,7.341,1.279,10.615,1.0,7.506,-0.165,0,0.0
sensor_flow_10,22,0.0,0.519,0.912,0.0,0.498,-0.498,0,0.0
sensor_flow_10,10,9.21,0.539,10.484,0.868,2.557,6.653,1,1.0
sensor_flow_10,6,4.45,1.119,7.718,0.524,4.358,0.092,0,0.0
sensor_flow_10,22,0.608,0.456,1.79,0.067,0.346,0.263,0,0.0
sensor_flow_10,7,7.575,1.062,10.565,0.788,7.19,0.385,0,0.0
sensor_flow_10,16,3.832,0.305,4.388,0.276,2.085,1.747,0,0.0
sensor_flow_10,4,0.772,1.223,4.415,0.0,0.14,0.632,0,0.0
sensor_flow_10,13,1.742,1.124,3.825,0.43,2.542,-0.8,0,0.0
sensor_flow_10,14,9.453,0.424,10.324,0.896,2.41,7.043,1,1.0
sensor_flow_10,0,0.0,1.2,1.934,0.01,0.434,-0.434,0,0.0
sensor_flow_10,20,7.872,1.236,10.475,0.825,8.622,-0.75,0,0.0
sensor_flow_10,11,3.28,0.742,4.476,0.194,2.725,0.555,0,0.0
sensor_flow_10,4,5.392,0.345,5.966,0.887,0.09,5.302,1,1.0
sensor_flow_10,8,7.054,1.452,10.98,0.468,6.258,0.796,0,0.0
sensor_flow_10,5,6.937,0.513,8.106,0.984,0.231,6.706,1,1.0
sensor_flow_10,4,0.012,0.865,1.948,0.336,0.143,-0.132,0,0.0
sensor_flow_10,7,14.727,0.348,15.418,0.913,6.595,8.132,1,1.0
sensor_flow_10,8,5.885,0.749,7.436,0.678,7.109,-1.224,0,0.0
sensor_flow_10,4,0.459,0.758,2.726,0.183,0.196,0.263,0,0.0
sensor_flow_10,12,3.234,1.408,6.221,0.155,2.111,1.123,0,0.0
sensor_flow_10,19,5.63,1.3,8.539,0.426,5.522,0.109,0,0.0
sensor_flow_10,17,11.339,0.278,11.944,0.905,2.753,8.585,1,1.0
sensor_flow_10,1,0.214,0.599,1.204,0.02,0.308,-0.095,0,0.0
sensor_flow_10,14,0.98,0.922,3.169,0.461,1.847,-0.867,0,0.0
sensor_flow_10,16,1.404,0.779,3.601,0.152,1.085,0.319,0,0.0
sensor_flow_10,11,3.305,1.349,5.611,0.384,2.598,0.707,0,0.0
sensor_flow_10,14,2.995,1.103,4.827,0.323,2.677,0.318,0,0.0
sensor_flow_10,12,2.029,0.7,3.094,0.104,1.555,0.474,0,0.0
sensor_flow_10,6,9.251,0.604,10.569,0.963,8.974,0.277,0,0.0
sensor_flow_10,12,2.762,0.763,4.196,0.444,2.724,0.038,0,0.0
sensor_flow_10,3,0.0,1.316,3.76,0.014,0.143,-0.143,0,0.0
sensor_flow_10,10,3.078,1.295,5.042,0.29,2.071,1.007,0,0.0
sensor_flow_10,17,3.408,1.343,7.15,0.503,2.877,0.532,0,0.0
sensor_flow_10,9,15.137,0.51,16.035,0.918,5.887,9.25,1,1.0
sensor_flow_10,6,8.23,0.742,9.559,0.9,7.691,0.539,0,0.0
sensor_flow_10,14,10.071,0.53,11.471,0.929,2.692,7.379,1,1.0
sensor_flow_10,11,1.999,1.072,3.841,0.0,1.891,0.108,0,0.0
sensor_flow_10,5,0.724,0.883,2.187,0.044,0.421,0.303,0,0.0
sensor_flow_10,20,6.774,1.499,10.703,0.758,6.723,0.051,0,0.0
sensor_flow_10,22,0.498,0.73,1.629,0.0,0.481,0.017,0,0.0
sensor_flow_10,7,7.929,1.314,10.003,0.881,7.897,0.031,0,0.0
sensor_flow_10,4,5.729,0.365,6.335,0.986,0.366,5.363,1,1.0
sensor_flow_10,21,7.404,0.863,9.497,0.873,6.885,0.52,0,0.0
sensor_flow_10,8,5.502,1.144,7.67,0.668,5.02,0.482,0,0.0
sensor_flow_10,7,8.721,1.478,12.283,0.823,8.543,0.177,0,0.0
sensor_flow_10,22,0.0,1.247,2.723,0.0,0.127,-0.127,0,0.0
sensor_flow_10,20,5.188,0.901,6.707,0.841,4.337,0.851,0,0.0
sensor_flow_10,19,6.799,1.095,8.932,0.671,7.044,-0.245,0,0.0
sensor_flow_10,22,0.705,0.363,1.537,0.051,0.47,0.236,0,0.0
sensor_flow_10,4,0.512,1.357,3.307,0.0,0.095,0.417,0,0.0
sensor_flow_10,7,4.872,0.857,7.097,0.456,5.886,-1.015,0,0.0
sensor_flow_10,3,0.411,0.998,2.16,0.07,0.046,0.365,0,0.0
sensor_flow_10,7,8.175,0.452,9.391,0.921,8.022,0.153,0,0.0
sensor_flow_10,21,5.484,0.831,7.668,0.845,4.683,0.801,0,0.0
sensor_flow_10,0,1.057,0.43,1.938,0.099,0.266,0.791,0,0.0
sensor_flow_10,6,6.183,0.965,7.936,0.509,5.594,0.589,0,0.0
sensor_flow_10,7,8.949,1.274,11.151,1.0,8.645,0.304,0,0.0
sensor_flow_10,13,5.918,0.29,6.556,0.91,2.462,3.456,1,1.0
sensor_flow_10,10,1.329,0.679,2.783,0.022,2.138,-0.809,0,0.0
sensor_flow_10,17,1.164,0.875,3.337,0.379,1.445,-0.281,0,0.0
sensor_flow_10,7,6.883,0.408,8.011,0.637,7.05,-0.167,0,0.0
sensor_flow_10,4,0.46,1.085,3.566,0.0,0.452,0.007,0,0.0
sensor_flow_10,17,0.247,0.722,1.509,0.362,1.295,-1.048,0,0.0
sensor_flow_10,16,1.891,1.215,4.247,0.301,1.609,0.282,0,0.0
sensor_flow_10,17,1.775,1.198,4.321,0.282,1.007,0.769,0,0.0
sensor_flow_10,13,0.846,0.478,1.73,0.11,1.06,-0.214,0,0.0
sensor_flow_10,19,5.037,0.911,6.714,0.727,5.27,-0.233,0,0.0
sensor_flow_10,14,0.895,1.233,3.618,0.283,1.044,-0.149,0,0.0
sensor_flow_10,8,14.271,0.212,14.828,0.905,7.458,6.813,1,1.0
sensor_flow_10,14,1.07,1.408,4.984,0.314,1.727,-0.657,0,0.0
sensor_flow_10,7,8.529,0.99,11.257,0.687,7.658,0.871,0,0.0
sensor_flow_10,9,8.83,1.011,11.774,0.844,7.748,1.082,0,0.0
sensor_flow_10,7,8.926,0.75,10.989,0.9,8.35,0.576,0,0.0
sensor_flow_10,14,1.618,1.496,4.323,0.28,2.264,-0.646,0,0.0
sensor_flow_10,4,0.519,0.926,1.987,0.063,0.351,0.168,0,0.0
sensor_flow_10,15,0.776,1.214,3.507,0.149,1.69,-0.914,0,0.0
sensor_flow_10,4,0.574,1.418,3.314,0.0,0.001,0.573,0,0.0
sensor_flow_10,11,2.933,0.761,4.901,0.526,2.851,0.082,0,0.0
sensor_flow_10,4,1.399,1.395,5.494,0.15,0.461,0.938,0,0.0
sensor_flow_10,15,1.859,0.518,2.733,0.424,1.519,0.341,0,0.0
sensor_flow_10,5,1.795,1.494,4.752,0.083,0.454,1.341,0,0.0
sensor_flow_10,10,0.99,1.052,3.617,0.175,1.25,-0.26,0,0.0
sensor_flow_10,5,0.156,1.203,3.467,0.0,0.201,-0.045,0,0.0
sensor_flow_10,17,2.334,0.746,4.165,0.332,2.052,0.282,0,0.0
sensor_flow_10,16,13.713,0.563,14.643,0.887,2.609,11.105,1,1.0
sensor_flow_10,12,7.211,0.354,7.845,0.942,2.144,5.067,1,1.0
sensor_flow_10,16,1.13,1.415,3.324,0.156,1.363,-0.232,0,0.0
sensor_flow_10,22,4.041,0.138,4.337,0.974,0.363,3.678,1,1.0
sensor_flow_10,12,0.21,0.582,1.676,0.067,1.062,-0.852,0,0.0
sensor_flow_10,13,4.296,0.732,5.913,0.301,2.933,1.363,0,0.0
sensor_flow_10,6,7.485,0.928,9.615,0.805,8.037,-0.552,0,0.0
sensor_flow_10,1,0.0,1.497,2.947,0.0,0.051,-0.051,0,0.0
sensor_flow_10,1,0.103,0.942,2.292,0.0,0.424,-0.32,0,0.0
sensor_flow_10,11,3.084,0.346,4.108,0.171,2.38,0.704,0,0.0
sensor_flow_10,3,1.102,0.672,2.326,0.0,0.401,0.7,0,0.0
sensor_flow_10,11,9.189,0.409,9.909,0.947,1.318,7.871,1,1.0
sensor_flow_10,15,1.669,0.806,3.323,0.039,1.33,0.339,0,0.0
sensor_flow_10,15,2.227,0.781,4.131,0.43,2.442,-0.214,0,0.0
sensor_flow_11,18,7.949,1.444,11.607,0.846,7.864,0.084,0,0.0
sensor_flow_11,10,0.148,1.079,3.152,0.25,1.822,-1.674,0,0.0
sensor_flow_11,14,2.626,0.308,3.333,0.308,1.688,0.939,0,0.0
sensor_flow_11,7,6.01,1.315,9.54,0.447,6.229,-0.219,0,0.0
sensor_flow_11,0,0.0,0.41,0.795,0.008,0.24,-0.24,0,0.0
sensor_flow_11,1,0.0,0.565,1.055,0.194,0.137,-0.137,0,0.0
sensor_flow_11,0,2.065,0.975,4.767,0.191,0.303,1.762,0,0.0
sensor_flow_11,13,3.937,0.726,5.337,0.0,2.46,1.477,0,0.0
sensor_flow_11,6,16.193,0.152,16.488,0.875,6.752,9.441,1,1.0
sensor_flow_11,11,4.201,0.94,6.2,0.364,2.921,1.279,0,0.0
sensor_flow_11,22,0.322,1.216,3.947,0.273,0.395,-0.074,0,0.0
sensor_flow_11,23,0.0,0.95,1.541,0.134,0.3,-0.3,0,0.0
sensor_flow_11,3,0.0,0.994,1.715,0.0,0.418,-0.418,0,0.0
sensor_flow_11,13,11.157,0.558,12.781,0.976,1.189,9.967,1,1.0
sensor_flow_11,23,0.304,1.204,2.189,0.0,0.382,-0.077,0,0.0
sensor_flow_11,13,2.39,0.786,4.001,0.298,1.533,0.857,0,0.0
sensor_flow_11,0,0.0,1.167,2.315,0.146,0.385,-0.385,0,0.0
sensor_flow_11,7,3.821,1.322,6.201,0.544,4.077,-0.256,0,0.0
sensor_flow_11,18,5.316,1.064,7.348,0.679,6.086,-0.771,0,0.0
sensor_flow_11,8,8.672,0.562,10.134,1.0,8.41,0.262,0,0.0
sensor_flow_11,22,0.852,0.756,3.059,0.015,0.438,0.414,0,0.0
sensor_flow_11,8,5.579,0.422,6.815,0.69,5.29,0.289,0,0.0
sensor_flow_11,21,8.547,0.845,10.978,1.0,8.758,-0.211,0,0.0
sensor_flow_11,11,2.802,1.493,5.335,0.169,2.389,0.413,0,0.0
sensor_flow_11,16,1.925,1.452,4.404,0.142,1.497,0.428,0,0.0
sensor_flow_11,9,4.117,0.979,6.98,0.759,5.389,-1.272,0,0.0
sensor_flow_11,23,0.563,1.152,3.84,0.04,0.062,0.501,0,0.0
sensor_flow_11,6,6.199,0.422,7.003,0.528,5.096,1.102,0,0.0
sensor_flow_11,11,0.815,0.967,2.593,0.305,1.446,-0.631,0,0.0
sensor_flow_11,19,7.675,0.312,8.249,1.0,8.429,-0.755,0,0.0
sensor_flow_11,6,3.864,0.922,6.086,0.586,4.418,-0.554,0,0.0
sensor_flow_11,3,0.076,0.332,0.785,0.0,0.297,-0.222,0,0.0
sensor_flow_11,1,4.828,0.431,5.869,0.927,0.215,4.613,1,1.0
sensor_flow_11,9,5.474,1.036,7.755,0.174,4.647,0.827,0,0.0
sensor_flow_11,7,8.461,0.598,9.986,0.989,4.552,3.91,1,1.0
sensor_flow_11,18,16.626,0.195,17.163,0.891,6.238,10.388,1,1.0
sensor_flow_11,14,1.518,1.109,4.561,0.334,2.689,-1.171,0,0.0
sensor_flow_11,6,8.173,1.128,10.325,1.0,7.747,0.426,0,0.0
sensor_flow_11,3,8.769,0.351,9.363,0.972,0.455,8.314,1,1.0
sensor_flow_11,23,0.063,1.491,3.223,0.07,0.264,-0.201,0,0.0
sensor_flow_11,6,4.265,1.42,7.689,0.534,4.695,-0.43,0,0.0
sensor_flow_11,20,6.083,0.948,7.691,0.635,5.598,0.485,0,0.0
sensor_flow_11,16,3.591,0.794,5.891,0.291,2.282,1.309,0,0.0
sensor_flow_11,21,5.201,0.573,6.779,0.362,4.396,0.805,0,0.0
sensor_flow_11,9,3.888,0.949,5.338,0.595,4.571,-0.683,0,0.0
sensor_flow_11,0,11.891,0.208,12.412,0.953,0.189,11.702,1,1.0
sensor_flow_11,11,1.251,1.133,3.034,0.191,1.671,-0.42,0,0.0
sensor_flow_11,18,15.485,0.378,16.598,0.869,7.763,7.722,1,1.0
sensor_flow_11,22,10.087,0.521,11.069,0.864,0.112,9.975,1,1.0
sensor_flow_11,15,3.028,0.809,4.466,0.246,2.285,0.743,0,0.0
sensor_flow_11,4,11.812,0.127,12.173,0.857,0.035,11.777,1,1.0
sensor_flow_11,9,8.698,1.067,11.535,0.947,8.88,-0.182,0,0.0
sensor_flow_11,15,1.621,0.712,3.359,0.212,1.782,-0.16,0,0.0
sensor_flow_11,2,1.451,0.488,2.332,0.07,0.433,1.018,0,0.0
sensor_flow_11,21,6.379,0.659,7.98,0.378,6.186,0.193,0,0.0
sensor_flow_11,1,0.0,1.317,2.849,0.0,0.354,-0.354,0,0.0
sensor_flow_11,18,8.002,1.321,11.78,0.691,7.519,0.483,0,0.0
sensor_flow_11,13,3.023,0.864,5.477,0.165,2.073,0.95,0,0.0
sensor_flow_11,19,4.629,1.438,7.244,0.619,6.432,-1.803,0,0.0
sensor_flow_11,21,9.81,0.794,11.243,0.765,8.72,1.09,0,0.0
sensor_flow_11,7,6.441,0.392,7.301,0.729,6.757,-0.315,0,0.0
sensor_flow_11,6,5.51,0.722,7.274,0.508,4.967,0.542,0,0.0
sensor_flow_11,6,7.549,0.728,9.395,0.736,7.707,-0.157,0,0.0
sensor_flow_11,1,0.0,1.135,2.706,0.0,0.4,-0.4,0,0.0
sensor_flow_11,19,6.173,1.341,9.143,0.818,6.081,0.091,0,0.0
sensor_flow_11,10,6.277,0.241,6.879,0.868,1.428,4.849,1,1.0
sensor_flow_11,23,0.0,0.708,1.967,0.0,0.015,-0.015,0,0.0
sensor_flow_11,7,8.013,0.767,9.421,1.0,8.447,-0.433,0,0.0
sensor_flow_11,11,3.3,0.537,4.786,0.516,2.887,0.412,0,0.0
sensor_flow_11,4,4.006,0.161,4.376,0.951,0.448,3.558,1,1.0
sensor_flow_11,13,7.505,0.266,8.142,0.956,2.187,5.319,1,1.0
sensor_flow_11,17,2.698,0.564,3.574,0.038,2.894,-0.196,0,0.0
sensor_flow_11,4,0.0,1.237,3.394,0.0,0.1,-0.1,0,0.0
sensor_flow_11,7,7.893,1.485,11.186,0.948,7.657,0.236,0,0.0
sensor_flow_11,20,5.294,1.223,7.4,0.583,4.043,1.251,0,0.0
sensor_flow_11,13,0.944,0.657,2.622,0.174,1.526,-0.582,0,0.0
sensor_flow_11,5,7.771,0.225,8.406,0.934,0.031,7.74,1,1.0
sensor_flow_11,4,0.138,1.478,4.133,0.066,0.147,-0.008,0,0.0
sensor_flow_11,10,3.091,0.977,5.485,0.485,2.99,0.101,0,0.0
sensor_flow_11,20,8.724,1.131,10.995,1.0,7.845,0.879,0,0.0
sensor_flow_11,23,0.0,0.552,0.845,0.339,0.317,-0.317,0,0.0
sensor_flow_11,5,0.0,1.024,2.134,0.054,0.295,-0.295,0,0.0
sensor_flow_11,1,10.641,0.13,10.921,0.95,0.123,10.518,1,1.0
sensor_flow_11,17,1.443,0.557,2.756,0.099,1.087,0.357,0,0.0
sensor_flow_11,7,9.33,1.019,11.204,0.79,8.215,1.115,0,0.0
sensor_flow_11,10,0.862,0.819,2.14,0.325,1.52,-0.657,0,0.0
sensor_flow_11,1,0.0,1.044,1.69,0.438,0.077,-0.077,0,0.0
sensor_flow_11,9,8.947,0.637,10.573,1.0,7.919,1.029,0,0.0
sensor_flow_11,4,0.257,0.657,1.502,0.0,0.059,0.198,0,0.0
sensor_flow_11,21,4.947,0.416,6.165,0.701,5.175,-0.228,0,0.0
sensor_flow_11,20,7.13,0.564,8.561,0.921,4.115,3.015,1,1.0
sensor_flow_11,0,0.465,1.427,4.635,0.043,0.208,0.257,0,0.0
sensor_flow_11,1,0.332,1.041,2.676,0.0,0.439,-0.107,0,0.0
sensor_flow_11,11,1.592,0.482,2.84,0.306,1.34,0.252,0,0.0
sensor_flow_11,2,0.0,0.673,1.752,0.101,0.166,-0.166,0,0.0
sensor_flow_11,1,0.0,1.372,2.399,0.0,0.11,-0.11,0,0.0
sensor_flow_11,14,1.287,0.855,2.936,0.053,1.38,-0.093,0,0.0
sensor_flow_11,14,0.926,1.133,3.84,0.35,1.493,-0.568,0,0.0
sensor_flow_11,5,0.0,1.245,2.0,0.121,0.477,-0.477,0,0.0
sensor_flow_11,21,9.057,0.545,10.235,0.975,8.81,0.247,0,0.0
sensor_flow_11,18,5.987,0.937,7.759,0.739,5.137,0.85,0,0.0
sensor_flow_11,8,9.177,0.685,10.815,0.901,8.675,0.502,0,0.0
sensor_flow_11,22,6.491,0.296,7.231,0.905,0.483,6.008,1,1.0
sensor_flow_11,19,8.108,0.779,10.232,0.825,6.736,1.372,0,0.0
sensor_flow_11,8,6.93,1.172,9.189,0.868,8.297,-1.367,0,0.0
sensor_flow_11,19,13.99,0.373,14.66,0.87,4.992,8.998,1,1.0
sensor_flow_11,8,7.066,0.363,7.753,0.674,6.18,0.886,0,0.0
sensor_flow_11,15,5.613,0.184,6.111,0.959,1.579,4.034,1,1.0
sensor_flow_11,10,2.287,0.623,3.632,0.248,2.314,-0.026,0,0.0
sensor_flow_11,4,0.0,1.093,2.105,0.42,0.077,-0.077,0,0.0
sensor_flow_11,17,1.814,0.34,2.437,0.076,1.548,0.266,0,0.0
sensor_flow_11,20,3.81,1.182,6.516,0.331,4.664,-0.855,0,0.0
sensor_flow_11,19,6.977,1.314,10.775,0.807,6.389,0.588,0,0.0
sensor_flow_11,23,1.019,1.247,4.102,0.207,0.427,0.592,0,0.0
sensor_flow_11,4,0.0,1.356,3.495,0.049,0.375,-0.375,0,0.0
sensor_flow_11,19,5.632,0.93,7.948,0.75,6.828,-1.197,0,0.0
sensor_flow_11,8,7.634,1.068,10.391,0.871,7.118,0.516,0,0.0
sensor_flow_11,18,5.46,0.905,8.055,0.257,4.115,1.345,0,0.0
sensor_flow_11,1,0.0,1.322,2.261,0.039,0.041,-0.041,0,0.0
sensor_flow_11,20,7.064,1.432,9.33,1.0,6.986,0.078,0,0.0
sensor_flow_11,11,7.954,0.14,8.251,0.934,1.402,6.552,1,1.0
sensor_flow_11,1,0.0,0.8,2.019,0.364,0.299,-0.299,0,0.0
sensor_flow_11,14,3.017,0.798,4.876,0.164,2.557,0.46,0,0.0
sensor_flow_11,8,6.532,0.655,7.625,1.0,7.55,-1.017,0,0.0
sensor_flow_11,13,0.0,0.517,1.34,0.039,1.205,-1.205,0,0.0
sensor_flow_11,14,2.589,1.003,4.936,0.269,2.457,0.132,0,0.0
sensor_flow_11,17,2.107,0.711,4.096,0.135,2.75,-0.642,0,0.0
sensor_flow_11,5,0.181,1.232,2.673,0.138,0.082,0.099,0,0.0
sensor_flow_11,6,14.978,0.429,15.854,0.945,6.268,8.711,1,1.0
sensor_flow_11,21,5.818,0.56,7.339,0.738,7.393,-1.575,0,0.0
sensor_flow_11,19,5.25,0.689,6.786,0.605,4.135,1.115,0,0.0
sensor_flow_11,2,0.0,1.291,2.261,0.031,0.061,-0.061,0,0.0
sensor_flow_11,8,8.492,0.768,10.408,0.595,7.305,1.188,0,0.0
sensor_flow_11,18,7.365,0.644,8.632,0.715,7.728,-0.363,0,0.0
sensor_flow_11,17,1.641,0.827,3.188,0.188,1.4,0.241,0,0.0
sensor_flow_11,0,0.733,0.917,2.266,0.0,0.117,0.616,0,0.0
sensor_flow_11,1,0.0,0.495,1.221,0.05,0.116,-0.116,0,0.0
sensor_flow_11,9,7.255,1.454,10.164,0.911,7.864,-0.609,0,0.0
sensor_flow_11,23,0.872,0.815,2.3,0.038,0.274,0.598,0,0.0
sensor_flow_11,20,15.458,0.235,16.123,0.914,6.11,9.349,1,1.0
sensor_flow_11,11,1.671,0.366,2.351,0.175,1.005,0.666,0,0.0
sensor_flow_11,4,0.827,0.888,3.424,0.064,0.13,0.697,0,0.0
sensor_flow_11,1,0.0,0.399,0.936,0.171,0.212,-0.212,0,0.0
sensor_flow_11,18,5.366,1.375,8.615,0.585,5.747,-0.381,0,0.0
sensor_flow_11,16,1.665,0.433,2.5,0.206,2.066,-0.401,0,0.0
sensor_flow_11,15,1.512,1.031,4.075,0.031,1.438,0.074,0,0.0
sensor_flow_11,14,2.362,0.539,3.847,0.225,2.996,-0.633,0,0.0
sensor_flow_11,14,1.261,1.266,4.879,0.051,1.422,-0.161,0,0.0
sensor_flow_11,10,8.911,0.485,10.209,0.866,2.362,6.549,1,1.0
sensor_flow_11,12,1.249,0.394,1.989,0.056,1.617,-0.368,0,0.0
sensor_flow_11,23,0.597,0.742,1.742,0.059,0.259,0.338,0,0.0
sensor_flow_11,0,0.061,0.56,1.305,0.045,0.163,-0.101,0,0.0
sensor_flow_11,13,2.609,0.715,3.927,0.038,2.726,-0.117,0,0.0
sensor_flow_11,20,8.494,0.795,10.463,0.874,7.081,1.413,0,0.0
sensor_flow_11,7,15.121,0.291,15.775,0.991,4.467,10.654,1,1.0
sensor_flow_11,5,0.0,0.56,1.214,0.068,0.346,-0.346,0,0.0
sensor_flow_11,14,2.957,1.28,6.199,0.0,2.302,0.655,0,0.0
sensor_flow_11,3,6.909,0.557,8.096,0.864,0.02,6.889,1,1.0
sensor_flow_11,7,5.286,0.368,5.919,0.357,5.599,-0.313,0,0.0
sensor_flow_11,19,5.854,1.425,9.424,0.917,6.205,-0.351,0,0.0
sensor_flow_11,9,5.991,0.324,6.799,0.761,5.255,0.736,0,0.0
sensor_flow_11,8,3.648,0.51,4.437,0.535,4.104,-0.456,0,0.0
sensor_flow_11,12,0.943,0.452,2.112,0.098,1.452,-0.509,0,0.0
sensor_flow_11,2,0.813,1.245,3.496,0.35,0.327,0.487,0,0.0
sensor_flow_11,17,2.528,1.442,6.809,0.05,1.826,0.702,0,0.0
sensor_flow_11,1,0.235,0.69,2.171,0.111,0.377,-0.143,0,0.0
sensor_flow_11,16,2.473,0.563,3.389,0.204,2.418,0.054,0,0.0
sensor_flow_11,2,0.0,1.322,2.991,0.062,0.43,-0.43,0,0.0
sensor_flow_11,1,0.0,0.336,0.721,0.0,0.3,-0.3,0,0.0
sensor_flow_11,11,1.406,0.302,2.013,0.148,1.197,0.209,0,0.0
sensor_flow_11,1,3.871,0.32,4.642,0.962,0.09,3.781,1,1.0
sensor_flow_11,17,0.141,1.256,3.379,0.121,1.03,-0.889,0,0.0
sensor_flow_11,20,7.045,0.525,8.318,0.929,7.115,-0.07,0,0.0
sensor_flow_11,15,2.734,0.717,3.945,0.518,2.156,0.578,0,0.0
sensor_flow_11,8,4.929,1.336,7.601,0.605,4.363,0.566,0,0.0
sensor_flow_11,22,0.0,0.307,0.627,0.061,0.231,-0.231,0,0.0
sensor_flow_11,21,9.101,0.768,11.288,0.854,8.161,0.94,0,0.0
sensor_flow_11,6,7.72,0.36,8.35,0.748,8.338,-0.619,0,0.0
sensor_flow_11,12,1.822,1.242,5.114,0.253,1.521,0.302,0,0.0
sensor_flow_11,2,0.0,1.259,3.414,0.0,0.245,-0.245,0,0.0
sensor_flow_11,6,6.053,1.0,8.319,0.629,7.1,-1.047,0,0.0
sensor_flow_11,13,2.731,1.248,6.039,0.101,2.673,0.058,0,0.0
sensor_flow_11,6,5.377,1.017,8.206,0.819,6.119,-0.743,0,0.0
sensor_flow_11,5,0.211,1.115,3.315,0.052,0.414,-0.203,0,0.0
sensor_flow_11,17,10.375,0.259,11.097,0.956,2.45,7.926,1,1.0
sensor_flow_11,6,15.407,0.22,16.004,0.96,4.078,11.33,1,1.0
sensor_flow_11,2,0.0,1.152,3.453,0.0,0.016,-0.016,0,0.0
sensor_flow_11,17,0.66,1.446,3.365,0.348,1.417,-0.756,0,0.0
sensor_flow_11,13,11.539,0.405,12.561,0.966,2.75,8.789,1,1.0
sensor_flow_11,3,7.291,0.14,7.62,0.911,0.418,6.873,1,1.0
sensor_flow_11,6,9.041,1.139,12.384,1.0,8.624,0.417,0,0.0
sensor_flow_11,14,1.4,0.717,2.776,0.264,1.168,0.232,0,0.0
sensor_flow_11,7,13.843,0.397,14.836,0.944,7.889,5.954,1,1.0
sensor_flow_11,0,0.553,0.466,1.519,0.065,0.497,0.056,0,0.0
sensor_flow_11,15,0.937,1.255,3.813,0.381,2.022,-1.085,0,0.0
sensor_flow_11,21,3.466,0.944,5.612,0.29,5.173,-1.707,0,0.0
sensor_flow_11,3,0.0,0.931,1.75,0.054,0.016,-0.016,0,0.0
sensor_flow_11,1,10.106,0.132,10.355,0.892,0.369,9.738,1,1.0
sensor_flow_11,4,0.968,1.268,3.727,0.085,0.267,0.701,0,0.0
sensor_flow_11,21,7.777,1.39,11.773,0.874,7.29,0.487,0,0.0
sensor_flow_11,21,6.317,0.435,7.258,0.839,7.406,-1.09,0,0.0
sensor_flow_11,4,0.298,0.417,1.36,0.155,0.243,0.055,0,0.0
sensor_flow_11,5,1.375,0.514,2.715,0.174,0.166,1.208,0,0.0
sensor_flow_11,15,1.651,1.08,4.331,0.238,1.474,0.177,0,0.0
sensor_flow_11,0,11.939,0.447,12.854,0.865,0.173,11.766,1,1.0
sensor_flow_11,9,4.976,0.368,5.734,0.53,4.4,0.576,0,0.0
sensor_flow_11,3,0.0,0.876,1.612,0.0,0.065,-0.065,0,0.0
sensor_flow_11,5,0.0,0.417,1.249,0.164,0.159,-0.159,0,0.0
sensor_flow_11,11,2.304,1.256,4.238,0.358,1.11,1.194,0,0.0
sensor_flow_11,15,2.629,1.052,4.476,0.519,2.929,-0.3,0,0.0
sensor_flow_11,22,0.379,0.506,1.743,0.237,0.143,0.236,0,0.0
sensor_flow_11,3,4.17,0.368,5.073,0.942,0.49,3.68,1,1.0
sensor_flow_11,5,0.0,0.905,1.65,0.022,0.422,-0.422,0,0.0
sensor_flow_11,2,1.918,0.651,3.798,0.0,0.499,1.418,0,0.0
sensor_flow_11,8,5.086,1.338,8.796,0.868,6.735,-1.648,0,0.0
sensor_flow_11,19,8.076,0.531,9.049,0.924,8.503,-0.428,0,0.0
sensor_flow_11,9,17.72,0.101,17.873,0.871,6.533,11.187,1,1.0
sensor_flow_11,9,8.351,0.442,9.663,0.671,8.933,-0.581,0,0.0
sensor_flow_11,9,6.862,0.92,9.249,0.718,5.771,1.091,0,0.0
sensor_flow_11,13,0.671,1.19,3.867,0.407,1.384,-0.713,0,0.0
sensor_flow_11,5,0.565,1.151,3.258,0.086,0.458,0.106,0,0.0
sensor_flow_11,20,7.553,1.488,11.924,0.787,7.895,-0.342,0,0.0
sensor_flow_11,5,0.0,0.353,0.993,0.095,0.331,-0.331,0,0.0
sensor_flow_11,14,1.551,1.269,3.947,0.222,1.334,0.216,0,0.0
sensor_flow_11,14,1.176,0.627,2.12,0.288,2.095,-0.919,0,0.0
sensor_flow_11,16,1.938,1.333,5.718,0.66,2.433,-0.495,0,0.0
sensor_flow_11,6,8.404,1.276,11.224,1.0,7.875,0.53,0,0.0
sensor_flow_11,23,0.007,1.354,2.265,0.0,0.25,-0.243,0,0.0
sensor_flow_11,12,2.057,0.926,3.637,0.299,1.356,0.701,0,0.0
sensor_flow_11,23,0.0,1.466,3.092,0.162,0.289,-0.289,0,0.0
sensor_flow_11,12,1.761,1.329,4.094,0.099,1.313,0.447,0,0.0
sensor_flow_11,11,0.84,0.721,2.109,0.147,1.822,-0.982,0,0.0
sensor_flow_11,9,6.632,1.429,9.105,0.683,6.876,-0.243,0,0.0
sensor_flow_11,21,7.778,1.239,10.198,0.553,6.751,1.027,0,0.0
sensor_flow_11,16,2.191,0.643,4.065,0.123,2.701,-0.51,0,0.0
sensor_flow_11,20,14.801,0.298,15.692,0.885,7.681,7.12,1,1.0
sensor_flow_11,10,1.671,0.751,3.178,0.165,1.629,0.043,0,0.0
sensor_flow_11,3,0.644,1.345,3.811,0.0,0.204,0.44,0,0.0
sensor_flow_11,13,3.258,0.798,4.65,0.128,1.652,1.606,0,0.0
sensor_flow_11,15,0.768,0.8,2.983,0.111,1.082,-0.314,0,0.0
sensor_flow_11,2,0.0,1.435,3.201,0.0,0.327,-0.327,0,0.0
sensor_flow_11,6,4.079,0.467,5.26,0.58,4.38,-0.301,0,0.0
sensor_flow_11,7,4.643,0.786,6.237,0.614,5.374,-0.732,0,0.0
sensor_flow_11,3,1.169,0.31,2.025,0.193,0.254,0.915,0,0.0
sensor_flow_11,15,1.23,0.767,3.351,0.29,1.607,-0.377,0,0.0
sensor_flow_11,18,7.972,0.62,9.245,0.915,8.155,-0.183,0,0.0
sensor_flow_11,19,7.886,1.188,10.604,0.791,8.687,-0.801,0,0.0
sensor_flow_11,18,4.788,1.155,7.378,0.481,5.597,-0.809,0,0.0
sensor_flow_11,2,0.0,0.558,0.902,0.0,0.336,-0.336,0,0.0
sensor_flow_11,21,4.652,0.481,5.633,0.382,4.709,-0.057,0,0.0
sensor_flow_11,22,10.861,0.25,11.246,0.862,0.076,10.785,1,1.0
sensor_flow_11,20,7.015,1.039,9.774,0.914,8.498,-1.482,0,0.0
sensor_flow_11,21,7.122,0.876,8.7,1.0,7.205,-0.084,0,0.0
sensor_flow_11,21,4.269,1.288,7.365,0.625,4.801,-0.533,0,0.0
sensor_flow_11,17,2.012,0.859,3.788,0.392,2.186,-0.174,0,0.0
sensor_flow_11,1,1.059,0.908,3.065,0.126,0.317,0.743,0,0.0
sensor_flow_11,19,7.267,0.769,9.162,0.947,6.851,0.416,0,0.0
sensor_flow_11,13,2.58,1.076,5.039,0.175,2.592,-0.012,0,0.0
sensor_flow_11,8,6.752,0.493,7.568,0.98,7.956,-1.204,0,0.0
sensor_flow_11,7,5.43,0.34,6.131,0.742,5.301,0.128,0,0.0
sensor_flow_11,7,4.396,0.407,5.231,0.48,4.419,-0.023,0,0.0
sensor_flow_11,14,1.791,1.043,4.536,0.172,1.707,0.084,0,0.0
sensor_flow_11,4,0.0,0.974,2.616,0.0,0.35,-0.35,0,0.0
sensor_flow_11,0,0.0,1.471,2.278,0.203,0.258,-0.258,0,0.0
sensor_flow_11,4,0.082,1.233,3.557,0.0,0.126,-0.044,0,0.0
sensor_flow_11,17,2.368,0.906,4.451,0.267,2.303,0.066,0,0.0
sensor_flow_11,12,1.015,1.462,5.061,0.0,1.638,-0.623,0,0.0
sensor_flow_11,13,2.953,0.634,3.918,0.027,2.562,0.39,0,0.0
sensor_flow_11,18,5.093,0.449,5.965,0.555,6.689,-1.596,0,0.0
sensor_flow_11,19,8.785,1.142,10.639,0.997,8.46,0.325,0,0.0
sensor_flow_11,2,0.0,1.03,2.035,0.0,0.074,-0.074,0,0.0
sensor_flow_11,1,0.0,0.375,0.892,0.065,0.2,-0.2,0,0.0
sensor_flow_11,2,1.824,1.488,5.78,0.056,0.343,1.481,0,0.0
sensor_flow_11,6,7.293,0.821,9.235,0.598,7.205,0.088,0,0.0
sensor_flow_11,14,3.376,0.91,5.841,0.41,2.976,0.401,0,0.0
sensor_flow_11,8,18.003,0.555,19.394,0.981,7.186,10.818,1,1.0
sensor_flow_11,12,7.247,0.414,8.336,0.919,2.902,4.345,1,1.0
sensor_flow_11,0,9.102,0.529,10.021,0.978,0.317,8.785,1,1.0
sensor_flow_11,12,1.271,0.881,3.633,0.273,1.239,0.032,0,0.0
sensor_flow_11,8,9.343,0.858,11.383,0.928,7.957,1.386,0,0.0
sensor_flow_11,16,0.0,0.711,1.642,0.056,1.589,-1.589,0,0.0
sensor_flow_11,18,5.949,0.555,6.991,0.473,5.969,-0.02,0,0.0
sensor_flow_11,10,3.4,0.603,4.457,0.522,2.252,1.148,0,0.0
sensor_flow_11,16,1.941,1.3,4.668,0.322,1.438,0.504,0,0.0
sensor_flow_11,2,0.665,0.709,1.828,0.357,0.39,0.275,0,0.0
sensor_flow_11,21,15.327,0.384,16.146,0.859,6.717,8.61,1,1.0
sensor_flow_11,23,0.0,0.335,0.927,0.1,0.399,-0.399,0,0.0
sensor_flow_11,4,0.0,1.47,2.991,0.0,0.398,-0.398,0,0.0
sensor_flow_11,14,13.967,0.378,14.543,0.878,2.341,11.626,1,1.0
sensor_flow_11,18,5.942,0.954,7.999,0.658,6.761,-0.819,0,0.0
sensor_flow_11,20,5.21,0.515,6.71,0.572,5.479,-0.27,0,0.0
sensor_flow_11,23,0.0,1.088,1.666,0.0,0.012,-0.012,0,0.0
sensor_flow_11,21,8.708,0.711,9.848,0.521,8.422,0.286,0,0.0
sensor_flow_11,12,2.768,0.896,4.776,0.442,2.734,0.033,0,0.0
sensor_flow_11,18,6.818,0.554,8.471,0.478,6.373,0.445,0,0.0
sensor_flow_11,8,8.886,0.448,9.6,1.0,7.758,1.128,0,0.0
sensor_flow_11,9,3.966,0.505,5.347,0.346,4.282,-0.316,0,0.0
sensor_flow_11,17,8.735,0.374,9.464,0.962,2.128,6.607,1,1.0
sensor_flow_11,22,0.0,1.3,3.429,0.026,0.125,-0.125,0,0.0
sensor_flow_11,20,7.32,1.5,11.273,1.0,8.312,-0.991,0,0.0
sensor_flow_11,9,4.075,0.483,5.454,0.573,4.672,-0.597,0,0.0
sensor_flow_11,9,7.039,0.925,9.688,0.669,7.5,-0.461,0,0.0
sensor_flow_11,16,0.0,0.433,0.666,0.287,1.041,-1.041,0,0.0
sensor_flow_11,23,11.337,0.392,12.4,0.903,0.348,10.989,1,1.0
sensor_flow_11,0,0.779,1.235,3.331,0.0,0.377,0.402,0,0.0
sensor_flow_11,15,3.316,0.901,5.287,0.496,2.304,1.013,0,0.0
sensor_flow_11,10,2.57,0.637,4.272,0.605,1.937,0.633,0,0.0
sensor_flow_11,9,4.749,1.262,7.747,0.502,4.915,-0.166,0,0.0
sensor_flow_11,14,0.997,0.766,2.422,0.146,2.26,-1.262,0,0.0
sensor_flow_11,6,7.474,1.384,9.641,0.93,7.639,-0.165,0,0.0
sensor_flow_11,20,7.059,0.304,7.894,0.32,7.3,-0.241,0,0.0
sensor_flow_11,2,0.0,1.324,3.551,0.182,0.446,-0.446,0,0.0
sensor_flow_11,15,1.919,0.809,3.743,0.151,1.524,0.396,0,0.0
sensor_flow_11,22,1.429,0.58,2.515,0.306,0.308,1.12,0,0.0
sensor_flow_11,8,9.352,0.377,10.164,1.0,8.279,1.073,0,0.0
sensor_flow_11,12,2.925,0.706,4.846,0.147,2.603,0.322,0,0.0
sensor_flow_11,19,13.853,0.346,14.423,0.967,5.314,8.539,1,1.0
sensor_flow_11,21,7.067,0.49,7.937,0.737,6.977,0.09,0,0.0
sensor_flow_11,5,1.631,0.951,4.094,0.112,0.003,1.628,0,0.0
sensor_flow_11,13,2.046,0.896,3.939,0.186,2.737,-0.69,0,0.0
sensor_flow_11,7,3.368,0.787,5.67,0.649,4.206,-0.838,0,0.0
sensor_flow_11,20,4.302,1.456,7.089,0.591,4.779,-0.477,0,0.0
sensor_flow_11,7,4.208,0.509,4.98,0.589,4.572,-0.364,0,0.0
sensor_flow_11,23,0.565,1.289,3.531,0.07,0.287,0.278,0,0.0
sensor_flow_11,18,5.137,1.439,7.992,0.539,4.729,0.408,0,0.0
sensor_flow_11,16,1.852,0.962,4.346,0.0,1.443,0.408,0,0.0
sensor_flow_11,19,4.476,0.598,5.515,0.437,5.233,-0.757,0,0.0
sensor_flow_11,15,1.779,0.661,3.593,0.336,1.65,0.129,0,0.0
sensor_flow_11,21,9.313,0.278,10.042,0.925,5.637,3.676,1,1.0
sensor_flow_11,4,0.586,0.422,1.533,0.0,0.382,0.204,0,0.0
sensor_flow_11,20,7.931,0.911,10.647,0.898,6.989,0.941,0,0.0
sensor_flow_11,14,0.673,0.73,2.822,0.233,1.888,-1.215,0,0.0
sensor_flow_11,13,0.888,1.201,2.976,0.028,1.04,-0.152,0,0.0
sensor_flow_11,4,6.605,0.15,7.009,0.92,0.132,6.473,1,1.0
sensor_flow_11,23,0.891,0.589,1.783,0.267,0.448,0.442,0,0.0
sensor_flow_11,1,0.85,1.213,3.25,0.0,0.211,0.639,0,0.0
sensor_flow_11,16,2.63,1.317,5.746,0.347,2.666,-0.036,0,0.0
sensor_flow_11,1,7.857,0.583,8.967,0.966,0.392,7.466,1,1.0
sensor_flow_11,4,0.934,0.528,2.342,0.181,0.106,0.828,0,0.0
sensor_flow_11,14,1.935,1.498,5.416,0.484,2.788,-0.853,0,0.0
sensor_flow_11,6,9.177,1.467,13.123,0.892,8.688,0.489,0,0.0
sensor_flow_11,5,0.0,1.272,2.598,0.0,0.371,-0.371,0,0.0
sensor_flow_11,2,0.239,1.06,2.02,0.0,0.498,-0.259,0,0.0
sensor_flow_11,9,7.052,1.449,9.683,0.701,6.796,0.257,0,0.0
sensor_flow_11,5,0.0,0.313,0.594,0.016,0.245,-0.245,0,0.0
sensor_flow_11,16,3.609,0.54,4.471,0.264,2.939,0.671,0,0.0
sensor_flow_11,2,1.129,0.443,2.022,0.0,0.471,0.658,0,0.0
sensor_flow_11,17,1.931,0.754,3.068,0.215,2.266,-0.334,0,0.0
sensor_flow_11,15,0.971,1.442,4.567,0.14,1.501,-0.53,0,0.0
sensor_flow_11,13,2.783,0.694,4.342,0.472,1.904,0.879,0,0.0
sensor_flow_11,15,1.816,0.399,2.885,0.0,1.415,0.401,0,0.0
sensor_flow_11,21,8.647,1.081,10.334,1.0,8.76,-0.113,0,0.0
sensor_flow_11,23,0.0,1.077,2.871,0.0,0.098,-0.098,0,0.0
sensor_flow_11,1,0.0,1.173,2.312,0.0,0.057,-0.057,0,0.0
sensor_flow_11,4,8.183,0.138,8.476,0.989,0.248,7.935,1,1.0
sensor_flow_11,11,2.024,0.383,3.123,0.412,1.878,0.146,0,0.0
sensor_flow_11,1,0.0,0.442,1.282,0.0,0.007,-0.007,0,0.0
sensor_flow_11,10,2.68,1.001,4.61,0.37,2.726,-0.046,0,0.0
sensor_flow_11,6,7.632,1.386,11.674,0.824,8.523,-0.891,0,0.0
sensor_flow_11,4,0.0,0.789,2.008,0.212,0.052,-0.052,0,0.0
sensor_flow_11,4,0.0,1.052,1.989,0.0,0.141,-0.141,0,0.0
sensor_flow_11,14,1.911,1.036,3.677,0.227,1.229,0.682,0,0.0
sensor_flow_11,14,1.441,0.449,2.488,0.111,1.968,-0.527,0,0.0
sensor_flow_11,10,1.969,0.559,3.323,0.484,2.725,-0.756,0,0.0
sensor_flow_11,8,5.195,0.43,6.198,0.38,4.482,0.712,0,0.0
sensor_flow_11,13,12.91,0.571,14.14,0.889,1.66,11.251,1,1.0
sensor_flow_11,2,0.0,0.57,1.121,0.0,0.056,-0.056,0,0.0
sensor_flow_11,15,1.6,1.419,4.795,0.503,2.101,-0.501,0,0.0
sensor_flow_11,0,0.118,0.442,1.284,0.0,0.428,-0.31,0,0.0
sensor_flow_11,11,1.296,0.781,2.869,0.0,1.234,0.062,0,0.0
sensor_flow_11,23,0.494,0.722,2.448,0.0,0.383,0.112,0,0.0
sensor_flow_11,14,2.185,1.112,4.075,0.301,1.829,0.355,0,0.0
sensor_flow_11,8,16.589,0.568,17.732,0.994,8.949,7.64,1,1.0
sensor_flow_11,13,1.719,0.879,4.051,0.436,1.343,0.376,0,0.0
sensor_flow_11,18,8.733,0.443,9.872,0.758,8.46,0.273,0,0.0
sensor_flow_11,15,1.373,0.401,2.111,0.127,1.672,-0.3,0,0.0
sensor_flow_11,21,5.122,0.644,6.164,0.653,5.518,-0.395,0,0.0
sensor_flow_11,14,1.509,0.795,3.751,0.0,1.149,0.36,0,0.0
sensor_flow_11,19,8.378,1.185,10.288,0.774,8.383,-0.005,0,0.0
sensor_flow_11,5,0.0,0.535,1.202,0.118,0.48,-0.48,0,0.0
sensor_flow_11,8,2.614,0.756,4.25,0.196,4.205,-1.591,0,0.0
sensor_flow_11,22,0.297,1.122,3.33,0.043,0.033,0.264,0,0.0
sensor_flow_11,15,3.939,0.666,5.681,0.431,2.87,1.069,0,0.0
sensor_flow_11,14,2.539,0.321,3.035,0.097,2.444,0.095,0,0.0
sensor_flow_11,16,1.174,1.23,3.427,0.377,2.094,-0.92,0,0.0
sensor_flow_11,18,8.776,0.389,9.711,0.95,8.095,0.681,0,0.0
sensor_flow_11,2,0.0,1.171,2.1,0.0,0.293,-0.293,0,0.0
sensor_flow_11,5,4.531,0.262,5.252,0.854,0.043,4.488,1,1.0
sensor_flow_11,5,0.0,0.99,1.615,0.11,0.357,-0.357,0,0.0
sensor_flow_11,20,8.266,0.769,10.566,1.0,8.374,-0.108,0,0.0
sensor_flow_11,15,2.34,1.261,4.515,0.256,2.793,-0.453,0,0.0
sensor_flow_11,15,2.766,1.222,6.143,0.231,1.538,1.227,0,0.0
sensor_flow_11,5,0.0,0.703,1.784,0.007,0.186,-0.186,0,0.0
sensor_flow_11,15,1.003,0.542,2.521,0.412,1.86,-0.856,0,0.0
sensor_flow_11,10,2.869,0.381,3.467,0.268,1.863,1.006,0,0.0
sensor_flow_11,15,0.875,1.152,3.07,0.013,1.123,-0.248,0,0.0
sensor_flow_11,14,1.745,1.232,4.252,0.195,2.4,-0.655,0,0.0
sensor_flow_11,23,9.793,0.22,10.333,0.888,0.16,9.633,1,1.0
sensor_flow_11,16,1.566,0.933,3.829,0.334,1.815,-0.249,0,0.0
sensor_flow_11,17,2.934,1.277,6.649,0.47,2.314,0.62,0,0.0
